#0 building with "default" instance using docker driver

#1 [internal] load build definition from Dockerfile
#1 transferring dockerfile: 7.50kB done
#1 DONE 0.0s

#2 [internal] load metadata for docker.io/fred1653/sharelatex-base:latest
#2 DONE 0.0s

#3 [internal] load .dockerignore
#3 transferring context: 2B done
#3 DONE 0.0s

#4 [stage-0  1/38] FROM docker.io/fred1653/sharelatex-base:latest
#4 DONE 0.0s

#5 [stage-0  2/38] WORKDIR /overleaf
#5 CACHED

#6 [internal] load build context
#6 transferring context: 690.49kB 0.4s done
#6 DONE 0.4s

#7 [stage-0  3/38] COPY --parents libraries/*/package.json .yarn/patches/ services/*/package.json tools/migrations/ package.json yarn.lock .yarnrc.yml /overleaf/
#7 DONE 0.7s

#8 [stage-0  4/38] COPY server-ce/genScript.js server-ce/services.js /overleaf/
#8 DONE 0.0s

#9 [stage-0  5/38] RUN corepack enable && corepack install -g yarn@4.14.1
#9 0.461 Installing yarn@4.14.1...
#9 DONE 3.6s

#10 [stage-0  6/38] RUN yarn config set npmRegistryServer https://registry.npmmirror.com
#10 0.583 ➤ YN0000: Successfully set npmRegistryServer to 'https://registry.npmmirror.com'
#10 DONE 0.6s

#11 [stage-0  7/38] RUN git config --global url."https://github.com/".insteadOf "ssh://git@github.com/"  && git config --global url."https://github.com/".insteadOf "git@github.com:"  && git config --global url."https://github.com/".insteadOf "git+ssh://git@github.com/"
#11 DONE 0.4s

#12 [stage-0  8/38] RUN --mount=type=cache,target=/root/.cache     --mount=type=cache,target=/root/.npm,id=server-ce-npm-cache     --mount=type=cache,target=/root/.yarn/berry/cache,id=server-ce-yarn-cache     --mount=type=cache,target=/usr/local/share/.cache/yarn,id=server-ce-yarn-fallback-cache     --mount=type=tmpfs,target=/tmp     set -eux;     node genScript install > /tmp/install.sh;     echo "===== generated install script =====";     sed -n '1,240p' /tmp/install.sh;     sed -i 's#npm install --omit=dev#npm install --omit=dev --loglevel=verbose#g' /tmp/install.sh;     bash -x /tmp/install.sh;     rm -f /tmp/install.sh
#12 0.399 + node genScript install
#12 0.427 ===== generated install script =====
#12 0.427 + echo ===== generated install script =====
#12 0.427 + sed -n 1,240p /tmp/install.sh
#12 0.429 #!/bin/bash
#12 0.429 set -ex
#12 0.429 npm install --omit=dev
#12 0.429 + sed -i s#npm install --omit=dev#npm install --omit=dev --loglevel=verbose#g /tmp/install.sh
#12 0.431 + bash -x /tmp/install.sh
#12 0.433 + set -ex
#12 0.433 + npm install --omit=dev --loglevel=verbose
#12 0.519 npm verbose cli /usr/bin/node /usr/bin/npm
#12 0.519 npm info using npm@10.9.8
#12 0.519 npm info using node@v22.22.3
#12 0.522 npm verbose title npm install
#12 0.522 npm verbose argv "install" "--omit" "dev" "--loglevel" "verbose"
#12 0.522 npm verbose logfile logs-max:10 dir:/root/.npm/_logs/2026-06-05T16_31_40_341Z-
#12 0.523 npm verbose logfile /root/.npm/_logs/2026-06-05T16_31_40_341Z-debug-0.log
#12 1.424 npm http fetch GET 200 https://registry.npmmirror.com/npm 639ms
#12 1.785 npm http fetch GET 200 https://registry.npmmirror.com/patch-package 806ms (cache miss)
#12 2.296 npm http fetch GET 200 https://registry.npmmirror.com/@types%2fchai 507ms (cache miss)
#12 2.795 npm http fetch GET 200 https://registry.npmmirror.com/@types%2fchai-as-promised 495ms (cache miss)
#12 3.368 npm http fetch GET 200 https://registry.npmmirror.com/@types%2fmocha 571ms (cache miss)
#12 4.179 npm http fetch GET 200 https://registry.npmmirror.com/@typescript-eslint%2feslint-plugin 808ms (cache miss)
#12 5.022 npm http fetch GET 200 https://registry.npmmirror.com/@typescript-eslint%2fparser 685ms (cache miss)
#12 5.297 npm http fetch GET 200 https://registry.npmmirror.com/eslint 162ms (cache miss)
#12 5.634 npm http fetch GET 200 https://registry.npmmirror.com/typescript 309ms (cache miss)
#12 6.268 npm http fetch GET 200 https://registry.npmmirror.com/eslint-config-prettier 499ms (cache miss)
#12 6.645 npm http fetch GET 200 https://registry.npmmirror.com/eslint-config-standard 373ms (cache miss)
#12 7.665 npm http fetch GET 200 https://registry.npmmirror.com/eslint-plugin-import 1018ms (cache miss)
#12 9.090 npm http fetch GET 200 https://registry.npmmirror.com/eslint-plugin-n 1419ms (cache miss)
#12 9.562 npm http fetch GET 200 https://registry.npmmirror.com/eslint-plugin-promise 463ms (cache miss)
#12 10.05 npm http fetch GET 200 https://registry.npmmirror.com/eslint-plugin-chai-expect 488ms (cache miss)
#12 11.41 npm http fetch GET 200 https://registry.npmmirror.com/eslint-plugin-chai-friendly 1353ms (cache miss)
#12 11.86 npm http fetch GET 200 https://registry.npmmirror.com/eslint-plugin-cypress 448ms (cache miss)
#12 12.31 npm http fetch GET 200 https://registry.npmmirror.com/eslint-plugin-mocha 446ms (cache miss)
#12 14.00 npm http fetch GET 200 https://registry.npmmirror.com/eslint-plugin-node 1687ms (cache miss)
#12 14.44 npm http fetch GET 200 https://registry.npmmirror.com/eslint-plugin-prettier 435ms (cache miss)
#12 14.95 npm http fetch GET 200 https://registry.npmmirror.com/prettier 512ms (cache miss)
#12 15.47 npm http fetch GET 200 https://registry.npmmirror.com/eslint-plugin-unicorn 511ms (cache miss)
#12 15.64 npm http fetch GET 200 https://registry.npmmirror.com/ignore 114ms (cache miss)
#12 15.64 npm http fetch GET 200 https://registry.npmmirror.com/@eslint-community%2fregexpp 118ms (cache miss)
#12 15.73 npm http fetch GET 200 https://registry.npmmirror.com/debug 86ms (cache miss)
#12 16.02 npm http fetch GET 200 https://registry.npmmirror.com/natural-compare 499ms (cache miss)
#12 16.50 npm http fetch GET 200 https://registry.npmmirror.com/@typescript-eslint%2fvisitor-keys 859ms (cache miss)
#12 16.63 npm http fetch GET 200 https://registry.npmmirror.com/ts-api-utils 1105ms (cache miss)
#12 16.71 npm http fetch GET 200 https://registry.npmmirror.com/@typescript-eslint%2fscope-manager 976ms (cache miss)
#12 16.87 npm http fetch GET 200 https://registry.npmmirror.com/@eslint-community%2feslint-utils 234ms (cache miss)
#12 17.22 npm http fetch GET 200 https://registry.npmmirror.com/@eslint%2feslintrc 389ms (cache miss)
#12 17.23 npm http fetch GET 200 https://registry.npmmirror.com/@eslint%2fjs 357ms (cache miss)
#12 17.35 npm http fetch GET 200 https://registry.npmmirror.com/@typescript-eslint%2ftype-utils 1824ms (cache miss)
#12 17.44 npm http fetch GET 200 https://registry.npmmirror.com/@typescript-eslint%2futils 1916ms (cache miss)
#12 17.53 npm http fetch GET 200 https://registry.npmmirror.com/@humanwhocodes%2fmodule-importer 303ms (cache miss)
#12 17.54 npm http fetch GET 200 https://registry.npmmirror.com/@typescript-eslint%2fscope-manager 2018ms (cache miss)
#12 17.66 npm http fetch GET 200 https://registry.npmmirror.com/ajv 126ms (cache miss)
#12 17.68 npm http fetch GET 200 https://registry.npmmirror.com/@typescript-eslint%2ftypes 1074ms (cache miss)
#12 17.78 npm http fetch GET 200 https://registry.npmmirror.com/cross-spawn 110ms (cache miss)
#12 17.78 npm http fetch GET 200 https://registry.npmmirror.com/chalk 153ms (cache miss)
#12 17.78 npm http fetch GET 200 https://registry.npmmirror.com/@humanwhocodes%2fconfig-array 560ms (cache miss)
#12 17.87 npm http fetch GET 200 https://registry.npmmirror.com/escape-string-regexp 86ms (cache miss)
#12 17.89 npm http fetch GET 200 https://registry.npmmirror.com/@nodelib%2ffs.walk 485ms (cache miss)
#12 17.93 npm http fetch GET 200 https://registry.npmmirror.com/eslint-scope 150ms (cache miss)
#12 17.98 npm http fetch GET 200 https://registry.npmmirror.com/@ungap%2fstructured-clone 457ms (cache miss)
#12 17.99 npm http fetch GET 200 https://registry.npmmirror.com/eslint-visitor-keys 208ms (cache miss)
#12 18.00 npm http fetch GET 200 https://registry.npmmirror.com/@typescript-eslint%2ftypescript-estree 1974ms (cache miss)
#12 18.15 npm http fetch GET 200 https://registry.npmmirror.com/espree 284ms (cache miss)
#12 18.16 npm http fetch GET 200 https://registry.npmmirror.com/esutils 222ms (cache miss)
#12 18.16 npm http fetch GET 200 https://registry.npmmirror.com/esquery 273ms (cache miss)
#12 18.16 npm http fetch GET 200 https://registry.npmmirror.com/fast-deep-equal 183ms (cache miss)
#12 18.17 npm http fetch GET 200 https://registry.npmmirror.com/file-entry-cache 171ms (cache miss)
#12 18.21 npm http fetch GET 200 https://registry.npmmirror.com/doctrine 443ms (cache miss)
#12 18.23 npm http fetch GET 200 https://registry.npmmirror.com/glob-parent 75ms (cache miss)
#12 18.24 npm http fetch GET 200 https://registry.npmmirror.com/imurmurhash 77ms (cache miss)
#12 18.25 npm http fetch GET 200 https://registry.npmmirror.com/globals 86ms (cache miss)
#12 18.25 npm http fetch GET 200 https://registry.npmmirror.com/is-glob 86ms (cache miss)
#12 18.28 npm http fetch GET 200 https://registry.npmmirror.com/find-up 132ms (cache miss)
#12 18.31 npm http fetch GET 200 https://registry.npmmirror.com/js-yaml 80ms (cache miss)
#12 18.32 npm http fetch GET 200 https://registry.npmmirror.com/json-stable-stringify-without-jsonify 78ms (cache miss)
#12 18.33 npm http fetch GET 200 https://registry.npmmirror.com/levn 80ms (cache miss)
#12 18.34 npm http fetch GET 200 https://registry.npmmirror.com/lodash.merge 82ms (cache miss)
#12 18.39 npm http fetch GET 200 https://registry.npmmirror.com/strip-ansi 71ms (cache miss)
#12 18.40 npm http fetch GET 200 https://registry.npmmirror.com/minimatch 125ms (cache miss)
#12 18.63 npm http fetch GET 200 https://registry.npmmirror.com/is-path-inside 419ms (cache miss)
#12 18.64 npm http fetch GET 200 https://registry.npmmirror.com/graphemer 479ms (cache miss)
#12 18.71 npm http fetch GET 200 https://registry.npmmirror.com/optionator 402ms (cache miss)
#12 18.72 npm http fetch GET 200 https://registry.npmmirror.com/text-table 389ms (cache miss)
#12 18.80 npm http fetch GET 200 https://registry.npmmirror.com/semver 80ms (cache miss)
#12 18.80 npm http fetch GET 200 https://registry.npmmirror.com/builtins 464ms (cache miss)
#12 18.81 npm http fetch GET 200 https://registry.npmmirror.com/get-tsconfig 404ms (cache miss)
#12 18.87 npm http fetch GET 200 https://registry.npmmirror.com/eslint-plugin-es-x 479ms (cache miss)
#12 19.00 npm http fetch GET 200 https://registry.npmmirror.com/is-builtin-module 363ms (cache miss)
#12 19.03 npm http fetch GET 200 https://registry.npmmirror.com/is-core-module 393ms (cache miss)
#12 19.10 npm http fetch GET 200 https://registry.npmmirror.com/resolve 385ms (cache miss)
#12 19.11 npm http fetch GET 200 https://registry.npmmirror.com/eslint-import-resolver-node 70ms (cache miss)
#12 19.18 npm http fetch GET 200 https://registry.npmmirror.com/hasown 71ms (cache miss)
#12 19.20 npm http fetch GET 200 https://registry.npmmirror.com/array.prototype.findlastindex 386ms (cache miss)
#12 19.26 npm http fetch GET 200 https://registry.npmmirror.com/array.prototype.flat 388ms (cache miss)
#12 19.27 npm http fetch GET 200 https://registry.npmmirror.com/@rtsao%2fscc 472ms (cache miss)
#12 19.28 npm http fetch GET 200 https://registry.npmmirror.com/array-includes 477ms (cache miss)
#12 19.37 npm http fetch GET 200 https://registry.npmmirror.com/array.prototype.flatmap 368ms (cache miss)
#12 19.50 npm http fetch GET 200 https://registry.npmmirror.com/eslint-module-utils 393ms (cache miss)
#12 19.57 npm http fetch GET 200 https://registry.npmmirror.com/object.fromentries 386ms (cache miss)
#12 19.62 npm http fetch GET 200 https://registry.npmmirror.com/object.groupby 415ms (cache miss)
#12 19.69 npm http fetch GET 200 https://registry.npmmirror.com/string.prototype.trimend 412ms (cache miss)
#12 19.70 npm http fetch GET 200 https://registry.npmmirror.com/tsconfig-paths 416ms (cache miss)
#12 19.71 npm http fetch GET 200 https://registry.npmmirror.com/object.values 444ms (cache miss)
#12 19.75 npm http fetch GET 200 https://registry.npmmirror.com/eslint-utils 127ms (cache miss)
#12 19.75 npm http fetch GET 200 https://registry.npmmirror.com/eslint-utils 379ms (cache miss)
#12 19.97 npm http fetch GET 200 https://registry.npmmirror.com/eslint-plugin-es 404ms (cache miss)
#12 19.98 npm http fetch GET 200 https://registry.npmmirror.com/rambda 481ms (cache miss)
#12 20.11 npm http fetch GET 200 https://registry.npmmirror.com/@babel%2fhelper-validator-identifier 406ms (cache miss)
#12 20.15 npm http fetch GET 200 https://registry.npmmirror.com/core-js-compat 396ms (cache miss)
#12 20.15 npm http fetch GET 200 https://registry.npmmirror.com/clean-regexp 406ms (cache miss)
#12 20.16 npm http fetch GET 200 https://registry.npmmirror.com/prettier-linter-helpers 464ms (cache miss)
#12 20.34 npm http fetch GET 200 https://registry.npmmirror.com/jsesc 352ms (cache miss)
#12 20.41 npm http fetch GET 200 https://registry.npmmirror.com/indent-string 434ms (cache miss)
#12 20.53 npm http fetch GET 200 https://registry.npmmirror.com/regexp-tree 379ms (cache miss)
#12 20.56 npm http fetch GET 200 https://registry.npmmirror.com/regjsparser 400ms (cache miss)
#12 20.59 npm http fetch GET 200 https://registry.npmmirror.com/pluralize 478ms (cache miss)
#12 20.74 npm http fetch GET 200 https://registry.npmmirror.com/fs-extra 152ms (cache miss)
#12 20.78 npm http fetch GET 200 https://registry.npmmirror.com/@yarnpkg%2flockfile 370ms (cache miss)
#12 20.78 npm http fetch GET 200 https://registry.npmmirror.com/ci-info 243ms (cache miss)
#12 20.78 npm http fetch GET 200 https://registry.npmmirror.com/ci-info 1073ms (cache miss)
#12 20.86 npm http fetch GET 200 https://registry.npmmirror.com/open 71ms (cache miss)
#12 20.86 npm http fetch GET 200 https://registry.npmmirror.com/minimist 79ms (cache miss)
#12 20.98 npm http fetch GET 200 https://registry.npmmirror.com/find-yarn-workspace-root 423ms (cache miss)
#12 21.13 npm http fetch GET 200 https://registry.npmmirror.com/yaml 146ms (cache miss)
#12 21.14 npm http fetch GET 200 https://registry.npmmirror.com/json-stable-stringify 399ms (cache miss)
#12 21.24 npm http fetch GET 200 https://registry.npmmirror.com/slash 380ms (cache miss)
#12 21.28 npm http fetch GET 200 https://registry.npmmirror.com/tmp 416ms (cache miss)
#12 21.32 npm http fetch GET 200 https://registry.npmmirror.com/strip-indent 974ms (cache miss)
#12 21.59 npm http fetch GET 200 https://registry.npmmirror.com/read-pkg-up 1441ms (cache miss)
#12 22.00 npm http fetch GET 200 https://registry.npmmirror.com/klaw-sync 1220ms (cache miss)
#12 22.43 npm http fetch GET 200 https://registry.npmmirror.com/@google-cloud%2fbigquery 425ms (cache miss)
#12 22.82 npm http fetch GET 200 https://registry.npmmirror.com/@node-oauth%2foauth2-server 383ms (cache miss)
#12 23.22 npm http fetch GET 200 https://registry.npmmirror.com/@node-saml%2fpassport-saml 396ms (cache miss)
#12 23.60 npm http fetch GET 200 https://registry.npmmirror.com/@phosphor-icons%2freact 383ms (cache miss)
#12 23.82 npm http fetch GET 200 https://registry.npmmirror.com/react 214ms (cache miss)
#12 24.20 npm http fetch GET 200 https://registry.npmmirror.com/react-dom 335ms (cache miss)
#12 25.06 npm http fetch GET 200 https://registry.npmmirror.com/@stripe%2freact-stripe-js 769ms (cache miss)
#12 25.47 npm http fetch GET 200 https://registry.npmmirror.com/@stripe%2fstripe-js 398ms (cache miss)
#12 25.90 npm http fetch GET 200 https://registry.npmmirror.com/@xmldom%2fxmldom 428ms (cache miss)
#12 26.02 npm http fetch GET 200 https://registry.npmmirror.com/accepts 114ms (cache miss)
#12 26.42 npm http fetch GET 200 https://registry.npmmirror.com/archiver 393ms (cache miss)
#12 26.84 npm http fetch GET 200 https://registry.npmmirror.com/async 422ms (cache miss)
#12 27.32 npm http fetch GET 200 https://registry.npmmirror.com/base-x 471ms (cache miss)
#12 27.74 npm http fetch GET 200 https://registry.npmmirror.com/basic-auth 411ms (cache miss)
#12 28.11 npm http fetch GET 200 https://registry.npmmirror.com/bcrypt 372ms (cache miss)
#12 28.20 npm http fetch GET 200 https://registry.npmmirror.com/body-parser 84ms (cache miss)
#12 28.57 npm http fetch GET 200 https://registry.npmmirror.com/bowser 370ms (cache miss)
#12 28.99 npm http fetch GET 200 https://registry.npmmirror.com/bull 415ms (cache miss)
#12 29.45 npm http fetch GET 200 https://registry.npmmirror.com/bunyan 454ms (cache miss)
#12 29.85 npm http fetch GET 200 https://registry.npmmirror.com/cache-flow 394ms (cache miss)
#12 30.27 npm http fetch GET 200 https://registry.npmmirror.com/celebrate 411ms (cache miss)
#12 30.65 npm http fetch GET 200 https://registry.npmmirror.com/connect-redis 382ms (cache miss)
#12 30.73 npm http fetch GET 200 https://registry.npmmirror.com/content-disposition 77ms (cache miss)
#12 30.81 npm http fetch GET 200 https://registry.npmmirror.com/cookie 78ms (cache miss)
#12 31.24 npm http fetch GET 200 https://registry.npmmirror.com/cookie-parser 420ms (cache miss)
#12 31.32 npm http fetch GET 200 https://registry.npmmirror.com/crc-32 77ms (cache miss)
#12 31.70 npm http fetch GET 200 https://registry.npmmirror.com/csurf 381ms (cache miss)
#12 32.14 npm http fetch GET 200 https://registry.npmmirror.com/csv 437ms (cache miss)
#12 32.23 npm http fetch GET 200 https://registry.npmmirror.com/dateformat 87ms (cache miss)
#12 32.63 npm http fetch GET 200 https://registry.npmmirror.com/east 401ms (cache miss)
#12 33.05 npm http fetch GET 200 https://registry.npmmirror.com/ejs 414ms (cache miss)
#12 33.45 npm http fetch GET 200 https://registry.npmmirror.com/email-addresses 393ms (cache miss)
#12 33.52 npm http fetch GET 200 https://registry.npmmirror.com/eventsource-parser 69ms (cache miss)
#12 33.61 npm http fetch GET 200 https://registry.npmmirror.com/express 91ms (cache miss)
#12 34.03 npm http fetch GET 200 https://registry.npmmirror.com/express-bearer-token 403ms (cache miss)
#12 34.40 npm http fetch GET 200 https://registry.npmmirror.com/express-http-proxy 369ms (cache miss)
#12 34.78 npm http fetch GET 200 https://registry.npmmirror.com/express-session 373ms (cache miss)
#12 36.43 npm http fetch GET 200 https://registry.npmmirror.com/globby 1649ms (cache miss)
#12 36.83 npm http fetch GET 200 https://registry.npmmirror.com/helmet 399ms (cache miss)
#12 36.92 npm http fetch GET 200 https://registry.npmmirror.com/https-proxy-agent 82ms (cache miss)
#12 37.38 npm http fetch GET 200 https://registry.npmmirror.com/i18next 454ms (cache miss)
#12 37.78 npm http fetch GET 200 https://registry.npmmirror.com/i18next-fs-backend 379ms (cache miss)
#12 38.14 npm http fetch GET 200 https://registry.npmmirror.com/i18next-http-middleware 358ms (cache miss)
#12 38.53 npm http fetch GET 200 https://registry.npmmirror.com/joi 384ms (cache miss)
#12 38.65 npm http fetch GET 200 https://registry.npmmirror.com/jose 123ms (cache miss)
#12 39.13 npm http fetch GET 200 https://registry.npmmirror.com/json2csv 461ms (cache miss)
#12 39.56 npm http fetch GET 200 https://registry.npmmirror.com/jsonwebtoken 426ms (cache miss)
#12 40.05 npm http fetch GET 200 https://registry.npmmirror.com/lodash 485ms (cache miss)
#12 40.15 npm http fetch GET 200 https://registry.npmmirror.com/lru-cache 98ms (cache miss)
#12 40.23 npm http fetch GET 200 https://registry.npmmirror.com/marked 79ms (cache miss)
#12 40.66 npm http fetch GET 200 https://registry.npmmirror.com/method-override 420ms (cache miss)
#12 41.07 npm http fetch GET 200 https://registry.npmmirror.com/mmmagic 402ms (cache miss)
#12 41.44 npm http fetch GET 200 https://registry.npmmirror.com/moment 366ms (cache miss)
#12 42.37 npm http fetch GET 200 https://registry.npmmirror.com/mongodb-legacy 928ms (cache miss)
#12 42.82 npm http fetch GET 200 https://registry.npmmirror.com/mongoose 449ms (cache miss)
#12 43.28 npm http fetch GET 200 https://registry.npmmirror.com/multer 434ms (cache miss)
#12 43.66 npm http fetch GET 200 https://registry.npmmirror.com/nocache 378ms (cache miss)
#12 44.05 npm http fetch GET 200 https://registry.npmmirror.com/node-fetch 392ms (cache miss)
#12 44.43 npm http fetch GET 200 https://registry.npmmirror.com/encoding 375ms (cache miss)
#12 44.84 npm http fetch GET 200 https://registry.npmmirror.com/nodemailer 403ms (cache miss)
#12 45.31 npm http fetch GET 200 https://registry.npmmirror.com/nodemailer-ses-transport 469ms (cache miss)
#12 45.69 npm http fetch GET 200 https://registry.npmmirror.com/on-headers 374ms (cache miss)
#12 46.13 npm http fetch GET 200 https://registry.npmmirror.com/otplib 440ms (cache miss)
#12 46.53 npm http fetch GET 200 https://registry.npmmirror.com/p-limit 397ms (cache miss)
#12 46.90 npm http fetch GET 200 https://registry.npmmirror.com/p-props 363ms (cache miss)
#12 47.30 npm http fetch GET 200 https://registry.npmmirror.com/p-queue 398ms (cache miss)
#12 47.66 npm http fetch GET 200 https://registry.npmmirror.com/parse-data-url 365ms (cache miss)
#12 48.05 npm http fetch GET 200 https://registry.npmmirror.com/passport 383ms (cache miss)
#12 48.43 npm http fetch GET 200 https://registry.npmmirror.com/passport-google-oauth20 376ms (cache miss)
#12 48.84 npm http fetch GET 200 https://registry.npmmirror.com/passport-ldapauth 414ms (cache miss)
#12 49.29 npm http fetch GET 200 https://registry.npmmirror.com/passport-local 444ms (cache miss)
#12 49.69 npm http fetch GET 200 https://registry.npmmirror.com/passport-oauth2 398ms (cache miss)
#12 50.09 npm http fetch GET 200 https://registry.npmmirror.com/passport-orcid 397ms (cache miss)
#12 50.54 npm http fetch GET 200 https://registry.npmmirror.com/pug 451ms (cache miss)
#12 50.90 npm http fetch GET 200 https://registry.npmmirror.com/pug-runtime 360ms (cache miss)
#12 51.29 npm http fetch GET 200 https://registry.npmmirror.com/rate-limiter-flexible 383ms (cache miss)
#12 51.71 npm http fetch GET 200 https://registry.npmmirror.com/recurly 407ms (cache miss)
#12 52.77 npm http fetch GET 200 https://codeload.github.com/overleaf/nodejs-referer-parser/tar.gz/8b8b103762d05b7be4cfa2f810e1d408be67d7bb 1058ms (cache miss)
#12 53.22 npm http fetch GET 200 https://registry.npmmirror.com/request 399ms (cache miss)
#12 53.63 npm http fetch GET 200 https://registry.npmmirror.com/requestretry 400ms (cache miss)
#12 54.04 npm http fetch GET 200 https://registry.npmmirror.com/sanitize-html 404ms (cache miss)
#12 54.59 npm http fetch GET 200 https://registry.npmmirror.com/stripe 545ms (cache miss)
#12 54.92 npm http fetch GET 200 https://registry.npmmirror.com/@types%2fnode 310ms (cache miss)
#12 55.40 npm http fetch GET 200 https://registry.npmmirror.com/tough-cookie 391ms (cache miss)
#12 55.89 npm http fetch GET 200 https://registry.npmmirror.com/tsscmp 484ms (cache miss)
#12 56.42 npm http fetch GET 200 https://registry.npmmirror.com/uid-safe 530ms (cache miss)
#12 56.51 npm http fetch GET 200 https://registry.npmmirror.com/utf-8-validate 87ms (cache miss)
#12 56.87 npm http fetch GET 200 https://registry.npmmirror.com/valid-data-url 362ms (cache miss)
#12 57.30 npm http fetch GET 200 https://registry.npmmirror.com/valid-url 426ms (cache miss)
#12 57.73 npm http fetch GET 200 https://registry.npmmirror.com/xml-crypto 428ms (cache miss)
#12 58.19 npm http fetch GET 200 https://registry.npmmirror.com/xml2js 451ms (cache miss)
#12 58.73 npm http fetch GET 200 https://registry.npmmirror.com/xregexp 537ms (cache miss)
#12 58.81 npm http fetch GET 200 https://registry.npmmirror.com/yauzl 75ms (cache miss)
#12 59.27 npm http fetch GET 200 https://registry.npmmirror.com/@babel%2fcli 460ms (cache miss)
#12 59.66 npm http fetch GET 200 https://registry.npmmirror.com/@babel%2fcore 385ms (cache miss)
#12 60.14 npm http fetch GET 200 https://registry.npmmirror.com/@babel%2fpreset-env 474ms (cache miss)
#12 60.64 npm http fetch GET 200 https://registry.npmmirror.com/@babel%2fpreset-react 489ms (cache miss)
#12 61.09 npm http fetch GET 200 https://registry.npmmirror.com/@babel%2fpreset-typescript 445ms (cache miss)
#12 61.48 npm http fetch GET 200 https://registry.npmmirror.com/@babel%2fregister 386ms (cache miss)
#12 61.79 npm http fetch GET 200 https://codeload.github.com/overleaf/codemirror-autocomplete/tar.gz/6445cd056671c98d12d1c597ba705e11327ec4c5 296ms (cache miss)
#12 90.90 npm http fetch GET 200 https://registry.npmmirror.com/@codemirror%2fcommands 391ms (cache miss)
#12 91.30 npm http fetch GET 200 https://registry.npmmirror.com/@codemirror%2flang-markdown 394ms (cache miss)
#12 91.31 npm http cache https://registry.npmmirror.com/@codemirror%2flanguage 6ms (cache hit)
#12 91.69 npm http fetch GET 200 https://registry.npmmirror.com/@codemirror%2flint 385ms (cache miss)
#12 92.03 npm http fetch GET 200 https://codeload.github.com/overleaf/codemirror-search/tar.gz/04380a528c339cd4b78fb10b3ef017f657ec17bd 330ms (cache miss)
#12 98.46 npm http cache https://registry.npmmirror.com/@codemirror%2fstate 5ms (cache hit)
#12 98.47 npm http cache https://registry.npmmirror.com/@codemirror%2fview 6ms (cache hit)
#12 98.90 npm http fetch GET 200 https://registry.npmmirror.com/@juggle%2fresize-observer 419ms (cache miss)
#12 98.91 npm http cache https://registry.npmmirror.com/@lezer%2fcommon 3ms (cache hit)
#12 98.91 npm http cache https://registry.npmmirror.com/@lezer%2fgenerator 4ms (cache hit)
#12 98.92 npm http cache https://registry.npmmirror.com/@lezer%2fhighlight 4ms (cache hit)
#12 98.93 npm http cache https://registry.npmmirror.com/@lezer%2flr 3ms (cache hit)
#12 99.38 npm http fetch GET 200 https://registry.npmmirror.com/@lezer%2fmarkdown 450ms (cache miss)
#12 99.82 npm http fetch GET 200 https://registry.npmmirror.com/@overleaf%2fcodemirror-tree-view 433ms (cache miss)
#12 116.9 npm http fetch GET 200 https://codeload.github.com/overleaf/dictionaries/tar.gz/refs/tags/v0.0.3 17057ms (cache miss)
#12 117.3 npm http fetch GET 200 https://registry.npmmirror.com/@pmmmwh%2freact-refresh-webpack-plugin 430ms (cache miss)
#12 117.8 npm http fetch GET 200 https://registry.npmmirror.com/@types%2fwebpack 407ms (cache miss)
#12 118.4 npm http fetch GET 200 https://registry.npmmirror.com/react-refresh 619ms (cache miss)
#12 118.9 npm http fetch GET 200 https://registry.npmmirror.com/sockjs-client 464ms (cache miss)
#12 119.2 npm http fetch GET 200 https://registry.npmmirror.com/type-fest 313ms (cache miss)
#12 119.8 npm http fetch GET 200 https://registry.npmmirror.com/webpack 557ms (cache miss)
#12 120.4 npm http fetch GET 200 https://registry.npmmirror.com/webpack-dev-server 571ms (cache miss)
#12 120.9 npm http fetch GET 200 https://registry.npmmirror.com/webpack-hot-middleware 430ms (cache miss)
#12 121.3 npm http fetch GET 200 https://registry.npmmirror.com/webpack-plugin-serve 446ms (cache miss)
#12 121.8 npm http fetch GET 200 https://registry.npmmirror.com/@pollyjs%2fadapter-node-http 423ms (cache miss)
#12 122.2 npm http fetch GET 200 https://registry.npmmirror.com/@pollyjs%2fcore 414ms (cache miss)
#12 122.6 npm http fetch GET 200 https://registry.npmmirror.com/@pollyjs%2fpersister-fs 428ms (cache miss)
#12 122.9 npm http fetch GET 200 https://codeload.github.com/overleaf/codemirror-emacs/tar.gz/4394c03858f27053f8768258e9493866e06e938e 287ms (cache miss)
#12 148.9 npm http fetch GET 200 https://codeload.github.com/overleaf/codemirror-indentation-markers/tar.gz/78264032eb286bc47871569ae87bff5ca1c6c161 263ms (cache miss)
#12 170.7 npm http fetch GET 200 https://codeload.github.com/overleaf/codemirror-vim/tar.gz/1bef138382d948018f3f9b8a4d7a70ab61774e4b 436ms (cache miss)
#12 185.1 npm http fetch GET 200 https://registry.npmmirror.com/@sentry%2fbrowser 1671ms (cache miss)
#12 185.7 npm http fetch GET 200 https://registry.npmmirror.com/@storybook%2faddon-a11y 558ms (cache miss)
#12 187.3 npm http fetch GET 200 https://registry.npmmirror.com/storybook 1428ms (cache miss)
#12 187.9 npm http fetch GET 200 https://registry.npmmirror.com/@storybook%2faddon-essentials 488ms (cache miss)
#12 188.5 npm http fetch GET 200 https://registry.npmmirror.com/@storybook%2faddon-interactions 507ms (cache miss)
#12 190.3 npm http fetch GET 200 https://registry.npmmirror.com/@storybook%2faddon-links 1817ms (cache miss)
#12 190.9 npm http fetch GET 200 https://registry.npmmirror.com/@storybook%2faddon-styling-webpack 444ms (cache miss)
#12 191.2 npm http fetch GET 200 https://registry.npmmirror.com/@storybook%2faddon-webpack5-compiler-babel 349ms (cache miss)
#12 192.4 npm http fetch GET 200 https://registry.npmmirror.com/@storybook%2fcli 1141ms (cache miss)
#12 193.1 npm http fetch GET 200 https://registry.npmmirror.com/@storybook%2freact 637ms (cache miss)
#12 193.7 npm http fetch GET 200 https://registry.npmmirror.com/@storybook%2ftest 493ms (cache miss)
#12 193.7 npm http cache https://registry.npmmirror.com/typescript 32ms (cache hit)
#12 194.3 npm http fetch GET 200 https://registry.npmmirror.com/@storybook%2freact-webpack5 489ms (cache miss)
#12 195.0 npm http fetch GET 200 https://registry.npmmirror.com/@storybook%2ftheming 588ms (cache miss)
#12 195.4 npm http fetch GET 200 https://registry.npmmirror.com/@testing-library%2fcypress 413ms (cache miss)
#12 196.0 npm http fetch GET 200 https://registry.npmmirror.com/cypress 532ms (cache miss)
#12 196.4 npm http fetch GET 200 https://registry.npmmirror.com/@testing-library%2fdom 436ms (cache miss)
#12 197.2 npm http fetch GET 200 https://registry.npmmirror.com/@testing-library%2freact 758ms (cache miss)
#12 197.6 npm http fetch GET 200 https://registry.npmmirror.com/@types%2freact 461ms (cache miss)
#12 197.8 npm http fetch GET 200 https://registry.npmmirror.com/@types%2freact-dom 112ms (cache miss)
#12 198.2 npm http fetch GET 200 https://registry.npmmirror.com/@testing-library%2fuser-event 455ms (cache miss)
#12 198.6 npm http fetch GET 200 https://registry.npmmirror.com/@types%2fbootstrap 407ms (cache miss)
#12 199.0 npm http fetch GET 200 https://registry.npmmirror.com/@types%2fdateformat 370ms (cache miss)
#12 199.4 npm http fetch GET 200 https://registry.npmmirror.com/@types%2fdiff 395ms (cache miss)
#12 199.9 npm http fetch GET 200 https://registry.npmmirror.com/@types%2fevents 442ms (cache miss)
#12 200.2 npm http fetch GET 200 https://registry.npmmirror.com/@types%2fexpress 371ms (cache miss)
#12 200.8 npm http fetch GET 200 https://registry.npmmirror.com/@types%2fmocha-each 514ms (cache miss)
#12 201.2 npm http fetch GET 200 https://registry.npmmirror.com/@types%2freact-bootstrap 427ms (cache miss)
#12 201.6 npm http fetch GET 200 https://registry.npmmirror.com/@types%2freact-color 418ms (cache miss)
#12 202.0 npm http fetch GET 200 https://registry.npmmirror.com/@types%2freact-google-recaptcha 430ms (cache miss)
#12 202.4 npm http fetch GET 200 https://registry.npmmirror.com/@types%2freact-linkify 370ms (cache miss)
#12 202.9 npm http fetch GET 200 https://registry.npmmirror.com/@types%2frecurly__recurly-js 501ms (cache miss)
#12 203.3 npm http fetch GET 200 https://registry.npmmirror.com/@types%2fsinon-chai 378ms (cache miss)
#12 203.7 npm http fetch GET 200 https://registry.npmmirror.com/@types%2fuuid 419ms (cache miss)
#12 204.2 npm http fetch GET 200 https://registry.npmmirror.com/@uppy%2fcore 438ms (cache miss)
#12 204.5 npm http fetch GET 200 https://registry.npmmirror.com/@uppy%2fdashboard 379ms (cache miss)
#12 204.9 npm http fetch GET 200 https://registry.npmmirror.com/@uppy%2fdrag-drop 380ms (cache miss)
#12 205.3 npm http fetch GET 200 https://registry.npmmirror.com/@uppy%2ffile-input 417ms (cache miss)
#12 205.8 npm http fetch GET 200 https://registry.npmmirror.com/@uppy%2fprogress-bar 412ms (cache miss)
#12 206.1 npm http fetch GET 200 https://registry.npmmirror.com/@uppy%2freact 374ms (cache miss)
#12 206.6 npm http fetch GET 200 https://registry.npmmirror.com/@uppy%2fstatus-bar 408ms (cache miss)
#12 207.0 npm http fetch GET 200 https://registry.npmmirror.com/@uppy%2futils 399ms (cache miss)
#12 207.4 npm http fetch GET 200 https://registry.npmmirror.com/@uppy%2fxhr-upload 466ms (cache miss)
#12 207.8 npm http fetch GET 200 https://registry.npmmirror.com/5to6-codemod 401ms (cache miss)
#12 207.9 npm http fetch GET 200 https://registry.npmmirror.com/abort-controller 73ms (cache miss)
#12 207.9 npm http cache https://registry.npmmirror.com/acorn 3ms (cache hit)
#12 207.9 npm http cache https://registry.npmmirror.com/acorn-walk 2ms (cache hit)
#12 208.4 npm http fetch GET 200 https://registry.npmmirror.com/algoliasearch 428ms (cache miss)
#12 208.9 npm http fetch GET 200 https://registry.npmmirror.com/autoprefixer 493ms (cache miss)
#12 208.9 npm http cache https://registry.npmmirror.com/postcss 3ms (cache hit)
#12 209.3 npm http fetch GET 200 https://registry.npmmirror.com/babel-loader 391ms (cache miss)
#12 209.7 npm http fetch GET 200 https://registry.npmmirror.com/babel-plugin-macros 384ms (cache miss)
#12 210.1 npm http fetch GET 200 https://registry.npmmirror.com/babel-plugin-module-resolver 395ms (cache miss)
#12 210.4 npm http fetch GET 200 https://registry.npmmirror.com/backbone 372ms (cache miss)
#12 210.8 npm http fetch GET 200 https://registry.npmmirror.com/bootstrap 406ms (cache miss)
#12 211.2 npm http fetch GET 200 https://registry.npmmirror.com/@popperjs%2fcore 392ms (cache miss)
#12 211.6 npm http fetch GET 200 https://registry.npmmirror.com/c8 363ms (cache miss)
#12 212.1 npm http fetch GET 200 https://registry.npmmirror.com/chai 440ms (cache miss)
#12 212.5 npm http fetch GET 200 https://registry.npmmirror.com/chai-as-promised 416ms (cache miss)
#12 212.9 npm http fetch GET 200 https://registry.npmmirror.com/chai-exclude 391ms (cache miss)
#12 213.3 npm http fetch GET 200 https://registry.npmmirror.com/chart.js 383ms (cache miss)
#12 213.7 npm http fetch GET 200 https://registry.npmmirror.com/chartjs-adapter-moment 389ms (cache miss)
#12 214.1 npm http fetch GET 200 https://registry.npmmirror.com/chartjs-plugin-datalabels 410ms (cache miss)
#12 214.1 npm http fetch GET 200 https://registry.npmmirror.com/cheerio 69ms (cache miss)
#12 214.5 npm http fetch GET 200 https://registry.npmmirror.com/classnames 369ms (cache miss)
#12 214.9 npm http fetch GET 200 https://registry.npmmirror.com/cookie-signature 359ms (cache miss)
#12 215.3 npm http fetch GET 200 https://registry.npmmirror.com/copy-webpack-plugin 429ms (cache miss)
#12 215.7 npm http fetch GET 200 https://registry.npmmirror.com/core-js 384ms (cache miss)
#12 216.1 npm http fetch GET 200 https://registry.npmmirror.com/css-loader 393ms (cache miss)
#12 217.5 npm http fetch GET 200 https://registry.npmmirror.com/@rspack%2fcore 1421ms (cache miss)
#12 217.6 npm http fetch GET 200 https://registry.npmmirror.com/@swc%2fhelpers 87ms (cache miss)
#12 218.0 npm http fetch GET 200 https://registry.npmmirror.com/css-minimizer-webpack-plugin 387ms (cache miss)
#12 218.4 npm http fetch GET 200 https://registry.npmmirror.com/cypress-plugin-tab 384ms (cache miss)
#12 218.8 npm http fetch GET 200 https://registry.npmmirror.com/d3 400ms (cache miss)
#12 219.2 npm http fetch GET 200 https://registry.npmmirror.com/daterangepicker 392ms (cache miss)
#12 219.2 npm http cache https://registry.npmmirror.com/diff 3ms (cache hit)
#12 219.6 npm http fetch GET 200 https://registry.npmmirror.com/dompurify 398ms (cache miss)
#12 220.0 npm http fetch GET 200 https://registry.npmmirror.com/downshift 392ms (cache miss)
#12 220.4 npm http fetch GET 200 https://registry.npmmirror.com/es6-promise 380ms (cache miss)
#12 221.1 npm http fetch GET 200 https://registry.npmmirror.com/escodegen 641ms (cache miss)
#12 221.5 npm http fetch GET 200 https://registry.npmmirror.com/eslint-config-standard-jsx 418ms (cache miss)
#12 221.6 npm http fetch GET 200 https://registry.npmmirror.com/eslint-plugin-react 93ms (cache miss)
#12 221.7 npm http fetch GET 200 https://registry.npmmirror.com/eslint-plugin-jsx-a11y 98ms (cache miss)
#12 222.1 npm http fetch GET 200 https://registry.npmmirror.com/jiti 426ms (cache miss)
#12 222.6 npm http fetch GET 200 https://registry.npmmirror.com/eslint-plugin-react-hooks 422ms (cache miss)
#12 223.1 npm http fetch GET 200 https://registry.npmmirror.com/eslint-plugin-testing-library 409ms (cache miss)
#12 223.5 npm http fetch GET 200 https://registry.npmmirror.com/esmock 414ms (cache miss)
#12 223.9 npm http fetch GET 200 https://registry.npmmirror.com/events 434ms (cache miss)
#12 224.3 npm http fetch GET 200 https://registry.npmmirror.com/fake-indexeddb 378ms (cache miss)
#12 224.7 npm http fetch GET 200 https://registry.npmmirror.com/fetch-mock 403ms (cache miss)
#12 225.5 npm http fetch GET 200 https://registry.npmmirror.com/formik 809ms (cache miss)
#12 225.9 npm http fetch GET 200 https://registry.npmmirror.com/fuse.js 407ms (cache miss)
#12 225.9 npm http cache https://registry.npmmirror.com/glob 3ms (cache hit)
#12 226.3 npm http fetch GET 200 https://registry.npmmirror.com/handlebars 355ms (cache miss)
#12 226.7 npm http fetch GET 200 https://registry.npmmirror.com/handlebars-loader 407ms (cache miss)
#12 227.1 npm http fetch GET 200 https://registry.npmmirror.com/html-webpack-plugin 401ms (cache miss)
#12 227.5 npm http fetch GET 200 https://registry.npmmirror.com/i18next-scanner 381ms (cache miss)
#12 228.0 npm http fetch GET 200 https://registry.npmmirror.com/jquery 483ms (cache miss)
#12 228.4 npm http fetch GET 200 https://registry.npmmirror.com/jscodeshift 403ms (cache miss)
#12 228.8 npm http fetch GET 200 https://registry.npmmirror.com/jsdom 410ms (cache miss)
#12 229.2 npm http fetch GET 200 https://registry.npmmirror.com/canvas 402ms (cache miss)
#12 229.7 npm http fetch GET 200 https://registry.npmmirror.com/jsdom-global 445ms (cache miss)
#12 229.7 npm http cache https://registry.npmmirror.com/less 3ms (cache hit)
#12 230.3 npm http fetch GET 200 https://registry.npmmirror.com/less-loader 651ms (cache miss)
#12 230.7 npm http fetch GET 200 https://registry.npmmirror.com/match-sorter 366ms (cache miss)
#12 231.1 npm http fetch GET 200 https://registry.npmmirror.com/mathjax 423ms (cache miss)
#12 231.5 npm http fetch GET 200 https://registry.npmmirror.com/mensch 354ms (cache miss)
#12 231.6 npm http fetch GET 200 https://registry.npmmirror.com/micromark 77ms (cache miss)
#12 232.1 npm http fetch GET 200 https://registry.npmmirror.com/mini-css-extract-plugin 571ms (cache miss)
#12 232.2 npm http cache https://registry.npmmirror.com/mocha 10ms (cache hit)
#12 232.6 npm http fetch GET 200 https://registry.npmmirror.com/mocha-each 370ms (cache miss)
#12 233.0 npm http fetch GET 200 https://registry.npmmirror.com/mock-fs 368ms (cache miss)
#12 233.4 npm http fetch GET 200 https://registry.npmmirror.com/nock 415ms (cache miss)
#12 233.8 npm http fetch GET 200 https://registry.npmmirror.com/nvd3 405ms (cache miss)
#12 234.2 npm http fetch GET 200 https://registry.npmmirror.com/pdfjs-dist 418ms (cache miss)
#12 234.7 npm http fetch GET 200 https://registry.npmmirror.com/pirates 436ms (cache miss)
#12 235.1 npm http fetch GET 200 https://registry.npmmirror.com/postcss-loader 431ms (cache miss)
#12 235.5 npm http fetch GET 200 https://registry.npmmirror.com/prop-types 363ms (cache miss)
#12 235.9 npm http fetch GET 200 https://registry.npmmirror.com/qrcode 406ms (cache miss)
#12 236.3 npm http fetch GET 200 https://registry.npmmirror.com/react-bootstrap 385ms (cache miss)
#12 236.7 npm http fetch GET 200 https://registry.npmmirror.com/react-chartjs-2 368ms (cache miss)
#12 237.0 npm http fetch GET 200 https://registry.npmmirror.com/react-color 368ms (cache miss)
#12 237.4 npm http fetch GET 200 https://registry.npmmirror.com/react-dnd 406ms (cache miss)
#12 237.8 npm http fetch GET 200 https://registry.npmmirror.com/@types%2fhoist-non-react-statics 366ms (cache miss)
#12 237.8 npm http cache https://registry.npmmirror.com/@types%2fnode 17ms (cache hit)
#12 238.4 npm http fetch GET 200 https://registry.npmmirror.com/react-dnd-html5-backend 436ms (cache miss)
#12 238.8 npm http fetch GET 200 https://registry.npmmirror.com/react-error-boundary 377ms (cache miss)
#12 239.2 npm http fetch GET 200 https://registry.npmmirror.com/react-google-recaptcha 448ms (cache miss)
#12 239.6 npm http fetch GET 200 https://registry.npmmirror.com/react-i18next 437ms (cache miss)
#12 240.0 npm http fetch GET 200 https://registry.npmmirror.com/react-linkify 376ms (cache miss)
#12 240.4 npm http fetch GET 200 https://registry.npmmirror.com/react-resizable-panels 394ms (cache miss)
#12 240.8 npm http fetch GET 200 https://registry.npmmirror.com/resolve-url-loader 388ms (cache miss)
#12 241.2 npm http fetch GET 200 https://registry.npmmirror.com/samlp 390ms (cache miss)
#12 241.5 npm http fetch GET 200 https://codeload.github.com/overleaf/node-sandboxed-module/tar.gz/cafa2d60f17ce75cc023e6f296eb8de79d92d35d 292ms (cache miss)
#12 247.9 npm http cache https://registry.npmmirror.com/sass 5ms (cache hit)
#12 248.3 npm http fetch GET 200 https://registry.npmmirror.com/sass-loader 399ms (cache miss)
#12 248.7 npm http fetch GET 200 https://registry.npmmirror.com/node-sass 398ms (cache miss)
#12 248.8 npm http fetch GET 200 https://registry.npmmirror.com/sass-embedded 77ms (cache miss)
#12 249.3 npm http fetch GET 200 https://registry.npmmirror.com/scroll-into-view-if-needed 462ms (cache miss)
#12 249.8 npm http fetch GET 200 https://registry.npmmirror.com/sinon 549ms (cache miss)
#12 250.2 npm http fetch GET 200 https://registry.npmmirror.com/sinon-chai 389ms (cache miss)
#12 250.6 npm http fetch GET 200 https://registry.npmmirror.com/sinon-mongoose 367ms (cache miss)
#12 251.0 npm http fetch GET 200 https://registry.npmmirror.com/stylelint-config-standard-scss 368ms (cache miss)
#12 251.4 npm http fetch GET 200 https://registry.npmmirror.com/stylelint 435ms (cache miss)
#12 251.8 npm http fetch GET 200 https://registry.npmmirror.com/terser-webpack-plugin 385ms (cache miss)
#12 252.3 npm http fetch GET 200 https://registry.npmmirror.com/thread-loader 418ms (cache miss)
#12 252.6 npm http fetch GET 200 https://registry.npmmirror.com/timekeeper 380ms (cache miss)
#12 253.0 npm http fetch GET 200 https://registry.npmmirror.com/to-string-loader 364ms (cache miss)
#12 253.5 npm http fetch GET 200 https://registry.npmmirror.com/tty-browserify 440ms (cache miss)
#12 253.5 npm http fetch GET 200 https://registry.npmmirror.com/uuid 72ms (cache miss)
#12 253.5 npm http cache https://registry.npmmirror.com/w3c-keyname 4ms (cache hit)
#12 253.9 npm http fetch GET 200 https://registry.npmmirror.com/webpack-assets-manifest 396ms (cache miss)
#12 254.3 npm http fetch GET 200 https://registry.npmmirror.com/webpack-cli 370ms (cache miss)
#12 254.7 npm http fetch GET 200 https://registry.npmmirror.com/webpack-merge 383ms (cache miss)
#12 255.2 npm http fetch GET 200 https://registry.npmmirror.com/yup 487ms (cache miss)
#12 255.5 npm http cache https://registry.npmmirror.com/@jridgewell%2ftrace-mapping 11ms (cache hit)
#12 255.5 npm http cache https://registry.npmmirror.com/convert-source-map 13ms (cache hit)
#12 255.5 npm http cache https://registry.npmmirror.com/chokidar 13ms (cache hit)
#12 255.5 npm http cache https://registry.npmmirror.com/@babel%2fcode-frame 13ms (cache hit)
#12 255.6 npm http fetch GET 200 https://registry.npmmirror.com/commander 98ms (cache miss)
#12 255.9 npm http fetch GET 200 https://registry.npmmirror.com/fs-readdir-recursive 374ms (cache miss)
#12 255.9 npm http fetch GET 200 https://registry.npmmirror.com/@babel%2fhelper-compilation-targets 377ms (cache miss)
#12 255.9 npm http fetch GET 200 https://registry.npmmirror.com/make-dir 452ms (cache miss)
#12 256.0 npm http fetch GET 200 https://registry.npmmirror.com/@babel%2fparser 112ms (cache miss)
#12 256.0 npm http fetch GET 200 https://registry.npmmirror.com/@babel%2fhelper-module-transforms 466ms (cache miss)
#12 256.0 npm http cache https://registry.npmmirror.com/@jridgewell%2fremapping 6ms (cache hit)
#12 256.0 npm http fetch GET 200 https://registry.npmmirror.com/@babel%2fgenerator 498ms (cache miss)
#12 256.0 npm http fetch GET 200 https://registry.npmmirror.com/@babel%2fhelpers 418ms (cache miss)
#12 256.1 npm http fetch GET 200 https://registry.npmmirror.com/@babel%2ftypes 76ms (cache miss)
#12 256.1 npm http fetch GET 200 https://registry.npmmirror.com/json5 81ms (cache miss)
#12 256.3 npm http fetch GET 200 https://registry.npmmirror.com/@babel%2ftemplate 426ms (cache miss)
#12 256.4 npm http fetch GET 200 https://registry.npmmirror.com/@babel%2ftraverse 420ms (cache miss)
#12 256.4 npm http fetch GET 200 https://registry.npmmirror.com/@babel%2fcompat-data 387ms (cache miss)
#12 256.4 npm http fetch GET 200 https://registry.npmmirror.com/gensync 440ms (cache miss)
#12 256.5 npm http fetch GET 200 https://registry.npmmirror.com/@babel%2fhelper-plugin-utils 395ms (cache miss)
#12 256.5 npm http fetch GET 200 https://registry.npmmirror.com/@babel%2fhelper-validator-option 382ms (cache miss)
#12 256.7 npm http fetch GET 200 https://registry.npmmirror.com/@babel%2fplugin-bugfix-firefox-class-in-computed-class-key 435ms (cache miss)
#12 256.8 npm http fetch GET 200 https://registry.npmmirror.com/@babel%2fplugin-bugfix-safari-class-field-initializer-scope 415ms (cache miss)
#12 256.8 npm http fetch GET 200 https://registry.npmmirror.com/@babel%2fplugin-bugfix-safari-id-destructuring-collision-in-function-expression 384ms (cache miss)
#12 256.8 npm http fetch GET 200 https://registry.npmmirror.com/@babel%2fplugin-bugfix-safari-rest-destructuring-rhs-array 371ms (cache miss)
#12 256.8 npm http fetch GET 200 https://registry.npmmirror.com/@babel%2fplugin-bugfix-v8-static-class-fields-redefine-readonly 381ms (cache miss)
#12 256.9 npm http fetch GET 200 https://registry.npmmirror.com/@babel%2fplugin-bugfix-v8-spread-parameters-in-optional-chaining 430ms (cache miss)
#12 256.9 npm http fetch GET 200 https://registry.npmmirror.com/@nicolo-ribaudo%2fchokidar-2 1427ms (cache miss)
#12 257.1 npm http fetch GET 200 https://registry.npmmirror.com/@babel%2fplugin-proposal-private-property-in-object 385ms (cache miss)
#12 257.1 npm http fetch GET 200 https://registry.npmmirror.com/@babel%2fplugin-syntax-import-attributes 367ms (cache miss)
#12 257.2 npm http fetch GET 200 https://registry.npmmirror.com/@babel%2fplugin-syntax-unicode-sets-regex 363ms (cache miss)
#12 257.2 npm http fetch GET 200 https://registry.npmmirror.com/@babel%2fplugin-transform-arrow-functions 362ms (cache miss)
#12 257.3 npm http fetch GET 200 https://registry.npmmirror.com/@babel%2fplugin-transform-async-generator-functions 424ms (cache miss)
#12 257.5 npm http fetch GET 200 https://registry.npmmirror.com/@babel%2fplugin-transform-block-scoped-functions 401ms (cache miss)
#12 257.6 npm http fetch GET 200 https://registry.npmmirror.com/@babel%2fplugin-transform-class-properties 387ms (cache miss)
#12 257.6 npm http fetch GET 200 https://registry.npmmirror.com/@babel%2fplugin-transform-block-scoping 417ms (cache miss)
#12 257.6 npm http fetch GET 200 https://registry.npmmirror.com/@babel%2fplugin-transform-class-static-block 397ms (cache miss)
#12 257.7 npm http fetch GET 200 https://registry.npmmirror.com/@babel%2fplugin-transform-classes 362ms (cache miss)
#12 257.8 npm http fetch GET 200 https://registry.npmmirror.com/@babel%2fplugin-syntax-import-assertions 1005ms (cache miss)
#12 257.9 npm http fetch GET 200 https://registry.npmmirror.com/@babel%2fplugin-transform-computed-properties 356ms (cache miss)
#12 258.0 npm http fetch GET 200 https://registry.npmmirror.com/@babel%2fplugin-transform-destructuring 400ms (cache miss)
#12 258.0 npm http fetch GET 200 https://registry.npmmirror.com/@babel%2fplugin-transform-dotall-regex 401ms (cache miss)
#12 258.0 npm http fetch GET 200 https://registry.npmmirror.com/@babel%2fplugin-transform-duplicate-keys 390ms (cache miss)
#12 258.0 npm http fetch GET 200 https://registry.npmmirror.com/@babel%2fplugin-transform-duplicate-named-capturing-groups-regex 364ms (cache miss)
#12 258.2 npm http fetch GET 200 https://registry.npmmirror.com/@babel%2fplugin-transform-dynamic-import 379ms (cache miss)
#12 258.2 npm http fetch GET 200 https://registry.npmmirror.com/@babel%2fplugin-transform-async-to-generator 1289ms (cache miss)
#12 258.4 npm http fetch GET 200 https://registry.npmmirror.com/@babel%2fplugin-transform-explicit-resource-management 463ms (cache miss)
#12 258.4 npm http fetch GET 200 https://registry.npmmirror.com/@babel%2fplugin-transform-exponentiation-operator 423ms (cache miss)
#12 258.4 npm http fetch GET 200 https://registry.npmmirror.com/@babel%2fplugin-transform-export-namespace-from 408ms (cache miss)
#12 258.4 npm http fetch GET 200 https://registry.npmmirror.com/@babel%2fplugin-transform-for-of 417ms (cache miss)
#12 258.4 npm http fetch GET 200 https://registry.npmmirror.com/@babel%2fplugin-transform-function-name 393ms (cache miss)
#12 258.6 npm http fetch GET 200 https://registry.npmmirror.com/@babel%2fplugin-transform-json-strings 397ms (cache miss)
#12 258.6 npm http fetch GET 200 https://registry.npmmirror.com/@babel%2fplugin-transform-literals 362ms (cache miss)
#12 258.8 npm http fetch GET 200 https://registry.npmmirror.com/@babel%2fplugin-transform-modules-amd 400ms (cache miss)
#12 258.8 npm http fetch GET 200 https://registry.npmmirror.com/@babel%2fplugin-transform-modules-commonjs 384ms (cache miss)
#12 258.9 npm http fetch GET 200 https://registry.npmmirror.com/@babel%2fplugin-transform-modules-systemjs 434ms (cache miss)
#12 259.0 npm http fetch GET 200 https://registry.npmmirror.com/@babel%2fplugin-transform-member-expression-literals 573ms (cache miss)
#12 259.0 npm http fetch GET 200 https://registry.npmmirror.com/@babel%2fplugin-transform-modules-umd 400ms (cache miss)
#12 259.0 npm http fetch GET 200 https://registry.npmmirror.com/@babel%2fplugin-transform-named-capturing-groups-regex 412ms (cache miss)
#12 259.2 npm http fetch GET 200 https://registry.npmmirror.com/@babel%2fplugin-transform-nullish-coalescing-operator 381ms (cache miss)
#12 259.2 npm http fetch GET 200 https://registry.npmmirror.com/@babel%2fplugin-transform-new-target 410ms (cache miss)
#12 259.3 npm http fetch GET 200 https://registry.npmmirror.com/@babel%2fplugin-transform-numeric-separator 397ms (cache miss)
#12 259.3 npm http fetch GET 200 https://registry.npmmirror.com/@babel%2fplugin-transform-logical-assignment-operators 970ms (cache miss)
#12 259.3 npm http fetch GET 200 https://registry.npmmirror.com/@babel%2fplugin-transform-object-rest-spread 378ms (cache miss)
#12 259.3 npm http fetch GET 200 https://registry.npmmirror.com/@babel%2fplugin-transform-object-super 387ms (cache miss)
#12 259.4 npm http fetch GET 200 https://registry.npmmirror.com/@babel%2fplugin-transform-optional-catch-binding 406ms (cache miss)
#12 259.5 npm http fetch GET 200 https://registry.npmmirror.com/@babel%2fplugin-transform-optional-chaining 352ms (cache miss)
#12 259.6 npm http fetch GET 200 https://registry.npmmirror.com/@babel%2fplugin-transform-parameters 388ms (cache miss)
#12 259.7 npm http fetch GET 200 https://registry.npmmirror.com/@babel%2fplugin-transform-private-methods 384ms (cache miss)
#12 259.7 npm http fetch GET 200 https://registry.npmmirror.com/@babel%2fplugin-transform-property-literals 383ms (cache miss)
#12 259.8 npm http fetch GET 200 https://registry.npmmirror.com/@babel%2fplugin-transform-regenerator 426ms (cache miss)
#12 259.8 npm http fetch GET 200 https://registry.npmmirror.com/@babel%2fplugin-transform-regexp-modifiers 397ms (cache miss)
#12 259.9 npm http fetch GET 200 https://registry.npmmirror.com/@babel%2fplugin-transform-reserved-words 393ms (cache miss)
#12 260.0 npm http fetch GET 200 https://registry.npmmirror.com/@babel%2fplugin-transform-shorthand-properties 392ms (cache miss)
#12 260.1 npm http fetch GET 200 https://registry.npmmirror.com/@babel%2fplugin-transform-spread 439ms (cache miss)
#12 260.1 npm http fetch GET 200 https://registry.npmmirror.com/@babel%2fplugin-transform-sticky-regex 393ms (cache miss)
#12 260.2 npm http fetch GET 200 https://registry.npmmirror.com/@babel%2fplugin-transform-typeof-symbol 391ms (cache miss)
#12 260.3 npm http fetch GET 200 https://registry.npmmirror.com/@babel%2fplugin-transform-private-property-in-object 1002ms (cache miss)
#12 260.3 npm http fetch GET 200 https://registry.npmmirror.com/@babel%2fplugin-transform-unicode-escapes 399ms (cache miss)
#12 260.4 npm http fetch GET 200 https://registry.npmmirror.com/@babel%2fplugin-transform-unicode-property-regex 433ms (cache miss)
#12 260.5 npm http fetch GET 200 https://registry.npmmirror.com/@babel%2fplugin-transform-unicode-sets-regex 353ms (cache miss)
#12 260.5 npm http fetch GET 200 https://registry.npmmirror.com/@babel%2fpreset-modules 361ms (cache miss)
#12 260.7 npm http fetch GET 200 https://registry.npmmirror.com/babel-plugin-polyfill-corejs2 357ms (cache miss)
#12 260.8 npm http fetch GET 200 https://registry.npmmirror.com/babel-plugin-polyfill-corejs3 410ms (cache miss)
#12 260.8 npm http fetch GET 200 https://registry.npmmirror.com/babel-plugin-polyfill-regenerator 410ms (cache miss)
#12 260.9 npm http fetch GET 200 https://registry.npmmirror.com/@babel%2fplugin-transform-react-display-name 419ms (cache miss)
#12 261.0 npm http fetch GET 200 https://registry.npmmirror.com/@babel%2fplugin-transform-react-jsx 414ms (cache miss)
#12 261.4 npm http fetch GET 200 https://registry.npmmirror.com/clone-deep 452ms (cache miss)
#12 261.4 npm http fetch GET 200 https://registry.npmmirror.com/@babel%2fplugin-transform-react-jsx-development 722ms (cache miss)
#12 261.4 npm http fetch GET 200 https://registry.npmmirror.com/@babel%2fplugin-syntax-jsx 592ms (cache miss)
#12 261.4 npm http fetch GET 200 https://registry.npmmirror.com/@babel%2fplugin-transform-template-literals 1648ms (cache miss)
#12 261.4 npm http fetch GET 200 https://registry.npmmirror.com/@babel%2fplugin-transform-react-pure-annotations 681ms (cache miss)
#12 261.4 npm http fetch GET 200 https://registry.npmmirror.com/@babel%2fplugin-transform-typescript 546ms (cache miss)
#12 261.4 npm http cache https://registry.npmmirror.com/style-mod 10ms (cache hit)
#12 261.5 npm http cache https://registry.npmmirror.com/crelt 9ms (cache hit)
#12 261.5 npm http cache https://registry.npmmirror.com/crelt 15ms (cache hit)
#12 261.5 npm http cache https://registry.npmmirror.com/@marijn%2ffind-cluster-break 12ms (cache hit)
#12 261.5 npm http fetch GET 200 https://registry.npmmirror.com/@babel%2fplugin-transform-unicode-regex 1403ms (cache miss)
#12 261.5 npm http fetch GET 200 https://registry.npmmirror.com/source-map-support 87ms (cache miss)
#12 261.6 npm http fetch GET 200 https://registry.npmmirror.com/arrify 70ms (cache miss)
#12 261.8 npm http fetch GET 200 https://registry.npmmirror.com/@codemirror%2flang-html 365ms (cache miss)
#12 261.8 npm http fetch GET 200 https://registry.npmmirror.com/find-cache-dir 387ms (cache miss)
#12 261.8 npm http fetch GET 200 https://registry.npmmirror.com/@google-cloud%2fcommon 370ms (cache miss)
#12 261.9 npm http fetch GET 200 https://registry.npmmirror.com/extend 66ms (cache miss)
#12 261.9 npm http fetch GET 200 https://registry.npmmirror.com/@google-cloud%2fpaginator 413ms (cache miss)
#12 261.9 npm http fetch GET 200 https://registry.npmmirror.com/@google-cloud%2fpromisify 374ms (cache miss)
#12 261.9 npm http fetch GET 200 https://registry.npmmirror.com/@google-cloud%2fprecise-date 435ms (cache miss)
#12 262.0 npm http fetch GET 200 https://registry.npmmirror.com/big.js 391ms (cache miss)
#12 262.2 npm http fetch GET 200 https://registry.npmmirror.com/duplexify 400ms (cache miss)
#12 262.2 npm http fetch GET 200 https://registry.npmmirror.com/is 380ms (cache miss)
#12 262.3 npm http fetch GET 200 https://registry.npmmirror.com/stream-events 381ms (cache miss)
#12 262.3 npm http fetch GET 200 https://registry.npmmirror.com/type-is 374ms (cache miss)
#12 262.3 npm http fetch GET 200 https://registry.npmmirror.com/@node-oauth%2fformats 395ms (cache miss)
#12 262.3 npm http fetch GET 200 https://registry.npmmirror.com/@node-saml%2fnode-saml 372ms (cache miss)
#12 262.3 npm http fetch GET 200 https://registry.npmmirror.com/loose-envify 82ms (cache miss)
#12 262.3 npm http fetch GET 200 https://registry.npmmirror.com/loose-envify 73ms (cache miss)
#12 262.3 npm http fetch GET 200 https://registry.npmmirror.com/@types%2fpassport 376ms (cache miss)
#12 262.4 npm http fetch GET 200 https://registry.npmmirror.com/scheduler 167ms (cache miss)
#12 262.6 npm http fetch GET 200 https://registry.npmmirror.com/@types%2fpassport-strategy 391ms (cache miss)
#12 262.6 npm http fetch GET 200 https://registry.npmmirror.com/ansi-html 345ms (cache miss)
#12 262.6 npm http fetch GET 200 https://registry.npmmirror.com/passport-strategy 410ms (cache miss)
#12 262.6 npm http cache https://registry.npmmirror.com/@types%2festree 2ms (cache hit)
#12 262.7 npm http fetch GET 200 https://registry.npmmirror.com/source-map 74ms (cache miss)
#12 262.7 npm http fetch GET 200 https://registry.npmmirror.com/@types%2fjson-schema 78ms (cache miss)
#12 262.7 npm http fetch GET 200 https://registry.npmmirror.com/error-stack-parser 372ms (cache miss)
#12 262.8 npm http fetch GET 200 https://registry.npmmirror.com/html-entities 421ms (cache miss)
#12 262.8 npm http fetch GET 200 https://registry.npmmirror.com/core-js-pure 480ms (cache miss)
#12 262.9 npm http fetch GET 200 https://registry.npmmirror.com/loader-utils 419ms (cache miss)
#12 262.9 npm http fetch GET 200 https://registry.npmmirror.com/browserslist 72ms (cache miss)
#12 263.0 npm http fetch GET 200 https://registry.npmmirror.com/enhanced-resolve 70ms (cache miss)
#12 263.0 npm http fetch GET 200 https://registry.npmmirror.com/schema-utils 404ms (cache miss)
#12 263.0 npm http fetch GET 200 https://registry.npmmirror.com/es-module-lexer 75ms (cache miss)
#12 263.1 npm http fetch GET 200 https://registry.npmmirror.com/@webassemblyjs%2fast 402ms (cache miss)
#12 263.1 npm http fetch GET 200 https://registry.npmmirror.com/@webassemblyjs%2fwasm-edit 402ms (cache miss)
#12 263.1 npm http fetch GET 200 https://registry.npmmirror.com/graceful-fs 87ms (cache miss)
#12 263.1 npm http fetch GET 200 https://registry.npmmirror.com/@webassemblyjs%2fwasm-parser 427ms (cache miss)
#12 263.2 npm http fetch GET 200 https://registry.npmmirror.com/mime-db 79ms (cache miss)
#12 263.2 npm http fetch GET 200 https://registry.npmmirror.com/acorn-import-phases 437ms (cache miss)
#12 263.2 npm http fetch GET 200 https://registry.npmmirror.com/tapable 75ms (cache miss)
#12 263.3 npm http fetch GET 200 https://registry.npmmirror.com/chrome-trace-event 378ms (cache miss)
#12 263.4 npm http fetch GET 200 https://registry.npmmirror.com/glob-to-regexp 411ms (cache miss)
#12 263.5 npm http fetch GET 200 https://registry.npmmirror.com/loader-runner 382ms (cache miss)
#12 263.5 npm http fetch GET 200 https://registry.npmmirror.com/neo-async 353ms (cache miss)
#12 263.6 npm http fetch GET 200 https://registry.npmmirror.com/webpack-sources 403ms (cache miss)
#12 263.6 npm http fetch GET 200 https://registry.npmmirror.com/watchpack 429ms (cache miss)
#12 263.7 npm http fetch GET 200 https://registry.npmmirror.com/fast-json-stable-stringify 72ms (cache miss)
#12 263.7 npm http fetch GET 200 https://registry.npmmirror.com/@pollyjs%2futils 446ms (cache miss)
#12 263.7 npm http fetch GET 200 https://registry.npmmirror.com/@pollyjs%2futils 224ms (cache miss)
#12 263.7 npm http fetch GET 200 https://registry.npmmirror.com/@pollyjs%2fadapter 492ms (cache miss)
#12 263.8 npm http fetch GET 200 https://registry.npmmirror.com/lodash-es 108ms (cache miss)
#12 263.8 npm http fetch GET 200 https://registry.npmmirror.com/lodash-es 413ms (cache miss)
#12 263.9 npm http fetch GET 200 https://registry.npmmirror.com/@sindresorhus%2ffnv1a 385ms (cache miss)
#12 264.0 npm http fetch GET 200 https://registry.npmmirror.com/blueimp-md5 409ms (cache miss)
#12 264.1 npm http fetch GET 200 https://registry.npmmirror.com/loglevel 373ms (cache miss)
#12 264.1 npm http fetch GET 200 https://registry.npmmirror.com/is-absolute-url 395ms (cache miss)
#12 264.1 npm http fetch GET 200 https://registry.npmmirror.com/route-recognizer 381ms (cache miss)
#12 264.2 npm http fetch GET 200 https://registry.npmmirror.com/slugify 372ms (cache miss)
#12 264.2 npm http fetch GET 200 https://registry.npmmirror.com/@pollyjs%2fnode-server 390ms (cache miss)
#12 264.3 npm http fetch GET 200 https://registry.npmmirror.com/@pollyjs%2fpersister 394ms (cache miss)
#12 264.3 npm http fetch GET 200 https://registry.npmmirror.com/tslib 78ms (cache miss)
#12 264.4 npm http fetch GET 200 https://registry.npmmirror.com/@sentry-internal%2ftracing 413ms (cache miss)
#12 264.6 npm http fetch GET 200 https://registry.npmmirror.com/@sentry%2freplay 502ms (cache miss)
#12 264.6 npm http fetch GET 200 https://registry.npmmirror.com/@sentry%2ftypes 514ms (cache miss)
#12 264.7 npm http fetch GET 200 https://registry.npmmirror.com/@sentry%2fcore 583ms (cache miss)
#12 264.7 npm http fetch GET 200 https://registry.npmmirror.com/@sentry%2futils 498ms (cache miss)
#12 264.7 npm http fetch GET 200 https://registry.npmmirror.com/@storybook%2fglobal 437ms (cache miss)
#12 264.8 npm http fetch GET 200 https://registry.npmmirror.com/@storybook%2faddon-highlight 495ms (cache miss)
#12 265.0 npm http fetch GET 200 https://registry.npmmirror.com/axe-core 520ms (cache miss)
#12 265.7 npm http fetch GET 200 https://registry.npmmirror.com/@storybook%2faddon-measure 883ms (cache miss)
#12 265.9 npm http fetch GET 200 https://registry.npmmirror.com/@storybook%2fcore 1320ms (cache miss)
#12 266.1 npm http fetch GET 200 https://registry.npmmirror.com/@storybook%2faddon-controls 1414ms (cache miss)
#12 266.2 npm http fetch GET 200 https://registry.npmmirror.com/@storybook%2faddon-outline 1134ms (cache miss)
#12 266.4 npm http fetch GET 200 https://registry.npmmirror.com/@storybook%2faddon-actions 1738ms (cache miss)
#12 266.5 npm http fetch GET 200 https://registry.npmmirror.com/@storybook%2faddon-backgrounds 1793ms (cache miss)
#12 266.6 npm http fetch GET 200 https://registry.npmmirror.com/ts-dedent 472ms (cache miss)
#12 266.6 npm http fetch GET 200 https://registry.npmmirror.com/ts-dedent 87ms (cache miss)
#12 266.7 npm http fetch GET 200 https://registry.npmmirror.com/@storybook%2faddon-toolbars 937ms (cache miss)
#12 266.7 npm http fetch GET 200 https://registry.npmmirror.com/@storybook%2faddon-docs 2010ms (cache miss)
#12 266.9 npm http fetch GET 200 https://registry.npmmirror.com/polished 444ms (cache miss)
#12 266.9 npm http fetch GET 200 https://registry.npmmirror.com/@storybook%2finstrumenter 678ms (cache miss)
#12 267.0 npm http fetch GET 200 https://registry.npmmirror.com/@storybook%2faddon-viewport 952ms (cache miss)
#12 267.1 npm http fetch GET 200 https://registry.npmmirror.com/@types%2fsemver 411ms (cache miss)
#12 267.2 npm http fetch GET 200 https://registry.npmmirror.com/@storybook%2fnode-logger 597ms (cache miss)
#12 267.3 npm http fetch GET 200 https://registry.npmmirror.com/envinfo 442ms (cache miss)
#12 267.3 npm http fetch GET 200 https://registry.npmmirror.com/create-storybook 472ms (cache miss)
#12 267.4 npm http fetch GET 200 https://registry.npmmirror.com/fd-package-json 411ms (cache miss)
#12 267.5 npm http fetch GET 200 https://registry.npmmirror.com/giget 444ms (cache miss)
#12 267.5 npm http fetch GET 200 https://registry.npmmirror.com/leven 401ms (cache miss)
#12 267.7 npm http fetch GET 200 https://registry.npmmirror.com/prompts 434ms (cache miss)
#12 267.7 npm http cache https://registry.npmmirror.com/@storybook%2ftheming 13ms (cache hit)
#12 267.8 npm http fetch GET 200 https://registry.npmmirror.com/tiny-invariant 442ms (cache miss)
#12 268.3 npm http fetch GET 200 https://registry.npmmirror.com/@storybook%2fcomponents 945ms (cache miss)
#12 268.9 npm http fetch GET 200 https://registry.npmmirror.com/@storybook%2fpreview-api 1433ms (cache miss)
#12 269.0 npm http fetch GET 200 https://registry.npmmirror.com/@storybook%2fmanager-api 1587ms (cache miss)
#12 269.1 npm http fetch GET 200 https://registry.npmmirror.com/@babel%2fruntime 804ms (cache miss)
#12 269.2 npm http fetch GET 200 https://registry.npmmirror.com/@storybook%2fcodemod 2586ms (cache miss)
#12 269.6 npm http fetch GET 200 https://registry.npmmirror.com/@cypress%2fxvfb 586ms (cache miss)
#12 269.6 npm http fetch GET 200 https://registry.npmmirror.com/@cypress%2frequest 614ms (cache miss)
#12 269.7 npm http fetch GET 200 https://registry.npmmirror.com/@types%2fsinonjs__fake-timers 510ms (cache miss)
#12 269.7 npm http fetch GET 200 https://registry.npmmirror.com/@types%2fsizzle 411ms (cache miss)
#12 269.8 npm http fetch GET 200 https://registry.npmmirror.com/@storybook%2fpreset-react-webpack 1992ms (cache miss)
#12 269.9 npm http fetch GET 200 https://registry.npmmirror.com/@storybook%2fbuilder-webpack5 2164ms (cache miss)
#12 270.0 npm http fetch GET 200 https://registry.npmmirror.com/blob-util 435ms (cache miss)
#12 270.0 npm http fetch GET 200 https://registry.npmmirror.com/arch 441ms (cache miss)
#12 270.0 npm http fetch GET 200 https://registry.npmmirror.com/cli-cursor 34ms (cache miss)
#12 270.1 npm http fetch GET 200 https://registry.npmmirror.com/buffer 405ms (cache miss)
#12 270.2 npm http fetch GET 200 https://registry.npmmirror.com/cachedir 358ms (cache miss)
#12 270.4 npm http fetch GET 200 https://registry.npmmirror.com/cli-table3 410ms (cache miss)
#12 270.4 npm http fetch GET 200 https://registry.npmmirror.com/check-more-types 431ms (cache miss)
#12 270.4 npm http fetch GET 200 https://registry.npmmirror.com/common-tags 408ms (cache miss)
#12 270.5 npm http fetch GET 200 https://registry.npmmirror.com/dayjs 384ms (cache miss)
#12 270.6 npm http fetch GET 200 https://registry.npmmirror.com/enquirer 427ms (cache miss)
#12 270.7 npm http fetch GET 200 https://registry.npmmirror.com/bluebird 1037ms (cache miss)
#12 270.8 npm http fetch GET 200 https://registry.npmmirror.com/eventemitter2 376ms (cache miss)
#12 270.8 npm http fetch GET 200 https://registry.npmmirror.com/execa 385ms (cache miss)
#12 270.8 npm http fetch GET 200 https://registry.npmmirror.com/executable 372ms (cache miss)
#12 270.9 npm http fetch GET 200 https://registry.npmmirror.com/extract-zip 398ms (cache miss)
#12 271.0 npm http fetch GET 200 https://registry.npmmirror.com/figures 405ms (cache miss)
#12 271.0 npm http cache https://registry.npmmirror.com/log-symbols 2ms (cache hit)
#12 271.4 npm http fetch GET 200 https://registry.npmmirror.com/ospath 432ms (cache miss)
#12 271.5 npm http fetch GET 200 https://registry.npmmirror.com/is-installed-globally 643ms (cache miss)
#12 271.5 npm http fetch GET 200 https://registry.npmmirror.com/lazy-ass 634ms (cache miss)
#12 271.5 npm http fetch GET 200 https://registry.npmmirror.com/listr2 527ms (cache miss)
#12 271.5 npm http fetch GET 200 https://registry.npmmirror.com/proxy-from-env 69ms (cache miss)
#12 271.5 npm http cache https://registry.npmmirror.com/supports-color 3ms (cache hit)
#12 271.7 npm http fetch GET 200 https://registry.npmmirror.com/@storybook%2freact-dom-shim 4175ms (cache miss)
#12 271.8 npm http fetch GET 200 https://registry.npmmirror.com/getos 1056ms (cache miss)
#12 271.8 npm http fetch GET 200 https://registry.npmmirror.com/process 355ms (cache miss)
#12 271.8 npm http fetch GET 200 https://registry.npmmirror.com/pretty-bytes 371ms (cache miss)
#12 271.8 npm http fetch GET 200 https://registry.npmmirror.com/is-ci 1028ms (cache miss)
#12 271.8 npm http cache https://registry.npmmirror.com/picocolors 4ms (cache hit)
#12 271.9 npm http fetch GET 200 https://registry.npmmirror.com/aria-query 118ms (cache miss)
#12 271.9 npm http fetch GET 200 https://registry.npmmirror.com/request-progress 411ms (cache miss)
#12 272.0 npm http fetch GET 200 https://registry.npmmirror.com/untildify 418ms (cache miss)
#12 272.1 npm http fetch GET 200 https://registry.npmmirror.com/@types%2faria-query 370ms (cache miss)
#12 272.2 npm http fetch GET 200 https://registry.npmmirror.com/dom-accessibility-api 378ms (cache miss)
#12 272.2 npm http fetch GET 200 https://registry.npmmirror.com/pretty-format 409ms (cache miss)
#12 272.3 npm http fetch GET 200 https://registry.npmmirror.com/lz-string 427ms (cache miss)
#12 272.3 npm http fetch GET 200 https://registry.npmmirror.com/csstype 80ms (cache miss)
#12 272.3 npm http fetch GET 200 https://registry.npmmirror.com/@types%2fqs 401ms (cache miss)
#12 272.3 npm http fetch GET 200 https://registry.npmmirror.com/@types%2fprop-types 72ms (cache miss)
#12 272.3 npm http fetch GET 200 https://registry.npmmirror.com/@types%2fserve-static 377ms (cache miss)
#12 272.3 npm http fetch GET 200 https://registry.npmmirror.com/@types%2fbody-parser 455ms (cache miss)
#12 272.6 npm http fetch GET 200 https://registry.npmmirror.com/@types%2fexpress-serve-static-core 464ms (cache miss)
#12 272.6 npm http cache https://registry.npmmirror.com/nanoid 5ms (cache hit)
#12 272.9 npm http fetch GET 200 https://registry.npmmirror.com/@uppy%2fstore-default 561ms (cache miss)
#12 272.9 npm http fetch GET 200 https://registry.npmmirror.com/@types%2fsinon 610ms (cache miss)
#12 273.0 npm http fetch GET 200 https://registry.npmmirror.com/namespace-emitter 615ms (cache miss)
#12 273.0 npm http fetch GET 200 https://registry.npmmirror.com/mime-match 633ms (cache miss)
#12 273.0 npm http fetch GET 200 https://registry.npmmirror.com/@types%2freactcss 713ms (cache miss)
#12 273.0 npm http fetch GET 200 https://registry.npmmirror.com/@transloadit%2fprettier-bytes 676ms (cache miss)
#12 273.0 npm http fetch GET 200 https://registry.npmmirror.com/memoize-one 85ms (cache miss)
#12 273.1 npm http fetch GET 200 https://registry.npmmirror.com/preact 462ms (cache miss)
#12 273.1 npm http fetch GET 200 https://registry.npmmirror.com/preact 238ms (cache miss)
#12 273.1 npm http fetch GET 200 https://registry.npmmirror.com/preact 165ms (cache miss)
#12 273.6 npm http fetch GET 200 https://registry.npmmirror.com/is-shallow-equal 662ms (cache miss)
#12 273.6 npm http fetch GET 200 https://registry.npmmirror.com/@uppy%2finformer 669ms (cache miss)
#12 273.6 npm http fetch GET 200 https://registry.npmmirror.com/@uppy%2fcompanion-client 529ms (cache miss)
#12 273.6 npm http fetch GET 200 https://registry.npmmirror.com/@uppy%2fthumbnail-generator 671ms (cache miss)
#12 273.6 npm http fetch GET 200 https://registry.npmmirror.com/@uppy%2fprovider-views 680ms (cache miss)
#12 273.7 npm http fetch GET 200 https://registry.npmmirror.com/recast 519ms (cache miss)
#12 273.8 npm http fetch GET 200 https://registry.npmmirror.com/json-schema-traverse 201ms (cache miss)
#12 273.8 npm http fetch GET 200 https://registry.npmmirror.com/mime-types 218ms (cache miss)
#12 273.9 npm http fetch GET 200 https://registry.npmmirror.com/event-target-shim 766ms (cache miss)
#12 274.0 npm http fetch GET 200 https://registry.npmmirror.com/require-from-string 368ms (cache miss)
#12 274.0 npm http cache https://registry.npmmirror.com/inherits 4ms (cache hit)
#12 274.0 npm http fetch GET 200 https://registry.npmmirror.com/negotiator 389ms (cache miss)
#12 274.0 npm http cache https://registry.npmmirror.com/isarray 5ms (cache hit)
#12 274.0 npm http fetch GET 200 https://registry.npmmirror.com/fast-uri 398ms (cache miss)
#12 274.1 npm http fetch GET 200 https://registry.npmmirror.com/agentkeepalive 428ms (cache miss)
#12 274.1 npm http fetch GET 200 https://registry.npmmirror.com/object-keys 74ms (cache miss)
#12 274.2 npm http fetch GET 200 https://registry.npmmirror.com/foreach 364ms (cache miss)
#12 274.3 npm http fetch GET 200 https://registry.npmmirror.com/envify 429ms (cache miss)
#12 274.3 npm http fetch GET 200 https://registry.npmmirror.com/global 383ms (cache miss)
#12 274.3 npm http cache https://registry.npmmirror.com/readable-stream 2ms (cache hit)
#12 274.4 npm http fetch GET 200 https://registry.npmmirror.com/load-script 356ms (cache miss)
#12 274.4 npm http fetch GET 200 https://registry.npmmirror.com/querystring-es3 390ms (cache miss)
#12 274.5 npm http fetch GET 200 https://registry.npmmirror.com/reduce 381ms (cache miss)
#12 274.5 npm http fetch GET 200 https://registry.npmmirror.com/tunnel-agent 396ms (cache miss)
#12 274.6 npm http fetch GET 200 https://registry.npmmirror.com/archiver-utils 372ms (cache miss)
#12 274.6 npm http fetch GET 200 https://registry.npmmirror.com/fraction.js 88ms (cache miss)
#12 274.6 npm http cache https://registry.npmmirror.com/source-map-js 3ms (cache hit)
#12 274.6 npm http fetch GET 200 https://registry.npmmirror.com/caniuse-lite 130ms (cache miss)
#12 274.7 npm http fetch GET 200 https://registry.npmmirror.com/postcss-value-parser 70ms (cache miss)
#12 274.7 npm http fetch GET 200 https://registry.npmmirror.com/buffer-crc32 417ms (cache miss)
#12 274.7 npm http fetch GET 200 https://registry.npmmirror.com/readdir-glob 423ms (cache miss)
#12 274.8 npm http fetch GET 200 https://registry.npmmirror.com/tar-stream 416ms (cache miss)
#12 274.8 npm http cache https://registry.npmmirror.com/safe-buffer 2ms (cache hit)
#12 274.8 npm http fetch GET 200 https://registry.npmmirror.com/zip-stream 408ms (cache miss)
#12 274.9 npm http fetch GET 200 https://registry.npmmirror.com/node-addon-api 80ms (cache miss)
#12 275.0 npm http fetch GET 200 https://registry.npmmirror.com/cosmiconfig 366ms (cache miss)
#12 275.0 npm http fetch GET 200 https://registry.npmmirror.com/find-babel-config 387ms (cache miss)
#12 275.0 npm http cache https://registry.npmmirror.com/depd 3ms (cache hit)
#12 275.0 npm http cache https://registry.npmmirror.com/destroy 2ms (cache hit)
#12 275.0 npm http cache https://registry.npmmirror.com/http-errors 7ms (cache hit)
#12 275.1 npm http fetch GET 200 https://registry.npmmirror.com/pkg-up 408ms (cache miss)
#12 275.1 npm http cache https://registry.npmmirror.com/on-finished 3ms (cache hit)
#12 275.1 npm http fetch GET 200 https://registry.npmmirror.com/reselect 414ms (cache miss)
#12 275.1 npm http fetch GET 200 https://registry.npmmirror.com/underscore 387ms (cache miss)
#12 275.2 npm http fetch GET 200 https://registry.npmmirror.com/@mapbox%2fnode-pre-gyp 418ms (cache miss)
#12 275.3 npm http fetch GET 200 https://registry.npmmirror.com/bytes 390ms (cache miss)
#12 275.4 npm http fetch GET 200 https://registry.npmmirror.com/content-type 390ms (cache miss)
#12 275.4 npm http fetch GET 200 https://registry.npmmirror.com/iconv-lite 358ms (cache miss)
#12 275.7 npm http fetch GET 200 https://registry.npmmirror.com/unpipe 577ms (cache miss)
#12 275.7 npm http fetch GET 200 https://registry.npmmirror.com/raw-body 596ms (cache miss)
#12 275.7 npm http fetch GET 200 https://registry.npmmirror.com/qs 642ms (cache miss)
#12 275.7 npm http fetch GET 200 https://registry.npmmirror.com/cron-parser 493ms (cache miss)
#12 276.0 npm http fetch GET 200 https://registry.npmmirror.com/get-port 622ms (cache miss)
#12 276.0 npm http fetch GET 200 https://registry.npmmirror.com/p-timeout 279ms (cache miss)
#12 276.0 npm http fetch GET 200 https://registry.npmmirror.com/ioredis 610ms (cache miss)
#12 276.3 npm http fetch GET 200 https://registry.npmmirror.com/debuglog 947ms (cache miss)
#12 276.3 npm http fetch GET 200 https://registry.npmmirror.com/util.promisify 542ms (cache miss)
#12 276.3 npm http fetch GET 200 https://registry.npmmirror.com/promise.prototype.finally 556ms (cache miss)
#12 276.3 npm http fetch GET 200 https://registry.npmmirror.com/dtrace-provider 543ms (cache miss)
#12 276.3 npm http fetch GET 200 https://registry.npmmirror.com/@bcoe%2fv8-coverage 356ms (cache miss)
#12 276.4 npm http fetch GET 200 https://registry.npmmirror.com/mv 372ms (cache miss)
#12 276.4 npm http cache https://registry.npmmirror.com/rimraf 3ms (cache hit)
#12 276.4 npm http fetch GET 200 https://registry.npmmirror.com/safe-json-stringify 424ms (cache miss)
#12 276.6 npm http fetch GET 200 https://registry.npmmirror.com/foreground-child 357ms (cache miss)
#12 276.6 npm http cache https://registry.npmmirror.com/yargs 6ms (cache hit)
#12 276.6 npm http cache https://registry.npmmirror.com/yargs-parser 3ms (cache hit)
#12 276.7 npm http fetch GET 200 https://registry.npmmirror.com/istanbul-lib-report 381ms (cache miss)
#12 276.7 npm http fetch GET 200 https://registry.npmmirror.com/istanbul-lib-coverage 405ms (cache miss)
#12 276.7 npm http cache https://registry.npmmirror.com/escape-html 3ms (cache hit)
#12 276.7 npm http fetch GET 200 https://registry.npmmirror.com/@istanbuljs%2fschema 424ms (cache miss)
#12 276.8 npm http fetch GET 200 https://registry.npmmirror.com/test-exclude 423ms (cache miss)
#12 276.8 npm http fetch GET 200 https://registry.npmmirror.com/istanbul-reports 440ms (cache miss)
#12 276.8 npm http fetch GET 200 https://registry.npmmirror.com/date-fns 156ms (cache miss)
#12 276.8 npm http fetch GET 200 https://registry.npmmirror.com/v8-to-istanbul 432ms (cache miss)
#12 277.1 npm http fetch GET 200 https://registry.npmmirror.com/object-hash 419ms (cache miss)
#12 277.1 npm http fetch GET 200 https://registry.npmmirror.com/check-error 401ms (cache miss)
#12 277.1 npm http fetch GET 200 https://registry.npmmirror.com/assertion-error 416ms (cache miss)
#12 277.2 npm http fetch GET 200 https://registry.npmmirror.com/get-func-name 366ms (cache miss)
#12 277.2 npm http fetch GET 200 https://registry.npmmirror.com/loupe 391ms (cache miss)
#12 277.2 npm http fetch GET 200 https://registry.npmmirror.com/pathval 387ms (cache miss)
#12 277.2 npm http fetch GET 200 https://registry.npmmirror.com/cheerio-select 76ms (cache miss)
#12 277.3 npm http fetch GET 200 https://registry.npmmirror.com/domutils 79ms (cache miss)
#12 277.5 npm http fetch GET 200 https://registry.npmmirror.com/type-detect 385ms (cache miss)
#12 277.5 npm http fetch GET 200 https://registry.npmmirror.com/dom-serializer 236ms (cache miss)
#12 277.7 npm http fetch GET 200 https://registry.npmmirror.com/fclone 635ms (cache miss)
#12 277.7 npm http fetch GET 200 https://registry.npmmirror.com/encoding-sniffer 406ms (cache miss)
#12 277.8 npm http fetch GET 200 https://registry.npmmirror.com/domhandler 559ms (cache miss)
#12 277.8 npm http fetch GET 200 https://registry.npmmirror.com/@kurkle%2fcolor 697ms (cache miss)
#12 277.8 npm http fetch GET 200 https://registry.npmmirror.com/deep-eql 1015ms (cache miss)
#12 277.8 npm http fetch GET 200 https://registry.npmmirror.com/parse5-parser-stream 77ms (cache miss)
#12 277.8 npm http cache https://registry.npmmirror.com/normalize-path 5ms (cache hit)
#12 277.8 npm http cache https://registry.npmmirror.com/serialize-javascript 2ms (cache hit)
#12 277.9 npm http fetch GET 200 https://registry.npmmirror.com/whatwg-mimetype 77ms (cache miss)
#12 277.9 npm http fetch GET 200 https://registry.npmmirror.com/parse5 422ms (cache miss)
#12 277.9 npm http fetch GET 200 https://registry.npmmirror.com/undici 104ms (cache miss)
#12 277.9 npm http fetch GET 200 https://registry.npmmirror.com/htmlparser2 450ms (cache miss)
#12 278.1 npm http fetch GET 200 https://registry.npmmirror.com/parse5-htmlparser2-tree-adapter 396ms (cache miss)
#12 278.2 npm http fetch GET 200 https://registry.npmmirror.com/fast-glob 386ms (cache miss)
#12 278.2 npm http fetch GET 200 https://registry.npmmirror.com/icss-utils 399ms (cache miss)
#12 278.3 npm http fetch GET 200 https://registry.npmmirror.com/postcss-modules-extract-imports 380ms (cache miss)
#12 278.3 npm http fetch GET 200 https://registry.npmmirror.com/postcss-modules-local-by-default 369ms (cache miss)
#12 278.3 npm http fetch GET 200 https://registry.npmmirror.com/postcss-modules-values 411ms (cache miss)
#12 278.4 npm http fetch GET 200 https://registry.npmmirror.com/postcss-modules-scope 468ms (cache miss)
#12 278.5 npm http fetch GET 200 https://registry.npmmirror.com/cssnano 416ms (cache miss)
#12 278.6 npm http fetch GET 200 https://registry.npmmirror.com/csv-generate 369ms (cache miss)
#12 278.6 npm http fetch GET 200 https://registry.npmmirror.com/jest-worker 445ms (cache miss)
#12 278.7 npm http fetch GET 200 https://registry.npmmirror.com/csrf 439ms (cache miss)
#12 279.0 npm http fetch GET 200 https://registry.npmmirror.com/stream-transform 600ms (cache miss)
#12 279.0 npm http fetch GET 200 https://registry.npmmirror.com/ally.js 439ms (cache miss)
#12 279.0 npm http fetch GET 200 https://registry.npmmirror.com/csv-stringify 682ms (cache miss)
#12 279.1 npm http fetch GET 200 https://registry.npmmirror.com/@types%2ftrusted-types 442ms (cache miss)
#12 279.1 npm http fetch GET 200 https://registry.npmmirror.com/compute-scroll-into-view 434ms (cache miss)
#12 279.1 npm http cache https://registry.npmmirror.com/path-exists 5ms (cache hit)
#12 279.2 npm http fetch GET 200 https://registry.npmmirror.com/estraverse 101ms (cache miss)
#12 279.2 npm http fetch GET 200 https://registry.npmmirror.com/jake 122ms (cache miss)
#12 279.2 npm http fetch GET 200 https://registry.npmmirror.com/react-is 548ms (cache miss)
#12 279.3 npm http fetch GET 200 https://registry.npmmirror.com/csv-parse 990ms (cache miss)
#12 279.3 npm http fetch GET 200 https://registry.npmmirror.com/esprima 160ms (cache miss)
#12 279.3 npm http fetch GET 200 https://registry.npmmirror.com/mhook 367ms (cache miss)
#12 279.4 npm http fetch GET 200 https://registry.npmmirror.com/expressionify 378ms (cache miss)
#12 279.4 npm http fetch GET 200 https://registry.npmmirror.com/p-map 359ms (cache miss)
#12 279.6 npm http fetch GET 200 https://registry.npmmirror.com/array.prototype.tosorted 362ms (cache miss)
#12 279.6 npm http fetch GET 200 https://registry.npmmirror.com/array.prototype.findlast 406ms (cache miss)
#12 279.7 npm http fetch GET 200 https://registry.npmmirror.com/es-iterator-helpers 404ms (cache miss)
#12 279.7 npm http fetch GET 200 https://registry.npmmirror.com/axobject-query 94ms (cache miss)
#12 279.7 npm http cache https://registry.npmmirror.com/emoji-regex 3ms (cache hit)
#12 279.7 npm http fetch GET 200 https://registry.npmmirror.com/jsx-ast-utils 371ms (cache miss)
#12 279.7 npm http fetch GET 200 https://registry.npmmirror.com/object.entries 369ms (cache miss)
#12 279.7 npm http fetch GET 200 https://registry.npmmirror.com/string.prototype.matchall 361ms (cache miss)
#12 279.7 npm http fetch GET 200 https://registry.npmmirror.com/string.prototype.repeat 366ms (cache miss)
#12 279.8 npm http cache https://registry.npmmirror.com/@typescript-eslint%2fscope-manager 21ms (cache hit)
#12 279.9 npm http fetch GET 200 https://registry.npmmirror.com/jsx-ast-utils 150ms (cache miss)
#12 279.9 npm http cache https://registry.npmmirror.com/@typescript-eslint%2futils 26ms (cache hit)
#12 280.0 npm http cache https://registry.npmmirror.com/encodeurl 19ms (cache hit)
#12 280.0 npm http cache https://registry.npmmirror.com/etag 3ms (cache hit)
#12 280.1 npm http fetch GET 200 https://registry.npmmirror.com/damerau-levenshtein 434ms (cache miss)
#12 280.1 npm http cache https://registry.npmmirror.com/fresh 3ms (cache hit)
#12 280.1 npm http fetch GET 200 https://registry.npmmirror.com/ast-types-flow 526ms (cache miss)
#12 280.1 npm http fetch GET 200 https://registry.npmmirror.com/language-tags 419ms (cache miss)
#12 280.1 npm http fetch GET 200 https://registry.npmmirror.com/string.prototype.includes 416ms (cache miss)
#12 280.1 npm http fetch GET 200 https://registry.npmmirror.com/safe-regex-test 421ms (cache miss)
#12 280.1 npm http cache https://registry.npmmirror.com/parseurl 6ms (cache hit)
#12 280.1 npm http cache https://registry.npmmirror.com/range-parser 3ms (cache hit)
#12 280.2 npm http cache https://registry.npmmirror.com/send 2ms (cache hit)
#12 280.2 npm http cache https://registry.npmmirror.com/serve-static 2ms (cache hit)
#12 280.2 npm http cache https://registry.npmmirror.com/setprototypeof 3ms (cache hit)
#12 280.2 npm http cache https://registry.npmmirror.com/statuses 3ms (cache hit)
#12 280.5 npm http fetch GET 200 https://registry.npmmirror.com/array-flatten 624ms (cache miss)
#12 280.5 npm http fetch GET 200 https://registry.npmmirror.com/finalhandler 476ms (cache miss)
#12 280.5 npm http fetch GET 200 https://registry.npmmirror.com/merge-descriptors 418ms (cache miss)
#12 280.5 npm http fetch GET 200 https://registry.npmmirror.com/proxy-addr 381ms (cache miss)
#12 280.5 npm http fetch GET 200 https://registry.npmmirror.com/methods 390ms (cache miss)
#12 280.6 npm http fetch GET 200 https://registry.npmmirror.com/utils-merge 391ms (cache miss)
#12 280.6 npm http fetch GET 200 https://registry.npmmirror.com/dequal 78ms (cache miss)
#12 280.7 npm http fetch GET 200 https://registry.npmmirror.com/path-to-regexp 520ms (cache miss)
#12 280.9 npm http fetch GET 200 https://registry.npmmirror.com/deepmerge 389ms (cache miss)
#12 280.9 npm http cache https://registry.npmmirror.com/fs.realpath 4ms (cache hit)
#12 280.9 npm http cache https://registry.npmmirror.com/inflight 3ms (cache hit)
#12 280.9 npm http cache https://registry.npmmirror.com/once 4ms (cache hit)
#12 280.9 npm http cache https://registry.npmmirror.com/path-is-absolute 4ms (cache hit)
#12 281.0 npm http fetch GET 200 https://registry.npmmirror.com/hoist-non-react-statics 404ms (cache miss)
#12 281.0 npm http fetch GET 200 https://registry.npmmirror.com/regexparam 446ms (cache miss)
#12 281.0 npm http fetch GET 200 https://registry.npmmirror.com/react-fast-compare 394ms (cache miss)
#12 281.1 npm http fetch GET 200 https://registry.npmmirror.com/tiny-warning 402ms (cache miss)
#12 281.3 npm http fetch GET 200 https://registry.npmmirror.com/@types%2fglob-to-regexp 762ms (cache miss)
#12 281.3 npm http fetch GET 200 https://registry.npmmirror.com/array-union 376ms (cache miss)
#12 281.3 npm http fetch GET 200 https://registry.npmmirror.com/object-assign 377ms (cache miss)
#12 281.4 npm http fetch GET 200 https://registry.npmmirror.com/pify 379ms (cache miss)
#12 281.4 npm http fetch GET 200 https://registry.npmmirror.com/pinkie-promise 428ms (cache miss)
#12 281.5 npm http fetch GET 200 https://registry.npmmirror.com/wordwrap 419ms (cache miss)
#12 281.5 npm http fetch GET 200 https://registry.npmmirror.com/vary 1036ms (cache miss)
#12 281.6 npm http fetch GET 200 https://registry.npmmirror.com/agent-base 72ms (cache miss)
#12 281.6 npm http fetch GET 200 https://registry.npmmirror.com/acorn-jsx 71ms (cache miss)
#12 281.7 npm http fetch GET 200 https://registry.npmmirror.com/uglify-js 414ms (cache miss)
#12 281.7 npm http fetch GET 200 https://registry.npmmirror.com/fastparse 358ms (cache miss)
#12 281.7 npm http fetch GET 200 https://registry.npmmirror.com/html-minifier-terser 360ms (cache miss)
#12 281.8 npm http fetch GET 200 https://registry.npmmirror.com/@types%2fhtml-minifier-terser 423ms (cache miss)
#12 281.8 npm http fetch GET 200 https://registry.npmmirror.com/pretty-error 382ms (cache miss)
#12 281.9 npm http fetch GET 200 https://registry.npmmirror.com/acorn-stage3 359ms (cache miss)
#12 282.0 npm http fetch GET 200 https://registry.npmmirror.com/ensure-type 363ms (cache miss)
#12 282.1 npm http fetch GET 200 https://registry.npmmirror.com/eol 379ms (cache miss)
#12 282.1 npm http fetch GET 200 https://registry.npmmirror.com/gulp-sort 363ms (cache miss)
#12 282.1 npm http fetch GET 200 https://registry.npmmirror.com/esprima-next 400ms (cache miss)
#12 282.2 npm http fetch GET 200 https://registry.npmmirror.com/sortobject 399ms (cache miss)
#12 282.2 npm http fetch GET 200 https://registry.npmmirror.com/through2 376ms (cache miss)
#12 282.4 npm http fetch GET 200 https://registry.npmmirror.com/vinyl 433ms (cache miss)
#12 282.4 npm http fetch GET 200 https://registry.npmmirror.com/@hapi%2ftopo 359ms (cache miss)
#12 282.5 npm http fetch GET 200 https://registry.npmmirror.com/vinyl-fs 513ms (cache miss)
#12 282.6 npm http fetch GET 200 https://registry.npmmirror.com/@sideway%2faddress 471ms (cache miss)
#12 282.6 npm http fetch GET 200 https://registry.npmmirror.com/@hapi%2fhoek 502ms (cache miss)
#12 282.6 npm http fetch GET 200 https://registry.npmmirror.com/@sideway%2fpinpoint 396ms (cache miss)
#12 282.6 npm http fetch GET 200 https://registry.npmmirror.com/@sideway%2fformula 468ms (cache miss)
#12 282.8 npm http fetch GET 200 https://registry.npmmirror.com/@babel%2fpreset-flow 456ms (cache miss)
#12 282.9 npm http fetch GET 200 https://registry.npmmirror.com/flow-parser 426ms (cache miss)
#12 282.9 npm http fetch GET 200 https://registry.npmmirror.com/micromatch 403ms (cache miss)
#12 283.0 npm http fetch GET 200 https://registry.npmmirror.com/abab 400ms (cache miss)
#12 283.0 npm http fetch GET 200 https://registry.npmmirror.com/write-file-atomic 408ms (cache miss)
#12 283.0 npm http fetch GET 200 https://registry.npmmirror.com/acorn-globals 424ms (cache miss)
#12 283.0 npm http fetch GET 200 https://registry.npmmirror.com/cssom 393ms (cache miss)
#12 283.1 npm http fetch GET 200 https://registry.npmmirror.com/form-data 106ms (cache miss)
#12 283.1 npm http fetch GET 200 https://registry.npmmirror.com/http-proxy-agent 69ms (cache miss)
#12 283.2 npm http fetch GET 200 https://registry.npmmirror.com/cssstyle 396ms (cache miss)
#12 283.3 npm http fetch GET 200 https://registry.npmmirror.com/decimal.js 389ms (cache miss)
#12 283.3 npm http fetch GET 200 https://registry.npmmirror.com/data-urls 460ms (cache miss)
#12 283.4 npm http fetch GET 200 https://registry.npmmirror.com/domexception 438ms (cache miss)
#12 283.4 npm http fetch GET 200 https://registry.npmmirror.com/html-encoding-sniffer 410ms (cache miss)
#12 283.5 npm http fetch GET 200 https://registry.npmmirror.com/is-potential-custom-element-name 389ms (cache miss)
#12 283.5 npm http fetch GET 200 https://registry.npmmirror.com/nwsapi 378ms (cache miss)
#12 283.5 npm http fetch GET 200 https://registry.npmmirror.com/webidl-conversions 72ms (cache miss)
#12 283.5 npm http cache https://registry.npmmirror.com/ws 7ms (cache hit)
#12 283.6 npm http fetch GET 200 https://registry.npmmirror.com/whatwg-encoding 92ms (cache miss)
#12 283.6 npm http fetch GET 200 https://registry.npmmirror.com/whatwg-url 67ms (cache miss)
#12 283.6 npm http fetch GET 200 https://registry.npmmirror.com/saxes 380ms (cache miss)
#12 283.6 npm http fetch GET 200 https://registry.npmmirror.com/symbol-tree 363ms (cache miss)
#12 283.7 npm http fetch GET 200 https://registry.npmmirror.com/w3c-hr-time 400ms (cache miss)
#12 283.8 npm http fetch GET 200 https://registry.npmmirror.com/w3c-xmlserializer 380ms (cache miss)
#12 283.9 npm http fetch GET 200 https://registry.npmmirror.com/xml-name-validator 396ms (cache miss)
#12 283.9 npm http fetch GET 200 https://registry.npmmirror.com/jsonparse 371ms (cache miss)
#12 284.0 npm http fetch GET 200 https://registry.npmmirror.com/jws 368ms (cache miss)
#12 284.0 npm http fetch GET 200 https://registry.npmmirror.com/lodash.get 406ms (cache miss)
#12 284.0 npm http fetch GET 200 https://registry.npmmirror.com/lodash.includes 391ms (cache miss)
#12 284.0 npm http cache https://registry.npmmirror.com/ms 3ms (cache hit)
#12 284.1 npm http fetch GET 200 https://registry.npmmirror.com/lodash.isboolean 380ms (cache miss)
#12 284.1 npm http fetch GET 200 https://registry.npmmirror.com/copy-anything 78ms (cache miss)
#12 284.2 npm http fetch GET 200 https://registry.npmmirror.com/lodash.isinteger 379ms (cache miss)
#12 284.2 npm http cache https://registry.npmmirror.com/mime 3ms (cache hit)
#12 284.3 npm http fetch GET 200 https://registry.npmmirror.com/lodash.isnumber 382ms (cache miss)
#12 284.4 npm http fetch GET 200 https://registry.npmmirror.com/lodash.once 402ms (cache miss)
#12 284.4 npm http fetch GET 200 https://registry.npmmirror.com/lodash.isplainobject 497ms (cache miss)
#12 284.4 npm http fetch GET 200 https://registry.npmmirror.com/@types%2fdebug 71ms (cache miss)
#12 284.4 npm http fetch GET 200 https://registry.npmmirror.com/lodash.isstring 478ms (cache miss)
#12 284.5 npm http fetch GET 200 https://registry.npmmirror.com/decode-named-character-reference 75ms (cache miss)
#12 284.5 npm http fetch GET 200 https://registry.npmmirror.com/devlop 74ms (cache miss)
#12 284.5 npm http fetch GET 200 https://registry.npmmirror.com/image-size 412ms (cache miss)
#12 284.5 npm http fetch GET 200 https://registry.npmmirror.com/micromark-core-commonmark 96ms (cache miss)
#12 284.5 npm http fetch GET 200 https://registry.npmmirror.com/errno 433ms (cache miss)
#12 284.6 npm http fetch GET 200 https://registry.npmmirror.com/micromark-factory-space 73ms (cache miss)
#12 284.6 npm http fetch GET 200 https://registry.npmmirror.com/native-request 413ms (cache miss)
#12 284.6 npm http fetch GET 200 https://registry.npmmirror.com/micromark-util-character 121ms (cache miss)
#12 284.6 npm http fetch GET 200 https://registry.npmmirror.com/micromark-util-chunked 104ms (cache miss)
#12 284.6 npm http fetch GET 200 https://registry.npmmirror.com/micromark-util-combine-extensions 100ms (cache miss)
#12 284.6 npm http fetch GET 200 https://registry.npmmirror.com/micromark-util-decode-numeric-character-reference 94ms (cache miss)
#12 284.7 npm http fetch GET 200 https://registry.npmmirror.com/micromark-util-encode 78ms (cache miss)
#12 284.7 npm http fetch GET 200 https://registry.npmmirror.com/micromark-util-normalize-identifier 78ms (cache miss)
#12 284.7 npm http fetch GET 200 https://registry.npmmirror.com/remove-accents 374ms (cache miss)
#12 284.7 npm http cache https://registry.npmmirror.com/brace-expansion 5ms (cache hit)
#12 284.7 npm http cache https://registry.npmmirror.com/browser-stdout 4ms (cache hit)
#12 284.7 npm http cache https://registry.npmmirror.com/he 3ms (cache hit)
#12 284.7 npm http cache https://registry.npmmirror.com/strip-json-comments 2ms (cache hit)
#12 284.7 npm http cache https://registry.npmmirror.com/workerpool 3ms (cache hit)
#12 284.7 npm http cache https://registry.npmmirror.com/yargs-unparser 3ms (cache hit)
#12 284.7 npm http fetch GET 200 https://registry.npmmirror.com/micromark-util-symbol 83ms (cache miss)
#12 284.7 npm http fetch GET 200 https://registry.npmmirror.com/micromark-util-sanitize-uri 88ms (cache miss)
#12 284.7 npm http fetch GET 200 https://registry.npmmirror.com/micromark-util-subtokenize 93ms (cache miss)
#12 284.7 npm http fetch GET 200 https://registry.npmmirror.com/micromark-util-resolve-all 99ms (cache miss)
#12 284.7 npm http fetch GET 200 https://registry.npmmirror.com/micromark-util-types 89ms (cache miss)
#12 284.8 npm http fetch GET 200 https://registry.npmmirror.com/sprintf-js 77ms (cache miss)
#12 285.1 npm http fetch GET 200 https://registry.npmmirror.com/nan 391ms (cache miss)
#12 285.1 npm http fetch GET 200 https://registry.npmmirror.com/mpath 394ms (cache miss)
#12 285.1 npm http fetch GET 200 https://registry.npmmirror.com/kareem 412ms (cache miss)
#12 285.2 npm http fetch GET 200 https://registry.npmmirror.com/mquery 417ms (cache miss)
#12 285.2 npm http fetch GET 200 https://registry.npmmirror.com/mongodb 504ms (cache miss)
#12 285.3 npm http fetch GET 200 https://registry.npmmirror.com/mongodb 562ms (cache miss)
#12 285.3 npm http fetch GET 200 https://registry.npmmirror.com/bson 601ms (cache miss)
#12 285.4 npm http fetch GET 200 https://registry.npmmirror.com/json-stringify-safe 81ms (cache miss)
#12 285.5 npm http fetch GET 200 https://registry.npmmirror.com/sift 402ms (cache miss)
#12 285.5 npm http fetch GET 200 https://registry.npmmirror.com/append-field 394ms (cache miss)
#12 285.6 npm http fetch GET 200 https://registry.npmmirror.com/concat-stream 438ms (cache miss)
#12 285.7 npm http fetch GET 200 https://registry.npmmirror.com/busboy 531ms (cache miss)
#12 285.7 npm http fetch GET 200 https://registry.npmmirror.com/propagate 389ms (cache miss)
#12 285.7 npm http fetch GET 200 https://registry.npmmirror.com/@otplib%2fcore 351ms (cache miss)
#12 285.7 npm http cache https://registry.npmmirror.com/@types%2fnode 23ms (cache hit)
#12 286.0 npm http fetch GET 200 https://registry.npmmirror.com/eventemitter3 312ms (cache miss)
#12 286.1 npm http fetch GET 200 https://registry.npmmirror.com/aws-sdk 785ms (cache miss)
#12 286.3 npm http fetch GET 200 https://registry.npmmirror.com/@otplib%2fpreset-default 826ms (cache miss)
#12 286.3 npm http fetch GET 200 https://registry.npmmirror.com/p-try 661ms (cache miss)
#12 286.3 npm http fetch GET 200 https://registry.npmmirror.com/pause 586ms (cache miss)
#12 286.3 npm http fetch GET 200 https://registry.npmmirror.com/@otplib%2fpreset-v11 762ms (cache miss)
#12 286.3 npm http cache https://registry.npmmirror.com/react-is 15ms (cache hit)
#12 286.5 npm http fetch GET 200 https://registry.npmmirror.com/base64url 477ms (cache miss)
#12 286.5 npm http fetch GET 200 https://registry.npmmirror.com/ldapauth-fork 693ms (cache miss)
#12 286.7 npm http fetch GET 200 https://registry.npmmirror.com/pug-code-gen 366ms (cache miss)
#12 286.7 npm http fetch GET 200 https://registry.npmmirror.com/oauth 407ms (cache miss)
#12 286.7 npm http fetch GET 200 https://registry.npmmirror.com/@napi-rs%2fcanvas 396ms (cache miss)
#12 286.7 npm http fetch GET 200 https://registry.npmmirror.com/uid2 414ms (cache miss)
#12 286.7 npm http fetch GET 200 https://registry.npmmirror.com/pug-filters 393ms (cache miss)
#12 286.9 npm http fetch GET 200 https://registry.npmmirror.com/pug-lexer 426ms (cache miss)
#12 286.9 npm http fetch GET 200 https://registry.npmmirror.com/pug-linker 403ms (cache miss)
#12 287.1 npm http fetch GET 200 https://registry.npmmirror.com/pug-load 385ms (cache miss)
#12 287.1 npm http fetch GET 200 https://registry.npmmirror.com/pug-parser 373ms (cache miss)
#12 287.1 npm http fetch GET 200 https://registry.npmmirror.com/pug-strip-comments 377ms (cache miss)
#12 287.1 npm http fetch GET 200 https://registry.npmmirror.com/dijkstrajs 384ms (cache miss)
#12 287.1 npm http fetch GET 200 https://registry.npmmirror.com/pngjs 402ms (cache miss)
#12 287.3 npm http fetch GET 200 https://registry.npmmirror.com/@restart%2fhooks 383ms (cache miss)
#12 287.6 npm http fetch GET 200 https://registry.npmmirror.com/invariant 492ms (cache miss)
#12 287.6 npm http fetch GET 200 https://registry.npmmirror.com/prop-types-extra 475ms (cache miss)
#12 287.6 npm http fetch GET 200 https://registry.npmmirror.com/dom-helpers 509ms (cache miss)
#12 287.6 npm http fetch GET 200 https://registry.npmmirror.com/react-transition-group 421ms (cache miss)
#12 287.8 npm http fetch GET 200 https://registry.npmmirror.com/uncontrollable 537ms (cache miss)
#12 288.0 npm http fetch GET 200 https://registry.npmmirror.com/reactcss 390ms (cache miss)
#12 288.0 npm http fetch GET 200 https://registry.npmmirror.com/material-colors 402ms (cache miss)
#12 288.0 npm http fetch GET 200 https://registry.npmmirror.com/@icons%2fmaterial 422ms (cache miss)
#12 288.0 npm http fetch GET 200 https://registry.npmmirror.com/warning 431ms (cache miss)
#12 288.1 npm http fetch GET 200 https://registry.npmmirror.com/@restart%2fui 1158ms (cache miss)
#12 288.1 npm http fetch GET 200 https://registry.npmmirror.com/@types%2freact-transition-group 1028ms (cache miss)
#12 288.2 npm http fetch GET 200 https://registry.npmmirror.com/tinycolor2 404ms (cache miss)
#12 288.4 npm http fetch GET 200 https://registry.npmmirror.com/@react-dnd%2finvariant 423ms (cache miss)
#12 288.4 npm http fetch GET 200 https://registry.npmmirror.com/dnd-core 401ms (cache miss)
#12 288.4 npm http fetch GET 200 https://registry.npmmirror.com/dnd-core 397ms (cache miss)
#12 288.4 npm http fetch GET 200 https://registry.npmmirror.com/@react-dnd%2fshallowequal 426ms (cache miss)
#12 288.5 npm http fetch GET 200 https://registry.npmmirror.com/html-parse-stringify 382ms (cache miss)
#12 288.5 npm http fetch GET 200 https://registry.npmmirror.com/react-async-script 392ms (cache miss)
#12 288.5 npm http fetch GET 200 https://registry.npmmirror.com/combined-stream 72ms (cache miss)
#12 288.6 npm http fetch GET 200 https://registry.npmmirror.com/linkify-it 383ms (cache miss)
#12 288.8 npm http fetch GET 200 https://registry.npmmirror.com/tlds 393ms (cache miss)
#12 288.8 npm http fetch GET 200 https://registry.npmmirror.com/aws-sign2 399ms (cache miss)
#12 288.8 npm http fetch GET 200 https://registry.npmmirror.com/aws4 399ms (cache miss)
#12 288.8 npm http fetch GET 200 https://registry.npmmirror.com/caseless 421ms (cache miss)
#12 288.8 npm http fetch GET 200 https://registry.npmmirror.com/forever-agent 362ms (cache miss)
#12 288.9 npm http fetch GET 200 https://registry.npmmirror.com/har-validator 412ms (cache miss)
#12 289.0 npm http fetch GET 200 https://registry.npmmirror.com/http-signature 371ms (cache miss)
#12 289.2 npm http fetch GET 200 https://registry.npmmirror.com/oauth-sign 374ms (cache miss)
#12 289.2 npm http fetch GET 200 https://registry.npmmirror.com/isstream 382ms (cache miss)
#12 289.2 npm http fetch GET 200 https://registry.npmmirror.com/is-typedarray 397ms (cache miss)
#12 289.2 npm http fetch GET 200 https://registry.npmmirror.com/performance-now 382ms (cache miss)
#12 289.2 npm http fetch GET 200 https://registry.npmmirror.com/adjust-sourcemap-loader 388ms (cache miss)
#12 289.3 npm http fetch GET 200 https://registry.npmmirror.com/@auth0%2fthumbprint 396ms (cache miss)
#12 289.4 npm http fetch GET 200 https://registry.npmmirror.com/auth0-id-generator 379ms (cache miss)
#12 289.5 npm http fetch GET 200 https://registry.npmmirror.com/flowstate 365ms (cache miss)
#12 289.6 npm http fetch GET 200 https://registry.npmmirror.com/saml 427ms (cache miss)
#12 289.6 npm http fetch GET 200 https://registry.npmmirror.com/xpath 386ms (cache miss)
#12 289.6 npm http fetch GET 200 https://registry.npmmirror.com/@auth0%2fxmldom 407ms (cache miss)
#12 289.6 npm http fetch GET 200 https://registry.npmmirror.com/querystring 469ms (cache miss)
#12 289.7 npm http fetch GET 200 https://registry.npmmirror.com/is-plain-object 86ms (cache miss)
#12 289.7 npm http fetch GET 200 https://registry.npmmirror.com/immutable 76ms (cache miss)
#12 289.8 npm http fetch GET 200 https://registry.npmmirror.com/require-like 383ms (cache miss)
#12 289.8 npm http fetch GET 200 https://registry.npmmirror.com/@parcel%2fwatcher 79ms (cache miss)
#12 289.9 npm http fetch GET 200 https://registry.npmmirror.com/stack-trace 377ms (cache miss)
#12 290.0 npm http fetch GET 200 https://registry.npmmirror.com/launder 387ms (cache miss)
#12 290.0 npm http fetch GET 200 https://registry.npmmirror.com/parse-srcset 407ms (cache miss)
#12 290.1 npm http fetch GET 200 https://registry.npmmirror.com/@sinonjs%2fcommons 386ms (cache miss)
#12 290.2 npm http fetch GET 200 https://registry.npmmirror.com/@sinonjs%2fformatio 402ms (cache miss)
#12 290.2 npm http fetch GET 200 https://registry.npmmirror.com/@sinonjs%2fsamsam 455ms (cache miss)
#12 290.3 npm http fetch GET 200 https://registry.npmmirror.com/lolex 416ms (cache miss)
#12 290.4 npm http fetch GET 200 https://registry.npmmirror.com/nise 350ms (cache miss)
#12 290.5 npm http fetch GET 200 https://registry.npmmirror.com/stylelint-config-recommended-scss 444ms (cache miss)
#12 290.5 npm http fetch GET 200 https://registry.npmmirror.com/stylelint-config-standard 397ms (cache miss)
#12 290.6 npm http fetch GET 200 https://registry.npmmirror.com/@csstools%2fcss-syntax-patches-for-csstree 400ms (cache miss)
#12 290.6 npm http cache https://registry.npmmirror.com/balanced-match 3ms (cache hit)
#12 290.7 npm http fetch GET 200 https://registry.npmmirror.com/@csstools%2fcss-parser-algorithms 548ms (cache miss)
#12 290.8 npm http fetch GET 200 https://registry.npmmirror.com/@csstools%2fcss-tokenizer 417ms (cache miss)
#12 290.8 npm http fetch GET 200 https://registry.npmmirror.com/@csstools%2fmedia-query-list-parser 407ms (cache miss)
#12 290.8 npm http fetch GET 200 https://registry.npmmirror.com/css-tree 65ms (cache miss)
#12 290.9 npm http fetch GET 200 https://registry.npmmirror.com/@csstools%2fselector-specificity 395ms (cache miss)
#12 290.9 npm http fetch GET 200 https://registry.npmmirror.com/xtend 1570ms (cache miss)
#12 291.0 npm http fetch GET 200 https://registry.npmmirror.com/@dual-bundle%2fimport-meta-resolve 444ms (cache miss)
#12 291.0 npm http fetch GET 200 https://registry.npmmirror.com/colord 381ms (cache miss)
#12 291.1 npm http fetch GET 200 https://registry.npmmirror.com/css-functions-list 406ms (cache miss)
#12 291.1 npm http fetch GET 200 https://registry.npmmirror.com/fastest-levenshtein 359ms (cache miss)
#12 291.2 npm http fetch GET 200 https://registry.npmmirror.com/global-modules 397ms (cache miss)
#12 291.2 npm http fetch GET 200 https://registry.npmmirror.com/globjoin 356ms (cache miss)
#12 291.3 npm http fetch GET 200 https://registry.npmmirror.com/html-tags 417ms (cache miss)
#12 291.4 npm http fetch GET 200 https://registry.npmmirror.com/mathml-tag-names 379ms (cache miss)
#12 291.4 npm http cache https://registry.npmmirror.com/string-width 3ms (cache hit)
#12 291.5 npm http fetch GET 200 https://registry.npmmirror.com/resolve-from 152ms (cache miss)
#12 291.5 npm http fetch GET 200 https://registry.npmmirror.com/meow 424ms (cache miss)
#12 291.5 npm http fetch GET 200 https://registry.npmmirror.com/postcss-resolve-nested-selector 412ms (cache miss)
#12 291.6 npm http fetch GET 200 https://registry.npmmirror.com/postcss-selector-parser 365ms (cache miss)
#12 291.8 npm http fetch GET 200 https://registry.npmmirror.com/supports-hyperlinks 379ms (cache miss)
#12 291.8 npm http fetch GET 200 https://registry.npmmirror.com/terser 256ms (cache miss)
#12 291.9 npm http fetch GET 200 https://registry.npmmirror.com/punycode 81ms (cache miss)
#12 291.9 npm http fetch GET 200 https://registry.npmmirror.com/table 397ms (cache miss)
#12 291.9 npm http fetch GET 200 https://registry.npmmirror.com/json-parse-better-errors 358ms (cache miss)
#12 292.0 npm http fetch GET 200 https://registry.npmmirror.com/universalify 73ms (cache miss)
#12 292.1 npm http fetch GET 200 https://registry.npmmirror.com/postcss-safe-parser 842ms (cache miss)
#12 292.3 npm http fetch GET 200 https://registry.npmmirror.com/url-parse 386ms (cache miss)
#12 292.4 npm http fetch GET 200 https://registry.npmmirror.com/random-bytes 409ms (cache miss)
#12 292.4 npm http fetch GET 200 https://registry.npmmirror.com/node-gyp-build 409ms (cache miss)
#12 292.4 npm http fetch GET 200 https://registry.npmmirror.com/lockfile 358ms (cache miss)
#12 292.5 npm http fetch GET 200 https://registry.npmmirror.com/known-css-properties 1510ms (cache miss)
#12 292.7 npm http fetch GET 200 https://registry.npmmirror.com/lodash.has 361ms (cache miss)
#12 292.7 npm http fetch GET 200 https://registry.npmmirror.com/svg-tags 1223ms (cache miss)
#12 292.8 npm http fetch GET 200 https://registry.npmmirror.com/colorette 71ms (cache miss)
#12 292.8 npm http fetch GET 200 https://registry.npmmirror.com/@webpack-cli%2fconfigtest 392ms (cache miss)
#12 292.8 npm http fetch GET 200 https://registry.npmmirror.com/psl 1013ms (cache miss)
#12 292.8 npm http fetch GET 200 https://registry.npmmirror.com/@webpack-cli%2finfo 388ms (cache miss)
#12 292.9 npm http fetch GET 200 https://registry.npmmirror.com/@webpack-cli%2fserve 426ms (cache miss)
#12 293.1 npm http fetch GET 200 https://registry.npmmirror.com/import-local 353ms (cache miss)
#12 293.1 npm http fetch GET 200 https://registry.npmmirror.com/rechoir 362ms (cache miss)
#12 293.1 npm http fetch GET 200 https://registry.npmmirror.com/interpret 375ms (cache miss)
#12 293.2 npm http fetch GET 200 https://registry.npmmirror.com/@types%2fbonjour 375ms (cache miss)
#12 293.2 npm http fetch GET 200 https://registry.npmmirror.com/@types%2fconnect-history-api-fallback 405ms (cache miss)
#12 293.3 npm http fetch GET 200 https://registry.npmmirror.com/@discoveryjs%2fjson-ext 920ms (cache miss)
#12 293.3 npm http fetch GET 200 https://registry.npmmirror.com/@types%2fserve-index 404ms (cache miss)
#12 293.3 npm http fetch GET 200 https://registry.npmmirror.com/compression 84ms (cache miss)
#12 293.4 npm http fetch GET 200 https://registry.npmmirror.com/@types%2fsockjs 367ms (cache miss)
#12 293.5 npm http fetch GET 200 https://registry.npmmirror.com/ansi-html-community 347ms (cache miss)
#12 293.5 npm http fetch GET 200 https://registry.npmmirror.com/@types%2fws 372ms (cache miss)
#12 293.5 npm http fetch GET 200 https://registry.npmmirror.com/p-retry 56ms (cache miss)
#12 293.6 npm http fetch GET 200 https://registry.npmmirror.com/bonjour-service 363ms (cache miss)
#12 293.7 npm http fetch GET 200 https://registry.npmmirror.com/connect-history-api-fallback 373ms (cache miss)
#12 293.7 npm http fetch GET 200 https://registry.npmmirror.com/http-proxy-middleware 395ms (cache miss)
#12 293.7 npm http fetch GET 200 https://registry.npmmirror.com/ipaddr.js 397ms (cache miss)
#12 293.7 npm http cache https://registry.npmmirror.com/flat 4ms (cache hit)
#12 293.9 npm http fetch GET 200 https://registry.npmmirror.com/launch-editor 449ms (cache miss)
#12 293.9 npm http fetch GET 200 https://registry.npmmirror.com/selfsigned 392ms (cache miss)
#12 294.0 npm http fetch GET 200 https://registry.npmmirror.com/serve-index 417ms (cache miss)
#12 294.0 npm http fetch GET 200 https://registry.npmmirror.com/xmlbuilder 74ms (cache miss)
#12 294.0 npm http fetch GET 200 https://registry.npmmirror.com/sockjs 419ms (cache miss)
#12 294.0 npm http fetch GET 200 https://registry.npmmirror.com/sax 84ms (cache miss)
#12 294.0 npm http fetch GET 200 https://registry.npmmirror.com/fd-slicer 66ms (cache miss)
#12 294.1 npm http fetch GET 200 https://registry.npmmirror.com/@types%2flodash 87ms (cache miss)
#12 294.1 npm http fetch GET 200 https://registry.npmmirror.com/spdy 411ms (cache miss)
#12 294.1 npm http fetch GET 200 https://registry.npmmirror.com/wildcard 374ms (cache miss)
#12 294.1 npm http fetch GET 200 https://registry.npmmirror.com/webpack-dev-middleware 384ms (cache miss)
#12 294.4 npm http fetch GET 200 https://registry.npmmirror.com/nanoclone 387ms (cache miss)
#12 294.6 npm http fetch GET 200 https://registry.npmmirror.com/property-expr 553ms (cache miss)
#12 294.7 npm http fetch GET 200 https://registry.npmmirror.com/toposort 614ms (cache miss)
#12 294.7 npm http fetch GET 200 https://registry.npmmirror.com/@babel%2fruntime-corejs3 759ms (cache miss)
#12 295.2 npm http fetch GET 200 https://registry.npmmirror.com/@sinonjs%2ffake-timers 427ms (cache miss)
#12 295.3 npm http fetch GET 200 https://registry.npmmirror.com/@opentelemetry%2fapi 76ms (cache miss)
#12 295.7 npm http fetch GET 200 https://registry.npmmirror.com/@opentelemetry%2fauto-instrumentations-node 400ms (cache miss)
#12 296.1 npm http fetch GET 200 https://registry.npmmirror.com/@opentelemetry%2fexporter-trace-otlp-http 408ms (cache miss)
#12 296.5 npm http fetch GET 200 https://registry.npmmirror.com/@opentelemetry%2fresources 418ms (cache miss)
#12 297.5 npm http fetch GET 200 https://registry.npmmirror.com/@opentelemetry%2fsdk-node 1033ms (cache miss)
#12 298.0 npm http fetch GET 200 https://registry.npmmirror.com/@opentelemetry%2fsemantic-conventions 409ms (cache miss)
#12 298.4 npm http fetch GET 200 https://registry.npmmirror.com/prom-client 426ms (cache miss)
#12 298.9 npm http fetch GET 200 https://registry.npmmirror.com/yn 487ms (cache miss)
#12 299.3 npm http fetch GET 200 https://registry.npmmirror.com/@opentelemetry%2finstrumentation-bunyan 381ms (cache miss)
#12 299.3 npm http fetch GET 200 https://registry.npmmirror.com/@opentelemetry%2finstrumentation-connect 411ms (cache miss)
#12 299.3 npm http fetch GET 200 https://registry.npmmirror.com/@opentelemetry%2finstrumentation-cassandra-driver 415ms (cache miss)
#12 299.3 npm http fetch GET 200 https://registry.npmmirror.com/@opentelemetry%2finstrumentation 419ms (cache miss)
#12 299.3 npm http fetch GET 200 https://registry.npmmirror.com/@opentelemetry%2finstrumentation-aws-lambda 434ms (cache miss)
#12 299.3 npm http fetch GET 200 https://registry.npmmirror.com/@opentelemetry%2finstrumentation-aws-sdk 442ms (cache miss)
#12 299.6 npm http fetch GET 200 https://registry.npmmirror.com/@opentelemetry%2finstrumentation-cucumber 363ms (cache miss)
#12 299.7 npm http fetch GET 200 https://registry.npmmirror.com/@opentelemetry%2finstrumentation-dataloader 369ms (cache miss)
#12 299.7 npm http fetch GET 200 https://registry.npmmirror.com/@opentelemetry%2finstrumentation-dns 409ms (cache miss)
#12 299.7 npm http fetch GET 200 https://registry.npmmirror.com/@opentelemetry%2finstrumentation-fs 387ms (cache miss)
#12 299.7 npm http fetch GET 200 https://registry.npmmirror.com/@opentelemetry%2finstrumentation-fastify 407ms (cache miss)
#12 299.7 npm http fetch GET 200 https://registry.npmmirror.com/@opentelemetry%2finstrumentation-express 420ms (cache miss)
#12 300.1 npm http fetch GET 200 https://registry.npmmirror.com/@opentelemetry%2finstrumentation-graphql 408ms (cache miss)
#12 300.1 npm http fetch GET 200 https://registry.npmmirror.com/@opentelemetry%2finstrumentation-generic-pool 446ms (cache miss)
#12 300.1 npm http fetch GET 200 https://registry.npmmirror.com/@opentelemetry%2finstrumentation-grpc 397ms (cache miss)
#12 300.1 npm http fetch GET 200 https://registry.npmmirror.com/@opentelemetry%2finstrumentation-hapi 400ms (cache miss)
#12 300.2 npm http fetch GET 200 https://registry.npmmirror.com/@opentelemetry%2finstrumentation-http 418ms (cache miss)
#12 300.2 npm http fetch GET 200 https://registry.npmmirror.com/@opentelemetry%2finstrumentation-ioredis 443ms (cache miss)
#12 300.2 npm http fetch GET 200 https://registry.npmmirror.com/@opentelemetry%2finstrumentation-amqplib 1344ms (cache miss)
#12 300.5 npm http fetch GET 200 https://registry.npmmirror.com/@opentelemetry%2finstrumentation-knex 443ms (cache miss)
#12 300.6 npm http fetch GET 200 https://registry.npmmirror.com/@opentelemetry%2finstrumentation-lru-memoizer 445ms (cache miss)
#12 300.6 npm http fetch GET 200 https://registry.npmmirror.com/@opentelemetry%2finstrumentation-mongodb 413ms (cache miss)
#12 300.6 npm http fetch GET 200 https://registry.npmmirror.com/@opentelemetry%2finstrumentation-mongoose 391ms (cache miss)
#12 300.7 npm http fetch GET 200 https://registry.npmmirror.com/@opentelemetry%2finstrumentation-mysql 422ms (cache miss)
#12 300.7 npm http fetch GET 200 https://registry.npmmirror.com/@opentelemetry%2finstrumentation-memcached 575ms (cache miss)
#12 300.8 npm http fetch GET 200 https://registry.npmmirror.com/@opentelemetry%2finstrumentation-koa 708ms (cache miss)
#12 301.0 npm http fetch GET 200 https://registry.npmmirror.com/@opentelemetry%2finstrumentation-mysql2 423ms (cache miss)
#12 301.0 npm http fetch GET 200 https://registry.npmmirror.com/@opentelemetry%2finstrumentation-nestjs-core 412ms (cache miss)
#12 301.0 npm http fetch GET 200 https://registry.npmmirror.com/@opentelemetry%2finstrumentation-pg 406ms (cache miss)
#12 301.0 npm http fetch GET 200 https://registry.npmmirror.com/@opentelemetry%2finstrumentation-net 459ms (cache miss)
#12 301.1 npm http fetch GET 200 https://registry.npmmirror.com/@opentelemetry%2finstrumentation-pino 420ms (cache miss)
#12 301.1 npm http fetch GET 200 https://registry.npmmirror.com/@opentelemetry%2finstrumentation-redis 397ms (cache miss)
#12 301.2 npm http fetch GET 200 https://registry.npmmirror.com/@opentelemetry%2finstrumentation-redis-4 385ms (cache miss)
#12 301.4 npm http fetch GET 200 https://registry.npmmirror.com/@opentelemetry%2finstrumentation-restify 412ms (cache miss)
#12 301.4 npm http fetch GET 200 https://registry.npmmirror.com/@opentelemetry%2finstrumentation-socket.io 426ms (cache miss)
#12 301.4 npm http fetch GET 200 https://registry.npmmirror.com/@opentelemetry%2finstrumentation-tedious 380ms (cache miss)
#12 301.5 npm http fetch GET 200 https://registry.npmmirror.com/@opentelemetry%2finstrumentation-router 488ms (cache miss)
#12 301.5 npm http fetch GET 200 https://registry.npmmirror.com/@opentelemetry%2finstrumentation-winston 403ms (cache miss)
#12 301.5 npm http fetch GET 200 https://registry.npmmirror.com/@opentelemetry%2fresource-detector-alibaba-cloud 426ms (cache miss)
#12 301.6 npm http fetch GET 200 https://registry.npmmirror.com/@opentelemetry%2fresource-detector-aws 392ms (cache miss)
#12 301.7 npm http fetch GET 200 https://registry.npmmirror.com/@opentelemetry%2fresource-detector-container 351ms (cache miss)
#12 301.8 npm http fetch GET 200 https://registry.npmmirror.com/@opentelemetry%2fresource-detector-gcp 398ms (cache miss)
#12 301.8 npm http fetch GET 200 https://registry.npmmirror.com/@opentelemetry%2fcore 257ms (cache miss)
#12 301.8 npm http fetch GET 200 https://registry.npmmirror.com/@opentelemetry%2fcore 425ms (cache miss)
#12 301.9 npm http fetch GET 200 https://registry.npmmirror.com/@opentelemetry%2fcore 51ms (cache miss)
#12 301.9 npm http fetch GET 200 https://registry.npmmirror.com/@opentelemetry%2fotlp-exporter-base 411ms (cache miss)
#12 301.9 npm http fetch GET 200 https://registry.npmmirror.com/@opentelemetry%2fotlp-transformer 421ms (cache miss)
#12 301.9 npm http fetch GET 200 https://registry.npmmirror.com/@opentelemetry%2fsdk-trace-base 408ms (cache miss)
#12 302.1 npm http fetch GET 200 https://registry.npmmirror.com/@opentelemetry%2fapi-logs 365ms (cache miss)
#12 302.3 npm http fetch GET 200 https://registry.npmmirror.com/@opentelemetry%2fexporter-zipkin 374ms (cache miss)
#12 302.3 npm http fetch GET 200 https://registry.npmmirror.com/@opentelemetry%2fsdk-logs 378ms (cache miss)
#12 302.3 npm http fetch GET 200 https://registry.npmmirror.com/@opentelemetry%2fexporter-trace-otlp-proto 422ms (cache miss)
#12 302.3 npm http fetch GET 200 https://registry.npmmirror.com/@opentelemetry%2fexporter-jaeger 459ms (cache miss)
#12 302.3 npm http fetch GET 200 https://registry.npmmirror.com/@opentelemetry%2fexporter-trace-otlp-grpc 465ms (cache miss)
#12 302.3 npm http fetch GET 200 https://registry.npmmirror.com/compressible 80ms (cache miss)
#12 302.4 npm http fetch GET 200 https://registry.npmmirror.com/@opentelemetry%2fsdk-metrics 416ms (cache miss)
#12 302.5 npm http fetch GET 200 https://registry.npmmirror.com/@opentelemetry%2fsdk-trace-node 439ms (cache miss)
#12 302.7 npm http fetch GET 200 https://registry.npmmirror.com/tdigest 415ms (cache miss)
#12 303.2 npm http fetch GET 200 https://registry.npmmirror.com/@aws-sdk%2fcredential-providers 468ms (cache miss)
#12 303.6 npm http fetch GET 200 https://registry.npmmirror.com/@mongodb-js%2fzstd 401ms (cache miss)
#12 304.1 npm http fetch GET 200 https://registry.npmmirror.com/gcp-metadata 464ms (cache miss)
#12 304.5 npm http fetch GET 200 https://registry.npmmirror.com/kerberos 404ms (cache miss)
#12 304.9 npm http fetch GET 200 https://registry.npmmirror.com/mongodb-client-encryption 381ms (cache miss)
#12 305.2 npm http fetch GET 200 https://registry.npmmirror.com/snappy 371ms (cache miss)
#12 305.3 npm http fetch GET 200 https://registry.npmmirror.com/socks 67ms (cache miss)
#12 305.7 npm http fetch GET 200 https://registry.npmmirror.com/@mongodb-js%2fsaslprep 417ms (cache miss)
#12 306.6 npm http fetch GET 200 https://registry.npmmirror.com/mongodb-connection-string-url 1308ms (cache miss)
#12 307.0 npm http fetch GET 200 https://registry.npmmirror.com/@google-cloud%2fstorage 396ms (cache miss)
#12 307.3 npm http fetch GET 200 https://codeload.github.com/overleaf/node-fast-crc32c/tar.gz/aae6b2a4c7a7a159395df9cc6c38dfde702d6f51 302ms (cache miss)
#12 307.5 npm http fetch GET 200 https://registry.npmmirror.com/tiny-async-pool 81ms (cache miss)
#12 307.9 npm http fetch GET 200 https://registry.npmmirror.com/async-retry 394ms (cache miss)
#12 307.9 npm http fetch GET 200 https://registry.npmmirror.com/fast-xml-parser 400ms (cache miss)
#12 307.9 npm http fetch GET 200 https://registry.npmmirror.com/@google-cloud%2fprojectify 433ms (cache miss)
#12 307.9 npm http fetch GET 200 https://registry.npmmirror.com/retry-request 435ms (cache miss)
#12 307.9 npm http fetch GET 200 https://registry.npmmirror.com/google-auth-library 450ms (cache miss)
#12 307.9 npm http fetch GET 200 https://registry.npmmirror.com/gaxios 469ms (cache miss)
#12 308.2 npm http fetch GET 200 https://registry.npmmirror.com/ent 744ms (cache miss)
#12 308.2 npm http fetch GET 200 https://registry.npmmirror.com/teeny-request 356ms (cache miss)
#12 308.3 npm http fetch GET 200 https://registry.npmmirror.com/ieee754 387ms (cache miss)
#12 308.3 npm http fetch GET 200 https://registry.npmmirror.com/url 365ms (cache miss)
#12 308.3 npm http fetch GET 200 https://registry.npmmirror.com/@node-rs%2fcrc32 369ms (cache miss)
#12 308.3 npm http fetch GET 200 https://registry.npmmirror.com/util 408ms (cache miss)
#12 308.4 npm http fetch GET 200 https://registry.npmmirror.com/jmespath 492ms (cache miss)
#12 308.8 npm http fetch GET 200 https://registry.npmmirror.com/check-types 415ms (cache miss)
#12 309.3 npm http fetch GET 200 https://registry.npmmirror.com/path-browserify 443ms (cache miss)
#12 309.7 npm http fetch GET 200 https://registry.npmmirror.com/@types%2fcheck-types 463ms (cache miss)
#12 310.2 npm http fetch GET 200 https://registry.npmmirror.com/@types%2fpath-browserify 481ms (cache miss)
#12 310.6 npm http fetch GET 200 https://registry.npmmirror.com/aggregate-error 371ms (cache miss)
#12 310.9 npm http fetch GET 200 https://registry.npmmirror.com/cluster-key-slot 357ms (cache miss)
#12 311.0 npm http fetch GET 200 https://registry.npmmirror.com/lodash.flatten 374ms (cache miss)
#12 311.0 npm http fetch GET 200 https://registry.npmmirror.com/redis-errors 412ms (cache miss)
#12 311.0 npm http fetch GET 200 https://registry.npmmirror.com/denque 416ms (cache miss)
#12 311.0 npm http fetch GET 200 https://registry.npmmirror.com/lodash.isarguments 419ms (cache miss)
#12 311.1 npm http fetch GET 200 https://registry.npmmirror.com/lodash.defaults 490ms (cache miss)
#12 311.1 npm http fetch GET 200 https://registry.npmmirror.com/redis-commands 510ms (cache miss)
#12 311.4 npm http fetch GET 200 https://registry.npmmirror.com/redis-parser 436ms (cache miss)
#12 312.0 npm http fetch GET 200 https://registry.npmmirror.com/standard-as-callback 1031ms (cache miss)
#12 312.3 npm http fetch GET 200 https://registry.npmmirror.com/exegesis-express 348ms (cache miss)
#12 312.4 npm http fetch GET 200 https://registry.npmmirror.com/uri-js 83ms (cache miss)
#12 312.8 npm http fetch GET 200 https://registry.npmmirror.com/exegesis 484ms (cache miss)
#12 313.2 npm http fetch GET 200 https://registry.npmmirror.com/dockerode 381ms (cache miss)
#12 313.6 npm http fetch GET 200 https://registry.npmmirror.com/tar-fs 358ms (cache miss)
#12 314.0 npm http fetch GET 200 https://registry.npmmirror.com/@types%2fworkerpool 378ms (cache miss)
#12 314.0 npm http cache https://registry.npmmirror.com/yocto-queue 7ms (cache hit)
#12 314.1 npm http fetch GET 200 https://registry.npmmirror.com/pump 94ms (cache miss)
#12 314.1 npm http fetch GET 200 https://registry.npmmirror.com/protobufjs 103ms (cache miss)
#12 314.3 npm http fetch GET 200 https://registry.npmmirror.com/bare-fs 355ms (cache miss)
#12 314.4 npm http fetch GET 200 https://registry.npmmirror.com/@grpc%2fproto-loader 389ms (cache miss)
#12 314.4 npm http fetch GET 200 https://registry.npmmirror.com/@grpc%2fgrpc-js 392ms (cache miss)
#12 314.4 npm http fetch GET 200 https://registry.npmmirror.com/@balena%2fdockerignore 399ms (cache miss)
#12 314.4 npm http fetch GET 200 https://registry.npmmirror.com/docker-modem 441ms (cache miss)
#12 314.4 npm http fetch GET 200 https://registry.npmmirror.com/bare-path 368ms (cache miss)
#12 314.8 npm http fetch GET 200 https://registry.npmmirror.com/sandboxed-module 381ms (cache miss)
#12 315.1 npm http fetch GET 200 https://codeload.github.com/overleaf/diff-match-patch/tar.gz/89805f9c671a77a263fc53461acd62aa7498f688 301ms (cache miss)
#12 315.6 npm http fetch GET 200 https://registry.npmmirror.com/streamifier 401ms (cache miss)
#12 316.0 npm http fetch GET 200 https://registry.npmmirror.com/@paralleldrive%2fcuid2 404ms (cache miss)
#12 316.4 npm http fetch GET 200 https://registry.npmmirror.com/command-line-args 398ms (cache miss)
#12 316.8 npm http fetch GET 200 https://registry.npmmirror.com/config 416ms (cache miss)
#12 317.2 npm http fetch GET 200 https://registry.npmmirror.com/generic-pool 371ms (cache miss)
#12 317.6 npm http fetch GET 200 https://registry.npmmirror.com/http-status 409ms (cache miss)
#12 317.7 npm http fetch GET 200 https://registry.npmmirror.com/knex 98ms (cache miss)
#12 317.8 npm http fetch GET 200 https://registry.npmmirror.com/pg 80ms (cache miss)
#12 317.9 npm http fetch GET 200 https://registry.npmmirror.com/pg-native 74ms (cache miss)
#12 317.9 npm http fetch GET 200 https://registry.npmmirror.com/pg-query-stream 78ms (cache miss)
#12 318.3 npm http fetch GET 200 https://registry.npmmirror.com/swagger-tools 387ms (cache miss)
#12 318.4 npm http fetch GET 200 https://registry.npmmirror.com/temp 77ms (cache miss)
#12 318.8 npm http fetch GET 200 https://registry.npmmirror.com/throng 373ms (cache miss)
#12 319.2 npm http fetch GET 200 https://registry.npmmirror.com/benny 379ms (cache miss)
#12 319.6 npm http fetch GET 200 https://registry.npmmirror.com/swagger-client 425ms (cache miss)
#12 320.0 npm http fetch GET 200 https://registry.npmmirror.com/kleur 381ms (cache miss)
#12 320.0 npm http fetch GET 200 https://registry.npmmirror.com/log-update 383ms (cache miss)
#12 320.0 npm http fetch GET 200 https://registry.npmmirror.com/@arrows%2fdispatch 420ms (cache miss)
#12 320.0 npm http fetch GET 200 https://registry.npmmirror.com/@arrows%2fcomposition 422ms (cache miss)
#12 320.0 npm http fetch GET 200 https://registry.npmmirror.com/@noble%2fhashes 425ms (cache miss)
#12 320.1 npm http fetch GET 200 https://registry.npmmirror.com/msgpackr 81ms (cache miss)
#12 320.2 npm http fetch GET 200 https://registry.npmmirror.com/at-least-node 68ms (cache miss)
#12 320.2 npm http fetch GET 200 https://registry.npmmirror.com/@arrows%2fmultimethod 540ms (cache miss)
#12 320.2 npm http fetch GET 200 https://registry.npmmirror.com/jsonfile 78ms (cache miss)
#12 320.4 npm http fetch GET 200 https://registry.npmmirror.com/find-replace 349ms (cache miss)
#12 320.4 npm http fetch GET 200 https://registry.npmmirror.com/array-back 403ms (cache miss)
#12 320.4 npm http fetch GET 200 https://registry.npmmirror.com/feature-detect-es6 397ms (cache miss)
#12 320.4 npm http fetch GET 200 https://registry.npmmirror.com/typical 392ms (cache miss)
#12 320.6 npm http fetch GET 200 https://registry.npmmirror.com/dont-sniff-mimetype 456ms (cache miss)
#12 320.6 npm http fetch GET 200 https://registry.npmmirror.com/feature-policy 392ms (cache miss)
#12 320.8 npm http fetch GET 200 https://registry.npmmirror.com/hide-powered-by 365ms (cache miss)
#12 320.8 npm http fetch GET 200 https://registry.npmmirror.com/helmet-crossdomain 413ms (cache miss)
#12 320.8 npm http cache https://registry.npmmirror.com/escalade 3ms (cache hit)
#12 320.8 npm http fetch GET 200 https://registry.npmmirror.com/benchmark 1215ms (cache miss)
#12 320.9 npm http fetch GET 200 https://registry.npmmirror.com/hpkp 406ms (cache miss)
#12 320.9 npm http fetch GET 200 https://registry.npmmirror.com/helmet-csp 482ms (cache miss)
#12 321.0 npm http fetch GET 200 https://registry.npmmirror.com/referrer-policy 366ms (cache miss)
#12 321.2 npm http fetch GET 200 https://registry.npmmirror.com/esm 350ms (cache miss)
#12 321.2 npm http fetch GET 200 https://registry.npmmirror.com/hsts 557ms (cache miss)
#12 321.2 npm http fetch GET 200 https://registry.npmmirror.com/getopts 360ms (cache miss)
#12 321.2 npm http fetch GET 200 https://registry.npmmirror.com/get-package-type 385ms (cache miss)
#12 321.2 npm http fetch GET 200 https://registry.npmmirror.com/x-xss-protection 420ms (cache miss)
#12 321.3 npm http fetch GET 200 https://registry.npmmirror.com/pg-connection-string 383ms (cache miss)
#12 321.3 npm http fetch GET 200 https://registry.npmmirror.com/pg-connection-string 102ms (cache miss)
#12 321.4 npm http fetch GET 200 https://registry.npmmirror.com/tarn 355ms (cache miss)
#12 321.6 npm http fetch GET 200 https://registry.npmmirror.com/tildify 398ms (cache miss)
#12 321.6 npm http fetch GET 200 https://registry.npmmirror.com/pg-protocol 367ms (cache miss)
#12 321.6 npm http fetch GET 200 https://registry.npmmirror.com/pg-types 372ms (cache miss)
#12 321.6 npm http fetch GET 200 https://registry.npmmirror.com/pg-pool 406ms (cache miss)
#12 321.7 npm http fetch GET 200 https://registry.npmmirror.com/pgpass 375ms (cache miss)
#12 321.8 npm http fetch GET 200 https://registry.npmmirror.com/pg-cloudflare 478ms (cache miss)
#12 321.8 npm http fetch GET 200 https://registry.npmmirror.com/pg-cursor 453ms (cache miss)
#12 322.0 npm http fetch GET 200 https://registry.npmmirror.com/@scarf%2fscarf 384ms (cache miss)
#12 322.0 npm http fetch GET 200 https://registry.npmmirror.com/@swagger-api%2fapidom-core 370ms (cache miss)
#12 322.0 npm http fetch GET 200 https://registry.npmmirror.com/@swagger-api%2fapidom-error 371ms (cache miss)
#12 322.0 npm http fetch GET 200 https://registry.npmmirror.com/neotraverse 69ms (cache miss)
#12 322.1 npm http fetch GET 200 https://registry.npmmirror.com/@swagger-api%2fapidom-ns-openapi-3-1 408ms (cache miss)
#12 322.1 npm http fetch GET 200 https://registry.npmmirror.com/@swagger-api%2fapidom-json-pointer 452ms (cache miss)
#12 322.2 npm http fetch GET 200 https://registry.npmmirror.com/@swagger-api%2fapidom-reference 365ms (cache miss)
#12 322.2 npm http fetch GET 200 https://registry.npmmirror.com/@swagger-api%2fapidom-ns-openapi-3-2 436ms (cache miss)
#12 322.4 npm http fetch GET 200 https://registry.npmmirror.com/@swaggerexpert%2fcookie 412ms (cache miss)
#12 322.4 npm http fetch GET 200 https://registry.npmmirror.com/fast-json-patch 416ms (cache miss)
#12 322.5 npm http fetch GET 200 https://registry.npmmirror.com/openapi-path-templating 391ms (cache miss)
#12 322.5 npm http fetch GET 200 https://registry.npmmirror.com/node-abort-controller 421ms (cache miss)
#12 322.5 npm http fetch GET 200 https://registry.npmmirror.com/openapi-server-url-templating 437ms (cache miss)
#12 322.6 npm http fetch GET 200 https://registry.npmmirror.com/ramda 422ms (cache miss)
#12 322.6 npm http fetch GET 200 https://registry.npmmirror.com/ramda-adjunct 429ms (cache miss)
#12 322.8 npm http fetch GET 200 https://registry.npmmirror.com/spark-md5 391ms (cache miss)
#12 322.8 npm http fetch GET 200 https://registry.npmmirror.com/json-refs 414ms (cache miss)
#12 323.1 npm http fetch GET 200 https://registry.npmmirror.com/swagger-converter 619ms (cache miss)
#12 323.1 npm http fetch GET 200 https://registry.npmmirror.com/traverse 583ms (cache miss)
#12 323.1 npm http fetch GET 200 https://registry.npmmirror.com/z-schema 498ms (cache miss)
#12 323.1 npm http fetch GET 200 https://registry.npmmirror.com/superagent 683ms (cache miss)
#12 323.6 npm http fetch GET 200 https://registry.npmmirror.com/base64id 401ms (cache miss)
#12 328.0 npm http fetch GET 200 https://registry.npmmirror.com/xmlhttprequest 83ms (cache miss)
#12 328.3 npm http fetch GET 200 https://registry.npmmirror.com/policyfile 380ms (cache miss)
#12 328.6 npm http fetch GET 200 https://registry.npmmirror.com/forwarded 689ms (cache miss)
#12 329.2 npm http fetch GET 200 https://registry.npmmirror.com/redis 1319ms (cache miss)
#12 329.2 npm http cache https://registry.npmmirror.com/has-flag 6ms (cache hit)
#12 329.6 npm http fetch GET 200 https://registry.npmmirror.com/@sinonjs%2ftext-encoding 400ms (cache miss)
#12 329.6 npm http fetch GET 200 https://registry.npmmirror.com/just-extend 400ms (cache miss)
#12 329.7 npm http cache https://registry.npmmirror.com/@jridgewell%2fresolve-uri 10ms (cache hit)
#12 329.7 npm http cache https://registry.npmmirror.com/anymatch 12ms (cache hit)
#12 329.7 npm http cache https://registry.npmmirror.com/@jridgewell%2fsourcemap-codec 13ms (cache hit)
#12 329.7 npm http cache https://registry.npmmirror.com/braces 20ms (cache hit)
#12 329.7 npm http cache https://registry.npmmirror.com/is-binary-path 23ms (cache hit)
#12 329.7 npm http cache https://registry.npmmirror.com/fsevents 21ms (cache hit)
#12 329.7 npm http cache https://registry.npmmirror.com/readdirp 24ms (cache hit)
#12 329.7 npm http cache https://registry.npmmirror.com/@jridgewell%2fgen-mapping 10ms (cache hit)
#12 329.7 npm http cache https://registry.npmmirror.com/@jridgewell%2fgen-mapping 7ms (cache hit)
#12 329.7 npm http cache https://registry.npmmirror.com/js-tokens 12ms (cache hit)
#12 329.8 npm http fetch GET 200 https://registry.npmmirror.com/@babel%2fhelper-globals 101ms (cache miss)
#12 329.9 npm http fetch GET 200 https://registry.npmmirror.com/@babel%2fhelper-string-parser 178ms (cache miss)
#12 329.9 npm http fetch GET 200 https://registry.npmmirror.com/@babel%2fhelper-module-imports 197ms (cache miss)
#12 330.0 npm http fetch GET 200 https://registry.npmmirror.com/update-browserslist-db 89ms (cache miss)
#12 330.0 npm http fetch GET 200 https://registry.npmmirror.com/node-releases 93ms (cache miss)
#12 330.0 npm http fetch GET 200 https://registry.npmmirror.com/yallist 95ms (cache miss)
#12 330.1 npm http fetch GET 200 https://registry.npmmirror.com/electron-to-chromium 156ms (cache miss)
#12 330.3 npm http fetch GET 200 https://registry.npmmirror.com/baseline-browser-mapping 410ms (cache miss)
#12 330.9 npm http fetch GET 200 https://registry.npmmirror.com/@babel%2fhelper-create-class-features-plugin 401ms (cache miss)
#12 330.9 npm http fetch GET 200 https://registry.npmmirror.com/@babel%2fhelper-create-class-features-plugin 412ms (cache miss)
#12 330.9 npm http fetch GET 200 https://registry.npmmirror.com/@babel%2fhelper-remap-async-to-generator 420ms (cache miss)
#12 330.9 npm http fetch GET 200 https://registry.npmmirror.com/@babel%2fhelper-remap-async-to-generator 442ms (cache miss)
#12 330.9 npm http fetch GET 200 https://registry.npmmirror.com/@babel%2fhelper-skip-transparent-expression-wrappers 447ms (cache miss)
#12 330.9 npm http fetch GET 200 https://registry.npmmirror.com/@babel%2fhelper-create-regexp-features-plugin 451ms (cache miss)
#12 330.9 npm http fetch GET 200 https://registry.npmmirror.com/@babel%2fhelper-skip-transparent-expression-wrappers 454ms (cache miss)
#12 331.0 npm http fetch GET 200 https://registry.npmmirror.com/@babel%2fhelper-create-regexp-features-plugin 45ms (cache miss)
#12 331.0 npm http fetch GET 200 https://registry.npmmirror.com/@babel%2fhelper-create-regexp-features-plugin 47ms (cache miss)
#12 331.0 npm http fetch GET 200 https://registry.npmmirror.com/@babel%2fhelper-create-regexp-features-plugin 102ms (cache miss)
#12 331.3 npm http fetch GET 200 https://registry.npmmirror.com/@babel%2fhelper-replace-supers 342ms (cache miss)
#12 331.3 npm http fetch GET 200 https://registry.npmmirror.com/@babel%2fhelper-replace-supers 386ms (cache miss)
#12 331.3 npm http fetch GET 200 https://registry.npmmirror.com/@babel%2fhelper-annotate-as-pure 384ms (cache miss)
#12 331.4 npm http fetch GET 200 https://registry.npmmirror.com/@babel%2fhelper-define-polyfill-provider 305ms (cache miss)
#12 331.4 npm http fetch GET 200 https://registry.npmmirror.com/@babel%2fhelper-define-polyfill-provider 390ms (cache miss)
#12 331.4 npm http fetch GET 200 https://registry.npmmirror.com/@babel%2fhelper-define-polyfill-provider 369ms (cache miss)
#12 331.4 npm http fetch GET 200 https://registry.npmmirror.com/@babel%2fhelper-annotate-as-pure 516ms (cache miss)
#12 331.8 npm http fetch GET 200 https://registry.npmmirror.com/regexpu-core 371ms (cache miss)
#12 332.2 npm http fetch GET 200 https://registry.npmmirror.com/regenerate-unicode-properties 389ms (cache miss)
#12 332.2 npm http fetch GET 200 https://registry.npmmirror.com/unicode-match-property-ecmascript 399ms (cache miss)
#12 332.2 npm http fetch GET 200 https://registry.npmmirror.com/unicode-match-property-value-ecmascript 410ms (cache miss)
#12 332.2 npm http fetch GET 200 https://registry.npmmirror.com/regjsgen 423ms (cache miss)
#12 332.2 npm http fetch GET 200 https://registry.npmmirror.com/regenerate 426ms (cache miss)
#12 332.6 npm http fetch GET 200 https://registry.npmmirror.com/@babel%2fhelper-wrap-function 385ms (cache miss)
#12 333.1 npm http fetch GET 200 https://registry.npmmirror.com/@babel%2fhelper-optimise-call-expression 443ms (cache miss)
#12 333.1 npm http fetch GET 200 https://registry.npmmirror.com/@babel%2fhelper-member-expression-to-functions 449ms (cache miss)
#12 333.6 npm http fetch GET 200 https://registry.npmmirror.com/@babel%2fplugin-syntax-typescript 430ms (cache miss)
#12 333.6 npm http fetch GET 200 https://registry.npmmirror.com/buffer-from 81ms (cache miss)
#12 334.0 npm http fetch GET 200 https://registry.npmmirror.com/commondir 408ms (cache miss)
#12 334.0 npm http fetch GET 200 https://registry.npmmirror.com/shallow-clone 410ms (cache miss)
#12 334.1 npm http fetch GET 200 https://registry.npmmirror.com/kind-of 503ms (cache miss)
#12 334.8 npm http fetch GET 200 https://registry.npmmirror.com/pkg-dir 1234ms (cache miss)
#12 334.8 npm http cache https://registry.npmmirror.com/@codemirror%2flang-css 6ms (cache hit)
#12 334.8 npm http cache https://registry.npmmirror.com/@lezer%2fcss 6ms (cache hit)
#12 334.8 npm http cache https://registry.npmmirror.com/@codemirror%2flang-javascript 9ms (cache hit)
#12 335.2 npm http fetch GET 200 https://registry.npmmirror.com/@lezer%2fhtml 385ms (cache miss)
#12 335.2 npm http cache https://registry.npmmirror.com/@lezer%2fjavascript 2ms (cache hit)
#12 335.3 npm http fetch GET 200 https://registry.npmmirror.com/end-of-stream 75ms (cache miss)
#12 335.6 npm http fetch GET 200 https://registry.npmmirror.com/stream-shift 389ms (cache miss)
#12 335.6 npm http fetch GET 200 https://registry.npmmirror.com/stubs 409ms (cache miss)
#12 335.6 npm http cache https://registry.npmmirror.com/es-errors 7ms (cache hit)
#12 335.9 npm http fetch GET 200 https://registry.npmmirror.com/call-bound 282ms (cache miss)
#12 335.9 npm http fetch GET 200 https://registry.npmmirror.com/base64-js 283ms (cache miss)
#12 335.9 npm http fetch GET 200 https://registry.npmmirror.com/gtoken 283ms (cache miss)
#12 335.9 npm http fetch GET 200 https://registry.npmmirror.com/ecdsa-sig-formatter 306ms (cache miss)
#12 336.0 npm http fetch GET 200 https://registry.npmmirror.com/fast-text-encoding 370ms (cache miss)
#12 336.1 npm http fetch GET 200 https://registry.npmmirror.com/is-stream 116ms (cache miss)
#12 336.1 npm http fetch GET 200 https://registry.npmmirror.com/strnum 118ms (cache miss)
#12 336.5 npm http fetch GET 200 https://registry.npmmirror.com/retry 474ms (cache miss)
#12 337.9 npm http fetch GET 200 https://registry.npmmirror.com/media-typer 1382ms (cache miss)
#12 338.3 npm http fetch GET 200 https://registry.npmmirror.com/@xmldom%2fis-dom-node 402ms (cache miss)
#12 338.3 npm http fetch GET 200 https://registry.npmmirror.com/xml-encryption 402ms (cache miss)
#12 338.3 npm http fetch GET 200 https://registry.npmmirror.com/@types%2fxml-encryption 418ms (cache miss)
#12 338.8 npm http fetch GET 200 https://registry.npmmirror.com/@types%2fxml2js 954ms (cache miss)
#12 338.9 npm http fetch GET 200 https://registry.npmmirror.com/@types%2fms 89ms (cache miss)
#12 339.4 npm http fetch GET 200 https://registry.npmmirror.com/shimmer 384ms (cache miss)
#12 339.4 npm http fetch GET 200 https://registry.npmmirror.com/@opentelemetry%2fpropagation-utils 399ms (cache miss)
#12 339.5 npm http fetch GET 200 https://registry.npmmirror.com/@types%2faws-lambda 408ms (cache miss)
#12 339.5 npm http fetch GET 200 https://registry.npmmirror.com/require-in-the-middle 419ms (cache miss)
#12 339.5 npm http fetch GET 200 https://registry.npmmirror.com/@opentelemetry%2fpropagator-aws-xray 428ms (cache miss)
#12 339.5 npm http fetch GET 200 https://registry.npmmirror.com/@types%2fshimmer 434ms (cache miss)
#12 339.5 npm http fetch GET 200 https://registry.npmmirror.com/import-in-the-middle 480ms (cache miss)
#12 339.8 npm http fetch GET 200 https://registry.npmmirror.com/@types%2fconnect 356ms (cache miss)
#12 339.9 npm http fetch GET 200 https://registry.npmmirror.com/@types%2fhapi__hapi 430ms (cache miss)
#12 339.9 npm http fetch GET 200 https://registry.npmmirror.com/@types%2fioredis 425ms (cache miss)
#12 339.9 npm http fetch GET 200 https://registry.npmmirror.com/@opentelemetry%2fredis-common 464ms (cache miss)
#12 339.9 npm http fetch GET 200 https://registry.npmmirror.com/@types%2fkoa__router 417ms (cache miss)
#12 340.0 npm http fetch GET 200 https://registry.npmmirror.com/@types%2fkoa 475ms (cache miss)
#12 340.0 npm http fetch GET 200 https://registry.npmmirror.com/@types%2fpg 91ms (cache miss)
#12 340.2 npm http fetch GET 200 https://registry.npmmirror.com/@types%2fmemcached 431ms (cache miss)
#12 340.3 npm http fetch GET 200 https://registry.npmmirror.com/@types%2fmysql 424ms (cache miss)
#12 340.3 npm http fetch GET 200 https://registry.npmmirror.com/@types%2fbunyan 898ms (cache miss)
#12 340.3 npm http fetch GET 200 https://registry.npmmirror.com/@types%2fpg-pool 378ms (cache miss)
#12 340.3 npm http fetch GET 200 https://registry.npmmirror.com/@opentelemetry%2fsql-common 405ms (cache miss)
#12 340.3 npm http fetch GET 200 https://registry.npmmirror.com/@opentelemetry%2fsql-common 430ms (cache miss)
#12 340.4 npm http fetch GET 200 https://registry.npmmirror.com/@types%2ftedious 375ms (cache miss)
#12 340.9 npm http fetch GET 200 https://registry.npmmirror.com/module-details-from-path 431ms (cache miss)
#12 340.9 npm http fetch GET 200 https://registry.npmmirror.com/module-details-from-path 432ms (cache miss)
#12 340.9 npm http fetch GET 200 https://registry.npmmirror.com/acorn-import-assertions 502ms (cache miss)
#12 341.7 npm http fetch GET 200 https://registry.npmmirror.com/cjs-module-lexer 1287ms (cache miss)
#12 342.2 npm http fetch GET 200 https://registry.npmmirror.com/@types%2fhapi__catbox 393ms (cache miss)
#12 342.2 npm http fetch GET 200 https://registry.npmmirror.com/@types%2fhapi__mimos 395ms (cache miss)
#12 342.2 npm http fetch GET 200 https://registry.npmmirror.com/@hapi%2fboom 398ms (cache miss)
#12 342.2 npm http fetch GET 200 https://registry.npmmirror.com/@hapi%2fpodium 399ms (cache miss)
#12 342.2 npm http fetch GET 200 https://registry.npmmirror.com/@types%2fhapi__shot 410ms (cache miss)
#12 342.2 npm http fetch GET 200 https://registry.npmmirror.com/@hapi%2firon 430ms (cache miss)
#12 342.6 npm http fetch GET 200 https://registry.npmmirror.com/@types%2fkoa-compose 362ms (cache miss)
#12 342.6 npm http fetch GET 200 https://registry.npmmirror.com/@types%2fcookies 369ms (cache miss)
#12 342.6 npm http fetch GET 200 https://registry.npmmirror.com/@types%2fcontent-disposition 387ms (cache miss)
#12 342.6 npm http fetch GET 200 https://registry.npmmirror.com/@types%2fkeygrip 402ms (cache miss)
#12 342.7 npm http fetch GET 200 https://registry.npmmirror.com/@types%2faccepts 412ms (cache miss)
#12 342.7 npm http fetch GET 200 https://registry.npmmirror.com/@types%2fhttp-assert 412ms (cache miss)
#12 342.7 npm http fetch GET 200 https://registry.npmmirror.com/@types%2fhttp-errors 459ms (cache miss)
#12 342.8 npm http fetch GET 200 https://registry.npmmirror.com/google-logging-utils 78ms (cache miss)
#12 343.1 npm http fetch GET 200 https://registry.npmmirror.com/json-bigint 377ms (cache miss)
#12 343.6 npm http fetch GET 200 https://registry.npmmirror.com/@opentelemetry%2fotlp-proto-exporter-base 414ms (cache miss)
#12 343.6 npm http fetch GET 200 https://registry.npmmirror.com/jaeger-client 416ms (cache miss)
#12 343.6 npm http fetch GET 200 https://registry.npmmirror.com/@opentelemetry%2fotlp-grpc-exporter-base 423ms (cache miss)
#12 343.6 npm http fetch GET 200 https://registry.npmmirror.com/@opentelemetry%2fcontext-async-hooks 425ms (cache miss)
#12 343.6 npm http fetch GET 200 https://registry.npmmirror.com/@opentelemetry%2fpropagator-b3 436ms (cache miss)
#12 343.6 npm http fetch GET 200 https://registry.npmmirror.com/@opentelemetry%2fpropagator-jaeger 445ms (cache miss)
#12 344.0 npm http fetch GET 200 https://registry.npmmirror.com/node-int64 394ms (cache miss)
#12 344.0 npm http fetch GET 200 https://registry.npmmirror.com/thriftrw 423ms (cache miss)
#12 344.0 npm http fetch GET 200 https://registry.npmmirror.com/opentracing 427ms (cache miss)
#12 344.1 npm http fetch GET 200 https://registry.npmmirror.com/xorshift 447ms (cache miss)
#12 344.4 npm http fetch GET 200 https://registry.npmmirror.com/@js-sdsl%2fordered-map 384ms (cache miss)
#12 344.5 npm http fetch GET 200 https://registry.npmmirror.com/long 82ms (cache miss)
#12 344.8 npm http fetch GET 200 https://registry.npmmirror.com/lodash.camelcase 363ms (cache miss)
#12 344.9 npm http fetch GET 200 https://registry.npmmirror.com/@protobufjs%2faspromise 74ms (cache miss)
#12 344.9 npm http fetch GET 200 https://registry.npmmirror.com/@protobufjs%2fbase64 76ms (cache miss)
#12 344.9 npm http fetch GET 200 https://registry.npmmirror.com/@protobufjs%2fcodegen 81ms (cache miss)
#12 344.9 npm http fetch GET 200 https://registry.npmmirror.com/@protobufjs%2feventemitter 83ms (cache miss)
#12 344.9 npm http fetch GET 200 https://registry.npmmirror.com/@protobufjs%2finquire 86ms (cache miss)
#12 344.9 npm http fetch GET 200 https://registry.npmmirror.com/@protobufjs%2ffloat 87ms (cache miss)
#12 344.9 npm http fetch GET 200 https://registry.npmmirror.com/@protobufjs%2ffetch 89ms (cache miss)
#12 344.9 npm http cache https://registry.npmmirror.com/@types%2fnode 21ms (cache hit)
#12 345.0 npm http cache https://registry.npmmirror.com/cliui 111ms (cache hit)
#12 345.0 npm http cache https://registry.npmmirror.com/get-caller-file 113ms (cache hit)
#12 345.0 npm http cache https://registry.npmmirror.com/require-directory 115ms (cache hit)
#12 345.0 npm http fetch GET 200 https://registry.npmmirror.com/@protobufjs%2fpool 133ms (cache miss)
#12 345.0 npm http fetch GET 200 https://registry.npmmirror.com/@protobufjs%2futf8 129ms (cache miss)
#12 345.0 npm http fetch GET 200 https://registry.npmmirror.com/@protobufjs%2fpath 136ms (cache miss)
#12 345.0 npm http cache https://registry.npmmirror.com/y18n 18ms (cache hit)
#12 345.2 npm http fetch GET 200 https://registry.npmmirror.com/ajv-formats 99ms (cache miss)
#12 345.3 npm http fetch GET 200 https://registry.npmmirror.com/ajv-keywords 170ms (cache miss)
#12 345.5 npm http fetch GET 200 https://registry.npmmirror.com/emojis-list 381ms (cache miss)
#12 345.5 npm http fetch GET 200 https://registry.npmmirror.com/stackframe 382ms (cache miss)
#12 345.6 npm http fetch GET 200 https://registry.npmmirror.com/cors 133ms (cache miss)
#12 345.7 npm http fetch GET 200 https://registry.npmmirror.com/utf8-byte-length 162ms (cache miss)
#12 345.9 npm http fetch GET 200 https://registry.npmmirror.com/@types%2fset-cookie-parser 386ms (cache miss)
#12 345.9 npm http fetch GET 200 https://registry.npmmirror.com/http-graceful-shutdown 401ms (cache miss)
#12 345.9 npm http fetch GET 200 https://registry.npmmirror.com/set-cookie-parser 446ms (cache miss)
#12 346.0 npm http fetch GET 200 https://registry.npmmirror.com/morgan 457ms (cache miss)
#12 346.0 npm http fetch GET 200 https://registry.npmmirror.com/side-channel 77ms (cache miss)
#12 346.4 npm http fetch GET 200 https://registry.npmmirror.com/querystringify 401ms (cache miss)
#12 346.4 npm http fetch GET 200 https://registry.npmmirror.com/requires-port 469ms (cache miss)
#12 346.5 npm http cache https://registry.npmmirror.com/storybook 42ms (cache hit)
#12 347.1 npm http fetch GET 200 https://registry.npmmirror.com/@vitest%2fexpect 466ms (cache miss)
#12 347.1 npm http fetch GET 200 https://registry.npmmirror.com/@vitest%2fspy 480ms (cache miss)
#12 347.1 npm http fetch GET 200 https://registry.npmmirror.com/@testing-library%2fjest-dom 486ms (cache miss)
#12 347.2 npm http cache https://registry.npmmirror.com/storybook 64ms (cache hit)
#12 347.9 npm http fetch GET 200 https://registry.npmmirror.com/memoizerific 366ms (cache miss)
#12 347.9 npm http fetch GET 200 https://registry.npmmirror.com/memoizerific 373ms (cache miss)
#12 347.9 npm http fetch GET 200 https://registry.npmmirror.com/@mdx-js%2freact 378ms (cache miss)
#12 348.0 npm http fetch GET 200 https://registry.npmmirror.com/@storybook%2fblocks 504ms (cache miss)
#12 349.4 npm http fetch GET 200 https://registry.npmmirror.com/@storybook%2fcsf-plugin 1842ms (cache miss)
#12 349.8 npm http fetch GET 200 https://registry.npmmirror.com/map-or-similar 375ms (cache miss)
#12 350.2 npm http fetch GET 200 https://registry.npmmirror.com/react 416ms (cache revalidated)
#12 350.7 npm http fetch GET 200 https://registry.npmmirror.com/react-dom 392ms (cache revalidated)
#12 351.1 npm http fetch GET 200 https://registry.npmmirror.com/@storybook%2ficons 398ms (cache miss)
#12 351.1 npm http fetch GET 200 https://registry.npmmirror.com/@types%2fmdx 408ms (cache miss)
#12 351.1 npm http fetch GET 200 https://registry.npmmirror.com/unplugin 411ms (cache miss)
#12 351.5 npm http fetch GET 200 https://registry.npmmirror.com/@vitest%2futils 397ms (cache miss)
#12 351.6 npm http cache https://registry.npmmirror.com/storybook 32ms (cache hit)
#12 351.8 npm http cache https://registry.npmmirror.com/locate-path 6ms (cache hit)
#12 351.9 npm http fetch GET 200 https://registry.npmmirror.com/shebang-command 68ms (cache miss)
#12 351.9 npm http fetch GET 200 https://registry.npmmirror.com/which 73ms (cache miss)
#12 351.9 npm http fetch GET 200 https://registry.npmmirror.com/path-key 76ms (cache miss)
#12 352.0 npm http fetch GET 200 https://registry.npmmirror.com/defu 72ms (cache miss)
#12 352.0 npm http fetch GET 200 https://registry.npmmirror.com/node-fetch-native 75ms (cache miss)
#12 352.3 npm http fetch GET 200 https://registry.npmmirror.com/citty 439ms (cache miss)
#12 352.3 npm http fetch GET 200 https://registry.npmmirror.com/@types%2fcross-spawn 461ms (cache miss)
#12 352.3 npm http fetch GET 200 https://registry.npmmirror.com/consola 396ms (cache miss)
#12 352.3 npm http fetch GET 200 https://registry.npmmirror.com/es-toolkit 506ms (cache miss)
#12 352.4 npm http fetch GET 200 https://registry.npmmirror.com/nypm 451ms (cache miss)
#12 352.4 npm http fetch GET 200 https://registry.npmmirror.com/minipass 135ms (cache miss)
#12 352.4 npm http fetch GET 200 https://registry.npmmirror.com/tar 160ms (cache miss)
#12 352.5 npm http fetch GET 200 https://registry.npmmirror.com/path-scurry 89ms (cache miss)
#12 352.6 npm http fetch GET 200 https://registry.npmmirror.com/pathe 610ms (cache miss)
#12 352.7 npm http fetch GET 200 https://registry.npmmirror.com/jackspeak 395ms (cache miss)
#12 352.8 npm http fetch GET 200 https://registry.npmmirror.com/package-json-from-dist 361ms (cache miss)
#12 352.8 npm http fetch GET 200 https://registry.npmmirror.com/sisteransi 36ms (cache miss)
#12 352.8 npm http fetch GET 200 https://registry.npmmirror.com/path-type 393ms (cache miss)
#12 352.8 npm http fetch GET 200 https://registry.npmmirror.com/@sindresorhus%2fmerge-streams 410ms (cache miss)
#12 352.9 npm http fetch GET 200 https://registry.npmmirror.com/unicorn-magic 399ms (cache miss)
#12 353.0 npm http fetch GET 200 https://registry.npmmirror.com/babel-core 382ms (cache miss)
#12 353.1 npm http fetch GET 200 https://registry.npmmirror.com/node-dir 390ms (cache miss)
#12 353.2 npm http fetch GET 200 https://registry.npmmirror.com/walk-up-path 1341ms (cache miss)
#12 353.2 npm http cache https://registry.npmmirror.com/esbuild 10ms (cache hit)
#12 353.3 npm http fetch GET 200 https://registry.npmmirror.com/ast-types 94ms (cache miss)
#12 353.6 npm http fetch GET 200 https://registry.npmmirror.com/browser-assert 389ms (cache miss)
#12 353.6 npm http fetch GET 200 https://registry.npmmirror.com/better-opn 390ms (cache miss)
#12 353.6 npm http fetch GET 200 https://registry.npmmirror.com/esbuild-register 404ms (cache miss)
#12 353.6 npm http fetch GET 200 https://registry.npmmirror.com/jsdoc-type-pratt-parser 437ms (cache miss)
#12 353.6 npm http cache https://registry.npmmirror.com/bufferutil 2ms (cache hit)
#12 354.0 npm http fetch GET 200 https://registry.npmmirror.com/@esbuild%2fandroid-x64 389ms (cache miss)
#12 354.0 npm http fetch GET 200 https://registry.npmmirror.com/@esbuild%2fdarwin-x64 397ms (cache miss)
#12 354.0 npm http fetch GET 200 https://registry.npmmirror.com/@esbuild%2fandroid-arm 410ms (cache miss)
#12 354.0 npm http fetch GET 200 https://registry.npmmirror.com/@esbuild%2faix-ppc64 413ms (cache miss)
#12 354.1 npm http fetch GET 200 https://registry.npmmirror.com/@esbuild%2fandroid-arm64 418ms (cache miss)
#12 354.1 npm http cache https://registry.npmmirror.com/@esbuild%2flinux-loong64 5ms (cache hit)
#12 354.1 npm http fetch GET 200 https://registry.npmmirror.com/@esbuild%2ffreebsd-arm64 429ms (cache miss)
#12 354.1 npm http fetch GET 200 https://registry.npmmirror.com/@esbuild%2fdarwin-arm64 466ms (cache miss)
#12 354.4 npm http fetch GET 200 https://registry.npmmirror.com/@esbuild%2ffreebsd-x64 376ms (cache miss)
#12 354.4 npm http fetch GET 200 https://registry.npmmirror.com/@esbuild%2flinux-ia32 369ms (cache miss)
#12 354.4 npm http fetch GET 200 https://registry.npmmirror.com/@esbuild%2flinux-ppc64 371ms (cache miss)
#12 354.4 npm http fetch GET 200 https://registry.npmmirror.com/@esbuild%2flinux-arm 410ms (cache miss)
#12 354.5 npm http fetch GET 200 https://registry.npmmirror.com/@esbuild%2flinux-arm64 403ms (cache miss)
#12 354.5 npm http fetch GET 200 https://registry.npmmirror.com/@esbuild%2flinux-mips64el 409ms (cache miss)
#12 354.5 npm http fetch GET 200 https://registry.npmmirror.com/@esbuild%2flinux-riscv64 380ms (cache miss)
#12 354.8 npm http fetch GET 200 https://registry.npmmirror.com/@esbuild%2flinux-s390x 367ms (cache miss)
#12 354.8 npm http fetch GET 200 https://registry.npmmirror.com/@esbuild%2fnetbsd-x64 386ms (cache miss)
#12 354.9 npm http fetch GET 200 https://registry.npmmirror.com/@esbuild%2fnetbsd-arm64 412ms (cache miss)
#12 354.9 npm http fetch GET 200 https://registry.npmmirror.com/@esbuild%2fopenbsd-arm64 403ms (cache miss)
#12 354.9 npm http fetch GET 200 https://registry.npmmirror.com/@esbuild%2flinux-x64 443ms (cache miss)
#12 354.9 npm http fetch GET 200 https://registry.npmmirror.com/@esbuild%2fopenharmony-arm64 384ms (cache miss)
#12 354.9 npm http fetch GET 200 https://registry.npmmirror.com/@esbuild%2fopenbsd-x64 409ms (cache miss)
#12 355.2 npm http fetch GET 200 https://registry.npmmirror.com/@esbuild%2fwin32-arm64 391ms (cache miss)
#12 355.3 npm http fetch GET 200 https://registry.npmmirror.com/@esbuild%2fwin32-ia32 403ms (cache miss)
#12 355.3 npm http fetch GET 200 https://registry.npmmirror.com/is-arguments 393ms (cache miss)
#12 355.3 npm http fetch GET 200 https://registry.npmmirror.com/is-generator-function 390ms (cache miss)
#12 355.3 npm http fetch GET 200 https://registry.npmmirror.com/is-typed-array 395ms (cache miss)
#12 355.3 npm http fetch GET 200 https://registry.npmmirror.com/@esbuild%2fwin32-x64 427ms (cache miss)
#12 355.3 npm http fetch GET 200 https://registry.npmmirror.com/@esbuild%2fsunos-x64 530ms (cache miss)
#12 355.6 npm http fetch GET 200 https://registry.npmmirror.com/which-typed-array 382ms (cache miss)
#12 356.0 npm http fetch GET 200 https://registry.npmmirror.com/webpack-virtual-modules 386ms (cache miss)
#12 356.4 npm http fetch GET 200 https://registry.npmmirror.com/tinyrainbow 381ms (cache miss)
#12 356.4 npm http fetch GET 200 https://registry.npmmirror.com/@vitest%2fpretty-format 416ms (cache miss)
#12 356.4 npm http cache https://registry.npmmirror.com/react 11ms (cache hit)
#12 356.5 npm http cache https://registry.npmmirror.com/react-dom 19ms (cache hit)
#12 356.6 npm http cache https://registry.npmmirror.com/util-deprecate 13ms (cache hit)
#12 356.6 npm http cache https://registry.npmmirror.com/magic-string 20ms (cache hit)
#12 356.9 npm http fetch GET 200 https://registry.npmmirror.com/constants-browserify 360ms (cache miss)
#12 357.0 npm http fetch GET 200 https://registry.npmmirror.com/fork-ts-checker-webpack-plugin 410ms (cache miss)
#12 357.0 npm http fetch GET 200 https://registry.npmmirror.com/@storybook%2freact-docgen-typescript-plugin 407ms (cache miss)
#12 357.0 npm http fetch GET 200 https://registry.npmmirror.com/case-sensitive-paths-webpack-plugin 438ms (cache miss)
#12 357.0 npm http fetch GET 200 https://registry.npmmirror.com/style-loader 444ms (cache miss)
#12 357.1 npm http fetch GET 200 https://registry.npmmirror.com/@storybook%2fcore-webpack 551ms (cache miss)
#12 357.2 npm http fetch GET 200 https://registry.npmmirror.com/@storybook%2fcore-webpack 613ms (cache miss)
#12 357.3 npm http fetch GET 200 https://registry.npmmirror.com/react-docgen 381ms (cache miss)
#12 357.4 npm http fetch GET 200 https://registry.npmmirror.com/typescript 83ms (cache revalidated)
#12 358.2 npm http fetch GET 200 https://registry.npmmirror.com/memfs 646ms (cache miss)
#12 358.3 npm http fetch GET 200 https://registry.npmmirror.com/memfs 778ms (cache miss)
#12 358.3 npm http cache https://registry.npmmirror.com/typescript 27ms (cache hit)
#12 358.5 npm http fetch GET 200 https://registry.npmmirror.com/@types%2fbabel__core 71ms (cache miss)
#12 358.5 npm http cache https://registry.npmmirror.com/path-parse 3ms (cache hit)
#12 358.5 npm http fetch GET 200 https://registry.npmmirror.com/@types%2fbabel__traverse 76ms (cache miss)
#12 358.5 npm http cache https://registry.npmmirror.com/supports-preserve-symlinks-flag 4ms (cache hit)
#12 358.8 npm http fetch GET 200 https://registry.npmmirror.com/flat-cache 355ms (cache miss)
#12 358.8 npm http fetch GET 200 https://registry.npmmirror.com/@types%2fresolve 384ms (cache miss)
#12 358.8 npm http fetch GET 200 https://registry.npmmirror.com/endent 409ms (cache miss)
#12 358.9 npm http fetch GET 200 https://registry.npmmirror.com/@types%2fdoctrine 407ms (cache miss)
#12 358.9 npm http fetch GET 200 https://registry.npmmirror.com/react-docgen-typescript 418ms (cache miss)
#12 358.9 npm http fetch GET 200 https://registry.npmmirror.com/strip-bom 402ms (cache miss)
#12 358.9 npm http cache https://registry.npmmirror.com/picomatch 4ms (cache hit)
#12 359.3 npm http fetch GET 200 https://registry.npmmirror.com/fast-json-parse 402ms (cache miss)
#12 359.3 npm http fetch GET 200 https://registry.npmmirror.com/flatted 403ms (cache miss)
#12 359.3 npm http fetch GET 200 https://registry.npmmirror.com/objectorarray 410ms (cache miss)
#12 359.4 npm http fetch GET 200 https://registry.npmmirror.com/keyv 421ms (cache miss)
#12 359.4 npm http fetch GET 200 https://registry.npmmirror.com/dedent 431ms (cache miss)
#12 359.7 npm http fetch GET 200 https://registry.npmmirror.com/css.escape 370ms (cache miss)
#12 359.8 npm http fetch GET 200 https://registry.npmmirror.com/redent 415ms (cache miss)
#12 359.8 npm http fetch GET 200 https://registry.npmmirror.com/@adobe%2fcss-tools 417ms (cache miss)
#12 359.8 npm http fetch GET 200 https://registry.npmmirror.com/tinyspy 415ms (cache miss)
#12 359.8 npm http cache https://registry.npmmirror.com/ansi-regex 4ms (cache hit)
#12 359.8 npm http cache https://registry.npmmirror.com/ansi-styles 6ms (cache hit)
#12 359.8 npm http cache https://registry.npmmirror.com/react-is 11ms (cache hit)
#12 360.1 npm http fetch GET 200 https://registry.npmmirror.com/undici-types 198ms (cache miss)
#12 360.2 npm http fetch GET 200 https://registry.npmmirror.com/@types%2fnode 95ms (cache revalidated)
#12 360.6 npm http fetch GET 200 https://registry.npmmirror.com/@types%2frange-parser 377ms (cache miss)
#12 360.7 npm http fetch GET 200 https://registry.npmmirror.com/@types%2fsend 409ms (cache miss)
#12 360.7 npm http fetch GET 200 https://registry.npmmirror.com/@types%2fsend 411ms (cache miss)
#12 361.0 npm http fetch GET 200 https://registry.npmmirror.com/@hapi%2fteamwork 363ms (cache miss)
#12 361.1 npm http fetch GET 200 https://registry.npmmirror.com/@hapi%2fcryptiles 378ms (cache miss)
#12 361.1 npm http fetch GET 200 https://registry.npmmirror.com/@types%2fmime-db 417ms (cache miss)
#12 361.1 npm http fetch GET 200 https://registry.npmmirror.com/@hapi%2fvalidate 418ms (cache miss)
#12 361.1 npm http fetch GET 200 https://registry.npmmirror.com/@hapi%2fb64 421ms (cache miss)
#12 361.1 npm http fetch GET 200 https://registry.npmmirror.com/@hapi%2fbourne 428ms (cache miss)
#12 361.5 npm http fetch GET 200 https://registry.npmmirror.com/postgres-interval 373ms (cache miss)
#12 361.5 npm http fetch GET 200 https://registry.npmmirror.com/postgres-date 381ms (cache miss)
#12 361.5 npm http fetch GET 200 https://registry.npmmirror.com/postgres-bytea 383ms (cache miss)
#12 361.5 npm http fetch GET 200 https://registry.npmmirror.com/postgres-array 396ms (cache miss)
#12 361.6 npm http fetch GET 200 https://registry.npmmirror.com/pg-int8 418ms (cache miss)
#12 361.9 npm http fetch GET 200 https://registry.npmmirror.com/@types%2fmime 382ms (cache miss)
#12 362.0 npm http cache https://registry.npmmirror.com/typescript 21ms (cache hit)
#12 362.5 npm http fetch GET 200 https://registry.npmmirror.com/@typescript-eslint%2ftsconfig-utils 413ms (cache miss)
#12 362.5 npm http fetch GET 200 https://registry.npmmirror.com/tinyglobby 427ms (cache miss)
#12 362.5 npm http fetch GET 200 https://registry.npmmirror.com/@typescript-eslint%2fproject-service 434ms (cache miss)
#12 363.0 npm http fetch GET 200 https://registry.npmmirror.com/fdir 431ms (cache miss)
#12 363.4 npm http fetch GET 200 https://registry.npmmirror.com/exifr 403ms (cache miss)
#12 363.4 npm http fetch GET 200 https://registry.npmmirror.com/is-network-error 36ms (cache miss)
#12 363.5 npm http fetch GET 200 https://registry.npmmirror.com/@types%2fretry 76ms (cache miss)
#12 364.1 npm http fetch GET 200 https://registry.npmmirror.com/estree-walker 651ms (cache miss)
#12 364.2 npm http fetch GET 200 https://registry.npmmirror.com/colors 78ms (cache miss)
#12 364.5 npm http fetch GET 200 https://registry.npmmirror.com/@babel%2fplugin-proposal-class-properties 368ms (cache miss)
#12 364.6 npm http fetch GET 200 https://registry.npmmirror.com/private 403ms (cache miss)
#12 364.6 npm http fetch GET 200 https://registry.npmmirror.com/@babel%2fplugin-proposal-object-rest-spread 433ms (cache miss)
#12 365.0 npm http fetch GET 200 https://registry.npmmirror.com/min-document 371ms (cache miss)
#12 365.0 npm http fetch GET 200 https://registry.npmmirror.com/through 400ms (cache miss)
#12 365.0 npm http cache https://registry.npmmirror.com/string_decoder 8ms (cache hit)
#12 365.4 npm http fetch GET 200 https://registry.npmmirror.com/lodash.difference 371ms (cache miss)
#12 365.4 npm http fetch GET 200 https://registry.npmmirror.com/fs-constants 385ms (cache miss)
#12 365.4 npm http fetch GET 200 https://registry.npmmirror.com/bl 393ms (cache miss)
#12 365.4 npm http fetch GET 200 https://registry.npmmirror.com/lazystream 403ms (cache miss)
#12 365.4 npm http fetch GET 200 https://registry.npmmirror.com/lodash.union 409ms (cache miss)
#12 365.5 npm http fetch GET 200 https://registry.npmmirror.com/compress-commons 432ms (cache miss)
#12 365.5 npm http cache https://registry.npmmirror.com/core-util-is 4ms (cache hit)
#12 365.5 npm http cache https://registry.npmmirror.com/process-nextick-args 5ms (cache hit)
#12 365.9 npm http fetch GET 200 https://registry.npmmirror.com/common-path-prefix 383ms (cache miss)
#12 366.2 npm http fetch GET 200 https://registry.npmmirror.com/parse-json 370ms (cache miss)
#12 366.3 npm http fetch GET 200 https://registry.npmmirror.com/import-fresh 394ms (cache miss)
#12 366.3 npm http fetch GET 200 https://registry.npmmirror.com/@types%2fparse-json 395ms (cache miss)
#12 366.7 npm http fetch GET 200 https://registry.npmmirror.com/lodash.debounce 395ms (cache miss)
#12 366.8 npm http fetch GET 200 https://registry.npmmirror.com/detect-libc 76ms (cache miss)
#12 366.9 npm http fetch GET 200 https://registry.npmmirror.com/nopt 185ms (cache miss)
#12 367.1 npm http fetch GET 200 https://registry.npmmirror.com/npmlog 411ms (cache miss)
#12 367.2 npm http fetch GET 200 https://registry.npmmirror.com/chownr 78ms (cache miss)
#12 367.2 npm http fetch GET 200 https://registry.npmmirror.com/abbrev 93ms (cache miss)
#12 367.3 npm http fetch GET 200 https://registry.npmmirror.com/minizlib 77ms (cache miss)
#12 367.3 npm http fetch GET 200 https://registry.npmmirror.com/mkdirp 75ms (cache miss)
#12 367.5 npm http fetch GET 200 https://registry.npmmirror.com/console-control-strings 373ms (cache miss)
#12 367.5 npm http fetch GET 200 https://registry.npmmirror.com/set-blocking 379ms (cache miss)
#12 367.5 npm http fetch GET 200 https://registry.npmmirror.com/gauge 385ms (cache miss)
#12 367.5 npm http fetch GET 200 https://registry.npmmirror.com/are-we-there-yet 397ms (cache miss)
#12 367.6 npm http fetch GET 200 https://registry.npmmirror.com/fs-minipass 442ms (cache miss)
#12 367.6 npm http cache https://registry.npmmirror.com/wrap-ansi 8ms (cache hit)
#12 367.6 npm http fetch GET 200 https://registry.npmmirror.com/slice-ansi 84ms (cache miss)
#12 367.9 npm http fetch GET 200 https://registry.npmmirror.com/@arrows%2ferror 368ms (cache miss)
#12 368.0 npm http fetch GET 200 https://registry.npmmirror.com/@arrows%2farray 410ms (cache miss)
#12 368.0 npm http fetch GET 200 https://registry.npmmirror.com/ansi-escapes 435ms (cache miss)
#12 368.6 npm http fetch GET 200 https://registry.npmmirror.com/platform 1045ms (cache miss)
#12 368.7 npm http fetch GET 200 https://registry.npmmirror.com/is-docker 70ms (cache miss)
#12 368.7 npm http fetch GET 200 https://registry.npmmirror.com/is-wsl 82ms (cache miss)
#12 369.0 npm http fetch GET 200 https://registry.npmmirror.com/define-lazy-prop 379ms (cache miss)
#12 369.0 npm http cache https://registry.npmmirror.com/ee-first 5ms (cache hit)
#12 369.0 npm http cache https://registry.npmmirror.com/toidentifier 7ms (cache hit)
#12 369.1 npm http fetch GET 200 https://registry.npmmirror.com/safer-buffer 83ms (cache miss)
#12 369.5 npm http fetch GET 200 https://registry.npmmirror.com/p-finally 371ms (cache miss)
#12 369.5 npm http fetch GET 200 https://registry.npmmirror.com/moment-timezone 407ms (cache miss)
#12 369.5 npm http fetch GET 200 https://registry.npmmirror.com/is-nan 411ms (cache miss)
#12 369.5 npm http fetch GET 200 https://registry.npmmirror.com/call-bind 416ms (cache miss)
#12 369.5 npm http fetch GET 200 https://registry.npmmirror.com/es-abstract 420ms (cache miss)
#12 369.5 npm http fetch GET 200 https://registry.npmmirror.com/call-bind 54ms (cache miss)
#12 369.5 npm http fetch GET 200 https://registry.npmmirror.com/set-function-name 429ms (cache miss)
#12 369.6 npm http fetch GET 200 https://registry.npmmirror.com/es-object-atoms 76ms (cache miss)
#12 369.6 npm http fetch GET 200 https://registry.npmmirror.com/get-intrinsic 71ms (cache miss)
#12 369.7 npm http fetch GET 200 https://registry.npmmirror.com/has-symbols 93ms (cache miss)
#12 369.9 npm http fetch GET 200 https://registry.npmmirror.com/define-data-property 396ms (cache miss)
#12 369.9 npm http fetch GET 200 https://registry.npmmirror.com/for-each 389ms (cache miss)
#12 370.0 npm http fetch GET 200 https://registry.npmmirror.com/has-proto 436ms (cache miss)
#12 370.0 npm http fetch GET 200 https://registry.npmmirror.com/object.getownpropertydescriptors 383ms (cache miss)
#12 370.1 npm http fetch GET 200 https://registry.npmmirror.com/safe-array-concat 412ms (cache miss)
#12 370.3 npm http fetch GET 200 https://registry.npmmirror.com/define-properties 1171ms (cache miss)
#12 370.3 npm http fetch GET 200 https://registry.npmmirror.com/define-properties 761ms (cache miss)
#12 370.7 npm http fetch GET 200 https://registry.npmmirror.com/ncp 397ms (cache miss)
#12 370.7 npm http fetch GET 200 https://registry.npmmirror.com/signal-exit 40ms (cache miss)
#12 371.1 npm http fetch GET 200 https://registry.npmmirror.com/html-escaper 415ms (cache miss)
#12 371.2 npm http fetch GET 200 https://registry.npmmirror.com/@types%2fistanbul-lib-coverage 455ms (cache miss)
#12 371.2 npm http cache https://registry.npmmirror.com/color-convert 3ms (cache hit)
#12 371.2 npm http cache https://registry.npmmirror.com/color-name 2ms (cache hit)
#12 371.3 npm http fetch GET 200 https://registry.npmmirror.com/domelementtype 136ms (cache miss)
#12 371.3 npm http fetch GET 200 https://registry.npmmirror.com/domelementtype 143ms (cache miss)
#12 371.3 npm http fetch GET 200 https://registry.npmmirror.com/domelementtype 145ms (cache miss)
#12 371.3 npm http fetch GET 200 https://registry.npmmirror.com/css-what 148ms (cache miss)
#12 371.4 npm http fetch GET 200 https://registry.npmmirror.com/entities 38ms (cache miss)
#12 371.4 npm http fetch GET 200 https://registry.npmmirror.com/entities 47ms (cache miss)
#12 371.4 npm http fetch GET 200 https://registry.npmmirror.com/css-select 225ms (cache miss)
#12 371.5 npm http fetch GET 200 https://registry.npmmirror.com/entities 245ms (cache miss)
#12 371.6 npm http fetch GET 200 https://registry.npmmirror.com/boolbase 417ms (cache miss)
#12 371.7 npm http fetch GET 200 https://registry.npmmirror.com/nth-check 64ms (cache miss)
#12 371.7 npm http cache https://registry.npmmirror.com/binary-extensions 4ms (cache hit)
#12 371.7 npm http cache https://registry.npmmirror.com/fill-range 5ms (cache hit)
#12 371.7 npm http cache https://registry.npmmirror.com/is-extglob 6ms (cache hit)
#12 371.7 npm http cache https://registry.npmmirror.com/to-regex-range 2ms (cache hit)
#12 371.8 npm http fetch GET 200 https://registry.npmmirror.com/isobject 70ms (cache miss)
#12 372.2 npm http fetch GET 200 https://registry.npmmirror.com/test-value 407ms (cache miss)
#12 372.3 npm http fetch GET 200 https://registry.npmmirror.com/randombytes 35ms (cache revalidated)
#12 372.6 npm http fetch GET 200 https://registry.npmmirror.com/merge2 365ms (cache miss)
#12 372.6 npm http fetch GET 200 https://registry.npmmirror.com/merge2 366ms (cache miss)
#12 372.6 npm http fetch GET 200 https://registry.npmmirror.com/@nodelib%2ffs.stat 424ms (cache miss)
#12 372.7 npm http fetch GET 200 https://registry.npmmirror.com/dir-glob 438ms (cache miss)
#12 373.0 npm http fetch GET 200 https://registry.npmmirror.com/lines-and-columns 363ms (cache miss)
#12 373.1 npm http fetch GET 200 https://registry.npmmirror.com/parent-module 390ms (cache miss)
#12 373.1 npm http fetch GET 200 https://registry.npmmirror.com/json-parse-even-better-errors 391ms (cache miss)
#12 373.1 npm http fetch GET 200 https://registry.npmmirror.com/error-ex 460ms (cache miss)
#12 373.2 npm http fetch GET 200 https://registry.npmmirror.com/isexe 72ms (cache miss)
#12 373.5 npm http fetch GET 200 https://registry.npmmirror.com/shebang-regex 390ms (cache miss)
#12 373.6 npm http fetch GET 200 https://registry.npmmirror.com/merge-stream 80ms (cache miss)
#12 374.0 npm http fetch GET 200 https://registry.npmmirror.com/lilconfig 406ms (cache miss)
#12 374.0 npm http fetch GET 200 https://registry.npmmirror.com/cssnano-preset-default 413ms (cache miss)
#12 374.0 npm http fetch GET 200 https://registry.npmmirror.com/jest-util 436ms (cache miss)
#12 374.4 npm http fetch GET 200 https://registry.npmmirror.com/postcss-convert-values 382ms (cache miss)
#12 374.4 npm http fetch GET 200 https://registry.npmmirror.com/css-declaration-sorter 429ms (cache miss)
#12 374.4 npm http fetch GET 200 https://registry.npmmirror.com/cssnano-utils 442ms (cache miss)
#12 374.4 npm http fetch GET 200 https://registry.npmmirror.com/postcss-discard-duplicates 447ms (cache miss)
#12 374.4 npm http fetch GET 200 https://registry.npmmirror.com/postcss-colormin 450ms (cache miss)
#12 374.5 npm http fetch GET 200 https://registry.npmmirror.com/postcss-discard-comments 459ms (cache miss)
#12 374.5 npm http fetch GET 200 https://registry.npmmirror.com/postcss-calc 463ms (cache miss)
#12 374.8 npm http fetch GET 200 https://registry.npmmirror.com/postcss-discard-empty 387ms (cache miss)
#12 374.8 npm http fetch GET 200 https://registry.npmmirror.com/postcss-discard-overridden 364ms (cache miss)
#12 374.8 npm http fetch GET 200 https://registry.npmmirror.com/postcss-minify-font-values 395ms (cache miss)
#12 374.9 npm http fetch GET 200 https://registry.npmmirror.com/postcss-minify-gradients 410ms (cache miss)
#12 374.9 npm http fetch GET 200 https://registry.npmmirror.com/postcss-merge-longhand 432ms (cache miss)
#12 374.9 npm http fetch GET 200 https://registry.npmmirror.com/postcss-minify-params 416ms (cache miss)
#12 374.9 npm http fetch GET 200 https://registry.npmmirror.com/postcss-merge-rules 446ms (cache miss)
#12 375.2 npm http fetch GET 200 https://registry.npmmirror.com/postcss-minify-selectors 402ms (cache miss)
#12 375.2 npm http fetch GET 200 https://registry.npmmirror.com/postcss-normalize-display-values 394ms (cache miss)
#12 375.3 npm http fetch GET 200 https://registry.npmmirror.com/postcss-normalize-string 397ms (cache miss)
#12 375.3 npm http fetch GET 200 https://registry.npmmirror.com/postcss-normalize-repeat-style 404ms (cache miss)
#12 375.3 npm http fetch GET 200 https://registry.npmmirror.com/postcss-normalize-timing-functions 387ms (cache miss)
#12 375.3 npm http fetch GET 200 https://registry.npmmirror.com/postcss-normalize-charset 440ms (cache miss)
#12 375.3 npm http fetch GET 200 https://registry.npmmirror.com/postcss-normalize-positions 423ms (cache miss)
#12 375.6 npm http fetch GET 200 https://registry.npmmirror.com/postcss-normalize-unicode 401ms (cache miss)
#12 375.6 npm http fetch GET 200 https://registry.npmmirror.com/postcss-normalize-url 420ms (cache miss)
#12 375.7 npm http fetch GET 200 https://registry.npmmirror.com/postcss-reduce-initial 395ms (cache miss)
#12 375.7 npm http fetch GET 200 https://registry.npmmirror.com/postcss-ordered-values 407ms (cache miss)
#12 375.7 npm http fetch GET 200 https://registry.npmmirror.com/postcss-reduce-transforms 404ms (cache miss)
#12 375.7 npm http fetch GET 200 https://registry.npmmirror.com/postcss-normalize-whitespace 440ms (cache miss)
#12 375.7 npm http fetch GET 200 https://registry.npmmirror.com/postcss-svgo 436ms (cache miss)
#12 376.0 npm http fetch GET 200 https://registry.npmmirror.com/postcss-unique-selectors 375ms (cache miss)
#12 376.4 npm http fetch GET 200 https://registry.npmmirror.com/caniuse-api 390ms (cache miss)
#12 376.4 npm http fetch GET 200 https://registry.npmmirror.com/caniuse-api 390ms (cache miss)
#12 376.4 npm http fetch GET 200 https://registry.npmmirror.com/caniuse-api 390ms (cache miss)
#12 376.4 npm http fetch GET 200 https://registry.npmmirror.com/svgo 392ms (cache miss)
#12 376.5 npm http fetch GET 200 https://registry.npmmirror.com/stylehacks 448ms (cache miss)
#12 376.9 npm http fetch GET 200 https://registry.npmmirror.com/rndm 455ms (cache miss)
#12 377.0 npm http fetch GET 200 https://registry.npmmirror.com/restore-cursor 47ms (cache miss)
#12 377.0 npm http fetch GET 200 https://registry.npmmirror.com/onetime 47ms (cache miss)
#12 377.0 npm http fetch GET 200 https://registry.npmmirror.com/npm-run-path 73ms (cache miss)
#12 377.0 npm http fetch GET 200 https://registry.npmmirror.com/get-stream 76ms (cache miss)
#12 377.1 npm http fetch GET 200 https://registry.npmmirror.com/get-stream 38ms (cache miss)
#12 377.1 npm http fetch GET 200 https://registry.npmmirror.com/human-signals 90ms (cache miss)
#12 377.1 npm http fetch GET 200 https://registry.npmmirror.com/strip-final-newline 73ms (cache miss)
#12 377.1 npm http fetch GET 200 https://registry.npmmirror.com/@types%2fyauzl 72ms (cache miss)
#12 377.3 npm http fetch GET 200 https://registry.npmmirror.com/@colors%2fcolors 375ms (cache miss)
#12 377.4 npm http fetch GET 200 https://registry.npmmirror.com/ansi-colors 419ms (cache revalidated)
#12 377.4 npm http fetch GET 200 https://registry.npmmirror.com/rfdc 356ms (cache miss)
#12 377.4 npm http fetch GET 200 https://registry.npmmirror.com/cli-truncate 375ms (cache miss)
#12 377.5 npm http fetch GET 200 https://registry.npmmirror.com/rxjs 372ms (cache miss)
#12 377.5 npm http fetch GET 200 https://registry.npmmirror.com/global-dirs 437ms (cache miss)
#12 377.5 npm http fetch GET 200 https://registry.npmmirror.com/is-unicode-supported 385ms (cache revalidated)
#12 377.7 npm http fetch GET 200 https://registry.npmmirror.com/throttleit 374ms (cache miss)
#12 377.8 npm http fetch GET 200 https://registry.npmmirror.com/delayed-stream 69ms (cache miss)
#12 377.8 npm http fetch GET 200 https://registry.npmmirror.com/es-set-tostringtag 77ms (cache miss)
#12 377.8 npm http fetch GET 200 https://registry.npmmirror.com/asynckit 95ms (cache miss)
#12 378.1 npm http fetch GET 200 https://registry.npmmirror.com/jsprim 398ms (cache miss)
#12 378.2 npm http fetch GET 200 https://registry.npmmirror.com/assert-plus 420ms (cache miss)
#12 378.2 npm http fetch GET 200 https://registry.npmmirror.com/sshpk 475ms (cache miss)
#12 378.2 npm http fetch GET 200 https://registry.npmmirror.com/tldts 490ms (cache miss)
#12 378.3 npm http cache https://registry.npmmirror.com/is-fullwidth-code-point 4ms (cache hit)
#12 378.7 npm http fetch GET 200 https://registry.npmmirror.com/mkdirp-classic 384ms (cache miss)
#12 378.7 npm http fetch GET 200 https://registry.npmmirror.com/split-ca 391ms (cache miss)
#12 378.7 npm http fetch GET 200 https://registry.npmmirror.com/ssh2 419ms (cache miss)
#12 379.1 npm http fetch GET 200 https://registry.npmmirror.com/bcrypt-pbkdf 389ms (cache miss)
#12 379.1 npm http fetch GET 200 https://registry.npmmirror.com/cpu-features 390ms (cache miss)
#12 379.1 npm http fetch GET 200 https://registry.npmmirror.com/asn1 404ms (cache miss)
#12 379.5 npm http fetch GET 200 https://registry.npmmirror.com/filelist 348ms (cache miss)
#12 379.9 npm http fetch GET 200 https://registry.npmmirror.com/wrappy 362ms (cache revalidated)
#12 379.9 npm http fetch GET 200 https://registry.npmmirror.com/call-bind-apply-helpers 69ms (cache miss)
#12 380.3 npm http fetch GET 200 https://registry.npmmirror.com/is-regex 469ms (cache miss)
#12 380.4 npm http fetch GET 200 https://registry.npmmirror.com/function-bind 87ms (cache revalidated)
#12 380.4 npm http fetch GET 200 https://registry.npmmirror.com/function-bind 88ms (cache revalidated)
#12 380.4 npm http fetch GET 200 https://registry.npmmirror.com/math-intrinsics 89ms (cache miss)
#12 380.5 npm http fetch GET 200 https://registry.npmmirror.com/get-proto 132ms (cache miss)
#12 380.5 npm http fetch GET 200 https://registry.npmmirror.com/gopd 167ms (cache miss)
#12 380.5 npm http fetch GET 200 https://registry.npmmirror.com/es-define-property 176ms (cache miss)
#12 380.7 npm http fetch GET 200 https://registry.npmmirror.com/argparse 69ms (cache revalidated)
#12 380.9 npm http fetch GET 200 https://registry.npmmirror.com/esrecurse 362ms (cache miss)
#12 381.0 npm http fetch GET 200 https://registry.npmmirror.com/type-check 374ms (cache miss)
#12 381.0 npm http fetch GET 200 https://registry.npmmirror.com/fastq 390ms (cache miss)
#12 381.0 npm http fetch GET 200 https://registry.npmmirror.com/@nodelib%2ffs.scandir 392ms (cache miss)
#12 381.0 npm http fetch GET 200 https://registry.npmmirror.com/prelude-ls 322ms (cache miss)
#12 381.0 npm http fetch GET 200 https://registry.npmmirror.com/@humanwhocodes%2fobject-schema 396ms (cache miss)
#12 381.0 npm http fetch GET 200 https://registry.npmmirror.com/prelude-ls 395ms (cache miss)
#12 381.3 npm http fetch GET 200 https://registry.npmmirror.com/word-wrap 383ms (cache miss)
#12 381.4 npm http fetch GET 200 https://registry.npmmirror.com/deep-is 405ms (cache miss)
#12 381.4 npm http fetch GET 200 https://registry.npmmirror.com/fast-levenshtein 418ms (cache miss)
#12 381.8 npm http fetch GET 200 https://registry.npmmirror.com/run-parallel 383ms (cache miss)
#12 381.8 npm http fetch GET 200 https://registry.npmmirror.com/reusify 427ms (cache miss)
#12 382.2 npm http fetch GET 200 https://registry.npmmirror.com/queue-microtask 394ms (cache miss)
#12 382.6 npm http fetch GET 200 https://registry.npmmirror.com/es-shim-unscopables 366ms (cache miss)
#12 382.6 npm http fetch GET 200 https://registry.npmmirror.com/es-shim-unscopables 367ms (cache miss)
#12 382.6 npm http fetch GET 200 https://registry.npmmirror.com/es-shim-unscopables 368ms (cache miss)
#12 382.6 npm http fetch GET 200 https://registry.npmmirror.com/@types%2fjson5 380ms (cache miss)
#12 382.6 npm http fetch GET 200 https://registry.npmmirror.com/is-string 389ms (cache miss)
#12 383.0 npm http fetch GET 200 https://registry.npmmirror.com/data-view-byte-length 390ms (cache miss)
#12 383.0 npm http fetch GET 200 https://registry.npmmirror.com/set-function-length 393ms (cache miss)
#12 383.0 npm http fetch GET 200 https://registry.npmmirror.com/available-typed-arrays 393ms (cache miss)
#12 383.0 npm http fetch GET 200 https://registry.npmmirror.com/data-view-buffer 394ms (cache miss)
#12 383.1 npm http fetch GET 200 https://registry.npmmirror.com/arraybuffer.prototype.slice 415ms (cache miss)
#12 383.1 npm http fetch GET 200 https://registry.npmmirror.com/array-buffer-byte-length 419ms (cache miss)
#12 383.1 npm http fetch GET 200 https://registry.npmmirror.com/has-property-descriptors 447ms (cache miss)
#12 383.1 npm http fetch GET 200 https://registry.npmmirror.com/has-property-descriptors 34ms (cache miss)
#12 383.4 npm http fetch GET 200 https://registry.npmmirror.com/function.prototype.name 382ms (cache miss)
#12 383.4 npm http fetch GET 200 https://registry.npmmirror.com/get-symbol-description 382ms (cache miss)
#12 383.4 npm http fetch GET 200 https://registry.npmmirror.com/data-view-byte-offset 389ms (cache miss)
#12 383.5 npm http fetch GET 200 https://registry.npmmirror.com/es-to-primitive 428ms (cache miss)
#12 383.5 npm http fetch GET 200 https://registry.npmmirror.com/internal-slot 384ms (cache miss)
#12 383.5 npm http fetch GET 200 https://registry.npmmirror.com/globalthis 418ms (cache miss)
#12 383.5 npm http fetch GET 200 https://registry.npmmirror.com/is-array-buffer 394ms (cache miss)
#12 383.6 npm http fetch GET 200 https://registry.npmmirror.com/object-inspect 67ms (cache miss)
#12 383.8 npm http fetch GET 200 https://registry.npmmirror.com/is-callable 383ms (cache miss)
#12 383.9 npm http fetch GET 200 https://registry.npmmirror.com/is-negative-zero 423ms (cache miss)
#12 383.9 npm http fetch GET 200 https://registry.npmmirror.com/is-data-view 426ms (cache miss)
#12 383.9 npm http fetch GET 200 https://registry.npmmirror.com/is-set 389ms (cache miss)
#12 383.9 npm http fetch GET 200 https://registry.npmmirror.com/is-shared-array-buffer 382ms (cache miss)
#12 383.9 npm http fetch GET 200 https://registry.npmmirror.com/is-weakref 402ms (cache miss)
#12 384.0 npm http fetch GET 200 https://registry.npmmirror.com/object.assign 423ms (cache miss)
#12 384.2 npm http fetch GET 200 https://registry.npmmirror.com/own-keys 406ms (cache miss)
#12 384.2 npm http fetch GET 200 https://registry.npmmirror.com/regexp.prototype.flags 389ms (cache miss)
#12 384.3 npm http fetch GET 200 https://registry.npmmirror.com/string.prototype.trim 356ms (cache miss)
#12 384.3 npm http fetch GET 200 https://registry.npmmirror.com/stop-iteration-iterator 424ms (cache miss)
#12 384.3 npm http fetch GET 200 https://registry.npmmirror.com/set-proto 430ms (cache miss)
#12 384.6 npm http fetch GET 200 https://registry.npmmirror.com/safe-push-apply 702ms (cache miss)
#12 384.6 npm http fetch GET 200 https://registry.npmmirror.com/typed-array-buffer 382ms (cache miss)
#12 384.6 npm http fetch GET 200 https://registry.npmmirror.com/has-tostringtag 71ms (cache miss)
#12 384.6 npm http fetch GET 200 https://registry.npmmirror.com/typed-array-byte-offset 383ms (cache miss)
#12 384.7 npm http fetch GET 200 https://registry.npmmirror.com/typed-array-byte-length 402ms (cache miss)
#12 384.7 npm http fetch GET 200 https://registry.npmmirror.com/unbox-primitive 360ms (cache miss)
#12 384.7 npm http fetch GET 200 https://registry.npmmirror.com/typed-array-length 393ms (cache miss)
#12 385.0 npm http fetch GET 200 https://registry.npmmirror.com/string.prototype.trimstart 985ms (cache miss)
#12 385.1 npm http fetch GET 200 https://registry.npmmirror.com/dunder-proto 70ms (cache miss)
#12 385.1 npm http fetch GET 200 https://registry.npmmirror.com/dunder-proto 72ms (cache miss)
#12 385.1 npm http fetch GET 200 https://registry.npmmirror.com/dunder-proto 75ms (cache miss)
#12 385.4 npm http fetch GET 200 https://registry.npmmirror.com/functions-have-names 360ms (cache miss)
#12 385.4 npm http fetch GET 200 https://registry.npmmirror.com/possible-typed-array-names 297ms (cache miss)
#12 385.4 npm http fetch GET 200 https://registry.npmmirror.com/possible-typed-array-names 374ms (cache miss)
#12 385.5 npm http fetch GET 200 https://registry.npmmirror.com/is-date-object 401ms (cache miss)
#12 385.5 npm http fetch GET 200 https://registry.npmmirror.com/is-symbol 411ms (cache miss)
#12 385.5 npm http fetch GET 200 https://registry.npmmirror.com/reflect.getprototypeof 405ms (cache miss)
#12 385.5 npm http fetch GET 200 https://registry.npmmirror.com/reflect.getprototypeof 402ms (cache miss)
#12 385.8 npm http fetch GET 200 https://registry.npmmirror.com/which-boxed-primitive 391ms (cache miss)
#12 385.8 npm http fetch GET 200 https://registry.npmmirror.com/has-bigints 433ms (cache miss)
#12 386.2 npm http fetch GET 200 https://registry.npmmirror.com/node-exports-info 394ms (cache miss)
#12 386.7 npm http fetch GET 200 https://registry.npmmirror.com/language-subtag-registry 422ms (cache miss)
#12 386.8 npm http fetch GET 200 https://registry.npmmirror.com/resolve-pkg-maps 72ms (cache miss)
#12 387.1 npm http fetch GET 200 https://registry.npmmirror.com/builtin-modules 379ms (cache miss)
#12 387.1 npm http fetch GET 200 https://registry.npmmirror.com/eslint-compat-utils 381ms (cache miss)
#12 387.5 npm http fetch GET 200 https://registry.npmmirror.com/regexpp 428ms (cache miss)
#12 387.9 npm http fetch GET 200 https://registry.npmmirror.com/fast-diff 361ms (cache miss)
#12 388.3 npm http fetch GET 200 https://registry.npmmirror.com/iterator.prototype 416ms (cache miss)
#12 388.7 npm http fetch GET 200 https://registry.npmmirror.com/min-indent 367ms (cache miss)
#12 388.8 npm http fetch GET 200 https://registry.npmmirror.com/read-pkg 494ms (cache miss)
#12 388.9 npm http fetch GET 200 https://registry.npmmirror.com/mimic-fn 79ms (cache miss)
#12 389.4 npm http fetch GET 200 https://registry.npmmirror.com/deep-freeze 461ms (cache miss)
#12 389.4 npm http fetch GET 200 https://registry.npmmirror.com/events-listener 462ms (cache miss)
#12 389.4 npm http fetch GET 200 https://registry.npmmirror.com/openapi3-ts 463ms (cache miss)
#12 389.4 npm http fetch GET 200 https://registry.npmmirror.com/@apidevtools%2fjson-schema-ref-parser 468ms (cache miss)
#12 389.6 npm http fetch GET 200 https://registry.npmmirror.com/json-ptr 703ms (cache miss)
#12 389.7 npm http fetch GET 200 https://registry.npmmirror.com/promise-breaker 754ms (cache miss)
#12 390.1 npm http fetch GET 200 https://registry.npmmirror.com/call-me-maybe 374ms (cache miss)
#12 390.1 npm http fetch GET 200 https://registry.npmmirror.com/@jsdevtools%2fono 409ms (cache miss)
#12 390.5 npm http fetch GET 200 https://registry.npmmirror.com/@node-rs%2fhelper 374ms (cache miss)
#12 390.9 npm http fetch GET 200 https://registry.npmmirror.com/is-number 392ms (cache revalidated)
#12 391.3 npm http fetch GET 200 https://registry.npmmirror.com/p-locate 398ms (cache revalidated)
#12 391.7 npm http fetch GET 200 https://registry.npmmirror.com/json-buffer 383ms (cache miss)
#12 392.1 npm http fetch GET 200 https://registry.npmmirror.com/fs-monkey 388ms (cache miss)
#12 392.2 npm http cache https://registry.npmmirror.com/react-is 10ms (cache hit)
#12 392.3 npm http fetch GET 200 https://registry.npmmirror.com/bignumber.js 94ms (cache miss)
#12 392.7 npm http fetch GET 200 https://registry.npmmirror.com/tinyexec 400ms (cache miss)
#12 392.7 npm http fetch GET 200 https://registry.npmmirror.com/ufo 418ms (cache miss)
#12 392.8 npm http fetch GET 200 https://registry.npmmirror.com/pkg-types 434ms (cache miss)
#12 393.2 npm http fetch GET 200 https://registry.npmmirror.com/dom-walk 410ms (cache miss)
#12 393.5 npm http fetch GET 200 https://registry.npmmirror.com/pinkie 363ms (cache miss)
#12 393.6 npm http fetch GET 200 https://registry.npmmirror.com/array-uniq 402ms (cache miss)
#12 393.7 npm http fetch GET 200 https://registry.npmmirror.com/jwa 74ms (cache miss)
#12 394.0 npm http fetch GET 200 https://registry.npmmirror.com/google-p12-pem 382ms (cache miss)
#12 394.4 npm http fetch GET 200 https://registry.npmmirror.com/node-forge 420ms (cache miss)
#12 394.8 npm http fetch GET 200 https://registry.npmmirror.com/camel-case 379ms (cache miss)
#12 394.8 npm http fetch GET 200 https://registry.npmmirror.com/renderkid 378ms (cache miss)
#12 394.8 npm http fetch GET 200 https://registry.npmmirror.com/relateurl 388ms (cache miss)
#12 394.8 npm http fetch GET 200 https://registry.npmmirror.com/param-case 398ms (cache miss)
#12 394.8 npm http fetch GET 200 https://registry.npmmirror.com/clean-css 400ms (cache miss)
#12 395.2 npm http fetch GET 200 https://registry.npmmirror.com/@jridgewell%2fsource-map 368ms (cache miss)
#12 395.2 npm http fetch GET 200 https://registry.npmmirror.com/dot-case 380ms (cache miss)
#12 395.3 npm http fetch GET 200 https://registry.npmmirror.com/pascal-case 422ms (cache miss)
#12 395.7 npm http fetch GET 200 https://registry.npmmirror.com/no-case 380ms (cache miss)
#12 396.0 npm http fetch GET 200 https://registry.npmmirror.com/getpass 378ms (cache miss)
#12 396.1 npm http fetch GET 200 https://registry.npmmirror.com/jsbn 406ms (cache miss)
#12 396.1 npm http fetch GET 200 https://registry.npmmirror.com/json-schema 409ms (cache miss)
#12 396.1 npm http fetch GET 200 https://registry.npmmirror.com/extsprintf 410ms (cache miss)
#12 396.1 npm http fetch GET 200 https://registry.npmmirror.com/dashdash 410ms (cache miss)
#12 396.1 npm http fetch GET 200 https://registry.npmmirror.com/tweetnacl 417ms (cache miss)
#12 396.1 npm http fetch GET 200 https://registry.npmmirror.com/verror 422ms (cache miss)
#12 396.5 npm http fetch GET 200 https://registry.npmmirror.com/ecc-jsbn 409ms (cache miss)
#12 396.9 npm http fetch GET 200 https://registry.npmmirror.com/remove-trailing-separator 354ms (cache miss)
#12 396.9 npm http fetch GET 200 https://registry.npmmirror.com/teex 370ms (cache miss)
#12 396.9 npm http fetch GET 200 https://registry.npmmirror.com/acorn-static-class-features 400ms (cache miss)
#12 396.9 npm http fetch GET 200 https://registry.npmmirror.com/acorn-private-methods 411ms (cache miss)
#12 396.9 npm http fetch GET 200 https://registry.npmmirror.com/acorn-class-fields 426ms (cache miss)
#12 397.3 npm http fetch GET 200 https://registry.npmmirror.com/glob-stream 410ms (cache miss)
#12 397.3 npm http fetch GET 200 https://registry.npmmirror.com/is-valid-glob 382ms (cache miss)
#12 397.3 npm http fetch GET 200 https://registry.npmmirror.com/resolve-options 379ms (cache miss)
#12 397.3 npm http fetch GET 200 https://registry.npmmirror.com/lead 396ms (cache miss)
#12 397.4 npm http fetch GET 200 https://registry.npmmirror.com/fs-mkdirp-stream 574ms (cache miss)
#12 397.7 npm http fetch GET 200 https://registry.npmmirror.com/stream-composer 390ms (cache miss)
#12 397.7 npm http fetch GET 200 https://registry.npmmirror.com/to-through 376ms (cache miss)
#12 397.7 npm http fetch GET 200 https://registry.npmmirror.com/clone 1192ms (cache miss)
#12 397.7 npm http fetch GET 200 https://registry.npmmirror.com/streamx 423ms (cache miss)
#12 397.7 npm http fetch GET 200 https://registry.npmmirror.com/value-or-function 401ms (cache miss)
#12 397.8 npm http fetch GET 200 https://registry.npmmirror.com/vinyl-sourcemap 387ms (cache miss)
#12 397.9 npm http fetch GET 200 https://registry.npmmirror.com/replace-ext 1430ms (cache miss)
#12 398.3 npm http fetch GET 200 https://registry.npmmirror.com/acorn-private-class-elements 401ms (cache miss)
#12 398.4 npm http fetch GET 200 https://registry.npmmirror.com/acorn-private-class-elements 414ms (cache miss)
#12 398.4 npm http fetch GET 200 https://registry.npmmirror.com/acorn-private-class-elements 491ms (cache miss)
#12 398.9 npm http fetch GET 200 https://registry.npmmirror.com/callsites 408ms (cache miss)
#12 398.9 npm http fetch GET 200 https://registry.npmmirror.com/side-channel-map 69ms (cache miss)
#12 398.9 npm http fetch GET 200 https://registry.npmmirror.com/side-channel-list 69ms (cache miss)
#12 398.9 npm http fetch GET 200 https://registry.npmmirror.com/side-channel-weakmap 70ms (cache miss)
#12 399.0 npm http fetch GET 200 https://registry.npmmirror.com/ini 74ms (cache miss)
#12 399.4 npm http fetch GET 200 https://registry.npmmirror.com/bufrw 371ms (cache miss)
#12 399.5 npm http fetch GET 200 https://registry.npmmirror.com/error 393ms (cache miss)
#12 399.9 npm http fetch GET 200 https://registry.npmmirror.com/@jest%2ftypes 402ms (cache miss)
#12 400.4 npm http fetch GET 200 https://registry.npmmirror.com/@types%2fistanbul-reports 484ms (cache miss)
#12 400.4 npm http fetch GET 200 https://registry.npmmirror.com/@jest%2fschemas 486ms (cache miss)
#12 400.7 npm http fetch GET 200 https://registry.npmmirror.com/@types%2fyargs 863ms (cache miss)
#12 400.9 npm http fetch GET 200 https://registry.npmmirror.com/@sinclair%2ftypebox 101ms (cache miss)
#12 401.1 npm http fetch GET 200 https://registry.npmmirror.com/@types%2fistanbul-lib-report 362ms (cache miss)
#12 401.1 npm http fetch GET 200 https://registry.npmmirror.com/@types%2fyargs-parser 389ms (cache miss)
#12 401.5 npm http fetch GET 200 https://registry.npmmirror.com/@babel%2fplugin-transform-flow-strip-types 382ms (cache miss)
#12 401.9 npm http fetch GET 200 https://registry.npmmirror.com/@babel%2fplugin-syntax-flow 389ms (cache miss)
#12 402.4 npm http fetch GET 200 https://registry.npmmirror.com/browser-process-hrtime 365ms (cache miss)
#12 402.4 npm http fetch GET 200 https://registry.npmmirror.com/tr46 368ms (cache miss)
#12 402.4 npm http fetch GET 200 https://registry.npmmirror.com/xmlchars 387ms (cache miss)
#12 402.4 npm http fetch GET 200 https://registry.npmmirror.com/@tootallnate%2fonce 398ms (cache miss)
#12 402.5 npm http fetch GET 200 https://registry.npmmirror.com/buffer-equal-constant-time 85ms (cache miss)
#12 403.0 npm http fetch GET 200 https://registry.npmmirror.com/is-what 380ms (cache miss)
#12 403.0 npm http fetch GET 200 https://registry.npmmirror.com/prr 409ms (cache miss)
#12 403.4 npm http fetch GET 200 https://registry.npmmirror.com/astral-regex 435ms (cache miss)
#12 403.9 npm http fetch GET 200 https://registry.npmmirror.com/micromark-factory-destination 370ms (cache miss)
#12 403.9 npm http fetch GET 200 https://registry.npmmirror.com/character-entities 396ms (cache miss)
#12 403.9 npm http fetch GET 200 https://registry.npmmirror.com/micromark-factory-title 397ms (cache miss)
#12 403.9 npm http fetch GET 200 https://registry.npmmirror.com/micromark-factory-whitespace 398ms (cache miss)
#12 403.9 npm http fetch GET 200 https://registry.npmmirror.com/micromark-factory-label 403ms (cache miss)
#12 403.9 npm http fetch GET 200 https://registry.npmmirror.com/micromark-util-classify-character 425ms (cache miss)
#12 404.0 npm http fetch GET 200 https://registry.npmmirror.com/micromark-util-html-tag-name 450ms (cache miss)
#12 404.4 npm http fetch GET 200 https://registry.npmmirror.com/camelcase 380ms (cache revalidated)
#12 404.4 npm http fetch GET 200 https://registry.npmmirror.com/decamelize 410ms (cache revalidated)
#12 404.4 npm http fetch GET 200 https://registry.npmmirror.com/is-plain-obj 419ms (cache revalidated)
#12 404.8 npm http fetch GET 200 https://registry.npmmirror.com/@types%2fwhatwg-url 374ms (cache miss)
#12 404.9 npm http fetch GET 200 https://registry.npmmirror.com/sparse-bitfield 432ms (cache miss)
#12 405.3 npm http fetch GET 200 https://registry.npmmirror.com/memory-pager 445ms (cache miss)
#12 405.7 npm http fetch GET 200 https://registry.npmmirror.com/@types%2fwebidl-conversions 429ms (cache miss)
#12 406.2 npm http fetch GET 200 https://registry.npmmirror.com/streamsearch 387ms (cache miss)
#12 406.3 npm http fetch GET 200 https://registry.npmmirror.com/typedarray 475ms (cache miss)
#12 406.7 npm http fetch GET 200 https://registry.npmmirror.com/wide-align 388ms (cache miss)
#12 406.7 npm http fetch GET 200 https://registry.npmmirror.com/color-support 389ms (cache miss)
#12 406.7 npm http fetch GET 200 https://registry.npmmirror.com/has-unicode 401ms (cache miss)
#12 406.7 npm http fetch GET 200 https://registry.npmmirror.com/aproba 423ms (cache miss)
#12 408.1 npm http fetch GET 200 https://registry.npmmirror.com/delegates 1798ms (cache miss)
#12 408.6 npm http fetch GET 200 https://registry.npmmirror.com/confbox 457ms (cache miss)
#12 408.7 npm http fetch GET 200 https://registry.npmmirror.com/mlly 569ms (cache miss)
#12 409.1 npm http fetch GET 200 https://registry.npmmirror.com/@otplib%2fplugin-crypto 378ms (cache miss)
#12 409.1 npm http fetch GET 200 https://registry.npmmirror.com/@otplib%2fplugin-crypto 380ms (cache miss)
#12 409.1 npm http fetch GET 200 https://registry.npmmirror.com/@otplib%2fplugin-thirty-two 403ms (cache miss)
#12 409.1 npm http fetch GET 200 https://registry.npmmirror.com/@otplib%2fplugin-thirty-two 404ms (cache miss)
#12 409.5 npm http fetch GET 200 https://registry.npmmirror.com/thirty-two 395ms (cache miss)
#12 410.9 npm http fetch GET 200 https://registry.npmmirror.com/clean-stack 1384ms (cache miss)
#12 411.4 npm http fetch GET 200 https://registry.npmmirror.com/lower-case 414ms (cache miss)
#12 411.8 npm http fetch GET 200 https://registry.npmmirror.com/is-arrayish 411ms (cache miss)
#12 412.2 npm http fetch GET 200 https://registry.npmmirror.com/@types%2fldapjs 383ms (cache miss)
#12 412.2 npm http fetch GET 200 https://registry.npmmirror.com/ldapjs 385ms (cache miss)
#12 413.1 npm http fetch GET 200 https://registry.npmmirror.com/bcryptjs 1276ms (cache miss)
#12 413.5 npm http fetch GET 200 https://registry.npmmirror.com/backoff 369ms (cache miss)
#12 413.5 npm http fetch GET 200 https://registry.npmmirror.com/ldap-filter 388ms (cache miss)
#12 413.5 npm http fetch GET 200 https://registry.npmmirror.com/vasync 397ms (cache miss)
#12 413.9 npm http fetch GET 200 https://registry.npmmirror.com/precond 385ms (cache miss)
#12 414.4 npm http fetch GET 200 https://registry.npmmirror.com/jsonify 523ms (cache miss)
#12 414.5 npm http fetch GET 200 https://registry.npmmirror.com/@napi-rs%2fcanvas-darwin-x64 76ms (cache miss)
#12 414.6 npm http fetch GET 200 https://registry.npmmirror.com/@napi-rs%2fcanvas-linux-arm-gnueabihf 140ms (cache miss)
#12 414.6 npm http fetch GET 200 https://registry.npmmirror.com/@napi-rs%2fcanvas-linux-arm64-gnu 142ms (cache miss)
#12 414.6 npm http fetch GET 200 https://registry.npmmirror.com/@napi-rs%2fcanvas-linux-arm64-musl 125ms (cache miss)
#12 414.7 npm http fetch GET 200 https://registry.npmmirror.com/@napi-rs%2fcanvas-win32-x64-msvc 216ms (cache miss)
#12 414.7 npm http fetch GET 200 https://registry.npmmirror.com/@napi-rs%2fcanvas-darwin-arm64 77ms (cache miss)
#12 414.7 npm http fetch GET 200 https://registry.npmmirror.com/@napi-rs%2fcanvas-linux-x64-gnu 221ms (cache miss)
#12 414.7 npm http fetch GET 200 https://registry.npmmirror.com/@napi-rs%2fcanvas-android-arm64 79ms (cache miss)
#12 414.7 npm http fetch GET 200 https://registry.npmmirror.com/@napi-rs%2fcanvas-win32-arm64-msvc 235ms (cache miss)
#12 414.7 npm http fetch GET 200 https://registry.npmmirror.com/@napi-rs%2fcanvas-linux-riscv64-gnu 75ms (cache miss)
#12 414.8 npm http fetch GET 200 https://registry.npmmirror.com/@napi-rs%2fcanvas-linux-x64-musl 317ms (cache miss)
#12 414.9 npm http fetch GET 200 https://registry.npmmirror.com/split2 76ms (cache miss)
#12 415.3 npm http fetch GET 200 https://registry.npmmirror.com/cssesc 376ms (cache miss)
#12 415.6 npm http fetch GET 200 https://registry.npmmirror.com/lodash.memoize 370ms (cache miss)
#12 415.9 npm http fetch GET 200 https://registry.npmmirror.com/lodash.uniq 617ms (cache miss)
#12 415.9 npm http cache https://registry.npmmirror.com/typescript 25ms (cache hit)
#12 416.8 npm http fetch GET 200 https://registry.npmmirror.com/csso 747ms (cache miss)
#12 418.2 npm http fetch GET 200 https://registry.npmmirror.com/dom-converter 1423ms (cache miss)
#12 418.6 npm http fetch GET 200 https://registry.npmmirror.com/bintrees 390ms (cache miss)
#12 419.1 npm http fetch GET 200 https://registry.npmmirror.com/pug-attrs 424ms (cache miss)
#12 419.1 npm http fetch GET 200 https://registry.npmmirror.com/constantinople 438ms (cache miss)
#12 419.1 npm http fetch GET 200 https://registry.npmmirror.com/constantinople 38ms (cache miss)
#12 419.1 npm http fetch GET 200 https://registry.npmmirror.com/with 465ms (cache miss)
#12 419.1 npm http fetch GET 200 https://registry.npmmirror.com/doctypes 477ms (cache miss)
#12 419.2 npm http fetch GET 200 https://registry.npmmirror.com/void-elements 500ms (cache miss)
#12 419.2 npm http fetch GET 200 https://registry.npmmirror.com/pug-error 40ms (cache miss)
#12 419.2 npm http fetch GET 200 https://registry.npmmirror.com/pug-error 550ms (cache miss)
#12 419.5 npm http fetch GET 200 https://registry.npmmirror.com/pug-walk 311ms (cache miss)
#12 419.5 npm http fetch GET 200 https://registry.npmmirror.com/pug-walk 398ms (cache miss)
#12 419.5 npm http fetch GET 200 https://registry.npmmirror.com/pug-walk 362ms (cache miss)
#12 419.5 npm http fetch GET 200 https://registry.npmmirror.com/jstransformer 427ms (cache miss)
#12 419.5 npm http fetch GET 200 https://registry.npmmirror.com/character-parser 388ms (cache miss)
#12 419.6 npm http fetch GET 200 https://registry.npmmirror.com/is-expression 418ms (cache miss)
#12 419.9 npm http fetch GET 200 https://registry.npmmirror.com/token-stream 386ms (cache miss)
#12 419.9 npm http fetch GET 200 https://registry.npmmirror.com/js-stringify 1271ms (cache miss)
#12 420.4 npm http fetch GET 200 https://registry.npmmirror.com/assert-never 415ms (cache miss)
#12 420.4 npm http fetch GET 200 https://registry.npmmirror.com/babel-walk 438ms (cache miss)
#12 420.5 npm http fetch GET 200 https://registry.npmmirror.com/is-promise 68ms (cache miss)
#12 420.8 npm http fetch GET 200 https://registry.npmmirror.com/promise 398ms (cache miss)
#12 421.2 npm http fetch GET 200 https://registry.npmmirror.com/asap 363ms (cache miss)
#12 421.6 npm http fetch GET 200 https://registry.npmmirror.com/which-module 403ms (cache miss)
#12 421.6 npm http fetch GET 200 https://registry.npmmirror.com/require-main-filename 425ms (cache miss)
#12 421.6 npm http cache https://registry.npmmirror.com/react 10ms (cache hit)
#12 421.7 npm http cache https://registry.npmmirror.com/react-dom 17ms (cache hit)
#12 421.8 npm http cache https://registry.npmmirror.com/react-is 15ms (cache hit)
#12 422.1 npm http fetch GET 200 https://registry.npmmirror.com/@types%2fwarning 384ms (cache miss)
#12 422.2 npm http fetch GET 200 https://registry.npmmirror.com/react-lifecycles-compat 407ms (cache miss)
#12 422.3 npm http fetch GET 200 https://registry.npmmirror.com/@react-aria%2fssr 538ms (cache miss)
#12 422.8 npm http fetch GET 200 https://registry.npmmirror.com/react-aria 476ms (cache miss)
#12 422.8 npm http cache https://registry.npmmirror.com/react 17ms (cache hit)
#12 422.9 npm http cache https://registry.npmmirror.com/react-dom 20ms (cache hit)
#12 423.4 npm http fetch GET 200 https://registry.npmmirror.com/aria-hidden 404ms (cache miss)
#12 423.4 npm http fetch GET 200 https://registry.npmmirror.com/@internationalized%2fstring 414ms (cache miss)
#12 423.5 npm http fetch GET 200 https://registry.npmmirror.com/@internationalized%2fnumber 466ms (cache miss)
#12 423.5 npm http fetch GET 200 https://registry.npmmirror.com/@react-types%2fshared 530ms (cache miss)
#12 423.6 npm http fetch GET 200 https://registry.npmmirror.com/react-stately 562ms (cache miss)
#12 424.0 npm http fetch GET 200 https://registry.npmmirror.com/use-sync-external-store 558ms (cache miss)
#12 424.0 npm http fetch GET 200 https://registry.npmmirror.com/clsx 997ms (cache miss)
#12 424.5 npm http fetch GET 200 https://registry.npmmirror.com/@internationalized%2fdate 1458ms (cache miss)
#12 424.5 npm http cache https://registry.npmmirror.com/react 17ms (cache hit)
#12 424.9 npm http fetch GET 200 https://registry.npmmirror.com/@react-dnd%2fasap 378ms (cache miss)
#12 424.9 npm http fetch GET 200 https://registry.npmmirror.com/redux 379ms (cache miss)
#12 425.0 npm http fetch GET 200 https://registry.npmmirror.com/@types%2fbabel__template 66ms (cache miss)
#12 425.0 npm http fetch GET 200 https://registry.npmmirror.com/@types%2fbabel__generator 77ms (cache miss)
#12 425.1 npm http cache https://registry.npmmirror.com/react 10ms (cache hit)
#12 425.2 npm http fetch GET 200 https://registry.npmmirror.com/uc.micro 68ms (cache miss)
#12 425.6 npm http fetch GET 200 https://registry.npmmirror.com/@types%2fnormalize-package-data 413ms (cache miss)
#12 425.6 npm http fetch GET 200 https://registry.npmmirror.com/normalize-package-data 414ms (cache miss)
#12 425.7 npm http fetch GET 200 https://registry.npmmirror.com/hosted-git-info 76ms (cache miss)
#12 426.0 npm http fetch GET 200 https://registry.npmmirror.com/validate-npm-package-license 381ms (cache miss)
#12 426.4 npm http fetch GET 200 https://registry.npmmirror.com/spdx-expression-parse 396ms (cache miss)
#12 426.4 npm http fetch GET 200 https://registry.npmmirror.com/spdx-correct 434ms (cache miss)
#12 426.8 npm http fetch GET 200 https://registry.npmmirror.com/unicode-property-aliases-ecmascript 363ms (cache miss)
#12 426.8 npm http fetch GET 200 https://registry.npmmirror.com/unicode-canonical-property-names-ecmascript 398ms (cache miss)
#12 427.2 npm http fetch GET 200 https://registry.npmmirror.com/utila 389ms (cache miss)
#12 427.6 npm http fetch GET 200 https://registry.npmmirror.com/har-schema 397ms (cache miss)
#12 428.1 npm http fetch GET 200 https://registry.npmmirror.com/regex-parser 426ms (cache miss)
#12 428.6 npm http fetch GET 200 https://registry.npmmirror.com/utils-flatten 451ms (cache miss)
#12 429.0 npm http fetch GET 200 https://registry.npmmirror.com/@parcel%2fwatcher-darwin-arm64 388ms (cache miss)
#12 429.1 npm http fetch GET 200 https://registry.npmmirror.com/@parcel%2fwatcher-linux-x64-glibc 400ms (cache miss)
#12 429.1 npm http fetch GET 200 https://registry.npmmirror.com/@parcel%2fwatcher-linux-x64-musl 403ms (cache miss)
#12 429.1 npm http fetch GET 200 https://registry.npmmirror.com/@parcel%2fwatcher-win32-x64 411ms (cache miss)
#12 429.1 npm http fetch GET 200 https://registry.npmmirror.com/@parcel%2fwatcher-win32-ia32 419ms (cache miss)
#12 429.1 npm http fetch GET 200 https://registry.npmmirror.com/@parcel%2fwatcher-win32-arm64 420ms (cache miss)
#12 429.1 npm http fetch GET 200 https://registry.npmmirror.com/@parcel%2fwatcher-darwin-x64 451ms (cache miss)
#12 429.4 npm http fetch GET 200 https://registry.npmmirror.com/@parcel%2fwatcher-linux-arm-glibc 362ms (cache miss)
#12 429.4 npm http fetch GET 200 https://registry.npmmirror.com/@parcel%2fwatcher-linux-arm64-glibc 387ms (cache miss)
#12 429.4 npm http fetch GET 200 https://registry.npmmirror.com/@parcel%2fwatcher-freebsd-x64 363ms (cache miss)
#12 429.5 npm http fetch GET 200 https://registry.npmmirror.com/@parcel%2fwatcher-linux-arm64-musl 419ms (cache miss)
#12 429.5 npm http fetch GET 200 https://registry.npmmirror.com/@parcel%2fwatcher-linux-arm-musl 414ms (cache miss)
#12 430.4 npm http fetch GET 200 https://registry.npmmirror.com/@parcel%2fwatcher-android-arm64 1362ms (cache miss)
#12 430.9 npm http fetch GET 200 https://registry.npmmirror.com/array-from 425ms (cache miss)
#12 431.3 npm http fetch GET 200 https://registry.npmmirror.com/options 343ms (cache miss)
#12 431.3 npm http fetch GET 200 https://registry.npmmirror.com/ultron 409ms (cache miss)
#12 431.8 npm http fetch GET 200 https://registry.npmmirror.com/buildcheck 419ms (cache miss)
#12 432.2 npm http fetch GET 200 https://registry.npmmirror.com/lodash.truncate 357ms (cache miss)
#12 432.2 npm http fetch GET 200 https://registry.npmmirror.com/global-prefix 379ms (cache miss)
#12 432.2 npm http fetch GET 200 https://registry.npmmirror.com/mdn-data 385ms (cache miss)
#12 432.2 npm http fetch GET 200 https://registry.npmmirror.com/env-paths 397ms (cache miss)
#12 432.6 npm http fetch GET 200 https://registry.npmmirror.com/stylelint-config-recommended 388ms (cache miss)
#12 432.6 npm http fetch GET 200 https://registry.npmmirror.com/stylelint-config-recommended 389ms (cache miss)
#12 432.6 npm http fetch GET 200 https://registry.npmmirror.com/stylelint-scss 392ms (cache miss)
#12 432.6 npm http fetch GET 200 https://registry.npmmirror.com/postcss-scss 399ms (cache miss)
#12 433.0 npm http fetch GET 200 https://registry.npmmirror.com/postcss-media-query-parser 362ms (cache miss)
#12 433.5 npm http fetch GET 200 https://registry.npmmirror.com/@swaggerexpert%2fjson-pointer 384ms (cache miss)
#12 433.5 npm http fetch GET 200 https://registry.npmmirror.com/ts-mixer 396ms (cache miss)
#12 433.5 npm http fetch GET 200 https://registry.npmmirror.com/@swagger-api%2fapidom-ast 415ms (cache miss)
#12 433.5 npm http fetch GET 200 https://registry.npmmirror.com/@swagger-api%2fapidom-ast 416ms (cache miss)
#12 433.5 npm http fetch GET 200 https://registry.npmmirror.com/short-unique-id 425ms (cache miss)
#12 433.5 npm http fetch GET 200 https://registry.npmmirror.com/minim 432ms (cache miss)
#12 433.5 npm http fetch GET 200 https://registry.npmmirror.com/@types%2framda 438ms (cache miss)
#12 433.5 npm http fetch GET 200 https://registry.npmmirror.com/@types%2framda 53ms (cache miss)
#12 433.6 npm http fetch GET 200 https://registry.npmmirror.com/@types%2framda 57ms (cache miss)
#12 433.6 npm http fetch GET 200 https://registry.npmmirror.com/axios 92ms (cache miss)
#12 433.9 npm http fetch GET 200 https://registry.npmmirror.com/@swagger-api%2fapidom-ns-json-schema-2020-12 390ms (cache miss)
#12 433.9 npm http fetch GET 200 https://registry.npmmirror.com/@swagger-api%2fapidom-ns-json-schema-2020-12 360ms (cache miss)
#12 433.9 npm http fetch GET 200 https://registry.npmmirror.com/@swagger-api%2fapidom-ns-openapi-3-0 373ms (cache miss)
#12 433.9 npm http fetch GET 200 https://registry.npmmirror.com/@swagger-api%2fapidom-ns-openapi-3-0 405ms (cache miss)
#12 433.9 npm http fetch GET 200 https://registry.npmmirror.com/@swagger-api%2fapidom-ns-openapi-3-0 42ms (cache miss)
#12 434.0 npm http fetch GET 200 https://registry.npmmirror.com/@swagger-api%2fapidom-ns-asyncapi-2 390ms (cache miss)
#12 434.0 npm http fetch GET 200 https://registry.npmmirror.com/@swagger-api%2fapidom-ns-arazzo-1 464ms (cache miss)
#12 434.0 npm http fetch GET 200 https://registry.npmmirror.com/@swagger-api%2fapidom-ns-openapi-2 418ms (cache miss)
#12 434.2 npm http fetch GET 200 https://registry.npmmirror.com/@swagger-api%2fapidom-parser-adapter-api-design-systems-json 375ms (cache miss)
#12 434.3 npm http fetch GET 200 https://registry.npmmirror.com/@swagger-api%2fapidom-parser-adapter-arazzo-json-1 365ms (cache miss)
#12 434.3 npm http fetch GET 200 https://registry.npmmirror.com/@swagger-api%2fapidom-parser-adapter-arazzo-yaml-1 433ms (cache miss)
#12 434.4 npm http fetch GET 200 https://registry.npmmirror.com/@swagger-api%2fapidom-parser-adapter-asyncapi-json-3 405ms (cache miss)
#12 434.4 npm http fetch GET 200 https://registry.npmmirror.com/@swagger-api%2fapidom-parser-adapter-asyncapi-yaml-2 393ms (cache miss)
#12 434.5 npm http fetch GET 200 https://registry.npmmirror.com/@swagger-api%2fapidom-parser-adapter-asyncapi-json-2 488ms (cache miss)
#12 434.7 npm http fetch GET 200 https://registry.npmmirror.com/@swagger-api%2fapidom-parser-adapter-asyncapi-yaml-3 472ms (cache miss)
#12 434.7 npm http fetch GET 200 https://registry.npmmirror.com/@swagger-api%2fapidom-parser-adapter-json 493ms (cache miss)
#12 434.7 npm http fetch GET 200 https://registry.npmmirror.com/@swagger-api%2fapidom-parser-adapter-openapi-json-2 411ms (cache miss)
#12 434.8 npm http fetch GET 200 https://registry.npmmirror.com/@swagger-api%2fapidom-parser-adapter-openapi-json-3-1 367ms (cache miss)
#12 434.8 npm http fetch GET 200 https://registry.npmmirror.com/@swagger-api%2fapidom-parser-adapter-openapi-json-3-2 374ms (cache miss)
#12 434.9 npm http fetch GET 200 https://registry.npmmirror.com/@swagger-api%2fapidom-parser-adapter-openapi-json-3-0 423ms (cache miss)
#12 435.1 npm http fetch GET 200 https://registry.npmmirror.com/@swagger-api%2fapidom-parser-adapter-openapi-yaml-2 394ms (cache miss)
#12 435.2 npm http fetch GET 200 https://registry.npmmirror.com/@swagger-api%2fapidom-parser-adapter-openapi-yaml-3-1 403ms (cache miss)
#12 435.2 npm http fetch GET 200 https://registry.npmmirror.com/@swagger-api%2fapidom-parser-adapter-openapi-yaml-3-0 423ms (cache miss)
#12 435.2 npm http fetch GET 200 https://registry.npmmirror.com/@swagger-api%2fapidom-parser-adapter-openapi-yaml-3-2 406ms (cache miss)
#12 435.2 npm http fetch GET 200 https://registry.npmmirror.com/@swagger-api%2fapidom-parser-adapter-yaml-1-2 394ms (cache miss)
#12 435.2 npm http fetch GET 200 https://registry.npmmirror.com/@swagger-api%2fapidom-parser-adapter-api-design-systems-yaml 1367ms (cache miss)
#12 435.3 npm http fetch GET 200 https://registry.npmmirror.com/apg-lite 136ms (cache miss)
#12 435.3 npm http fetch GET 200 https://registry.npmmirror.com/apg-lite 188ms (cache miss)
#12 435.3 npm http fetch GET 200 https://registry.npmmirror.com/apg-lite 447ms (cache miss)
#12 435.7 npm http fetch GET 200 https://registry.npmmirror.com/types-ramda 360ms (cache miss)
#12 435.7 npm http fetch GET 200 https://registry.npmmirror.com/unraw 395ms (cache miss)
#12 436.1 npm http fetch GET 200 https://registry.npmmirror.com/@swagger-api%2fapidom-ns-json-schema-draft-4 408ms (cache miss)
#12 437.0 npm http fetch GET 200 https://registry.npmmirror.com/@swagger-api%2fapidom-ns-json-schema-2019-09 1259ms (cache miss)
#12 437.4 npm http fetch GET 200 https://registry.npmmirror.com/@swagger-api%2fapidom-ns-json-schema-draft-7 401ms (cache miss)
#12 437.8 npm http fetch GET 200 https://registry.npmmirror.com/@swagger-api%2fapidom-ns-json-schema-draft-6 405ms (cache miss)
#12 438.0 npm http fetch GET 200 https://registry.npmmirror.com/web-tree-sitter 70ms (cache miss)
#12 438.0 npm http fetch GET 200 https://registry.npmmirror.com/tree-sitter 85ms (cache miss)
#12 438.1 npm http fetch GET 200 https://registry.npmmirror.com/follow-redirects 143ms (cache miss)
#12 438.2 npm http fetch GET 200 https://registry.npmmirror.com/tree-sitter-json 353ms (cache miss)
#12 438.3 npm http fetch GET 200 https://registry.npmmirror.com/@swagger-api%2fapidom-ns-asyncapi-3 378ms (cache miss)
#12 438.3 npm http fetch GET 200 https://registry.npmmirror.com/@swagger-api%2fapidom-ns-asyncapi-3 380ms (cache miss)
#12 438.3 npm http fetch GET 200 https://registry.npmmirror.com/@swagger-api%2fapidom-ns-api-design-systems 452ms (cache miss)
#12 438.4 npm http fetch GET 200 https://registry.npmmirror.com/@tree-sitter-grammars%2ftree-sitter-yaml 399ms (cache miss)
#12 438.4 npm http fetch GET 200 https://registry.npmmirror.com/@swagger-api%2fapidom-ns-api-design-systems 501ms (cache miss)
#12 438.9 npm http fetch GET 200 https://registry.npmmirror.com/ts-toolbelt 440ms (cache miss)
#12 439.3 npm http fetch GET 200 https://registry.npmmirror.com/path-loader 362ms (cache miss)
#12 439.3 npm http fetch GET 200 https://registry.npmmirror.com/lodash.clonedeep 372ms (cache miss)
#12 439.3 npm http fetch GET 200 https://registry.npmmirror.com/graphlib 385ms (cache miss)
#12 439.3 npm http fetch GET 200 https://registry.npmmirror.com/formidable 391ms (cache miss)
#12 439.3 npm http fetch GET 200 https://registry.npmmirror.com/native-promise-only 402ms (cache miss)
#12 439.3 npm http fetch GET 200 https://registry.npmmirror.com/component-emitter 403ms (cache miss)
#12 439.3 npm http fetch GET 200 https://registry.npmmirror.com/cookiejar 409ms (cache miss)
#12 439.7 npm http fetch GET 200 https://registry.npmmirror.com/typedarray.prototype.slice 387ms (cache miss)
#12 439.7 npm http fetch GET 200 https://registry.npmmirror.com/lodash.isequal 417ms (cache miss)
#12 439.7 npm http fetch GET 200 https://registry.npmmirror.com/validator 410ms (cache miss)
#12 439.8 npm http fetch GET 200 https://registry.npmmirror.com/fast-safe-stringify 85ms (cache miss)
#12 440.3 npm http fetch GET 200 https://registry.npmmirror.com/lodash._basecreatecallback 390ms (cache miss)
#12 440.3 npm http fetch GET 200 https://registry.npmmirror.com/lodash._baseclone 392ms (cache miss)
#12 440.6 npm http fetch GET 200 https://registry.npmmirror.com/lodash._releasearray 355ms (cache miss)
#12 440.7 npm http fetch GET 200 https://registry.npmmirror.com/lodash._getarray 384ms (cache miss)
#12 440.7 npm http fetch GET 200 https://registry.npmmirror.com/lodash.forown 389ms (cache miss)
#12 440.7 npm http fetch GET 200 https://registry.npmmirror.com/lodash.assign 392ms (cache miss)
#12 440.7 npm http fetch GET 200 https://registry.npmmirror.com/lodash.isobject 414ms (cache miss)
#12 440.7 npm http fetch GET 200 https://registry.npmmirror.com/lodash.foreach 419ms (cache miss)
#12 440.7 npm http fetch GET 200 https://registry.npmmirror.com/lodash.isarray 420ms (cache miss)
#12 440.7 npm http fetch GET 200 https://registry.npmmirror.com/lodash.identity 72ms (cache miss)
#12 441.0 npm http fetch GET 200 https://registry.npmmirror.com/lodash._slice 380ms (cache miss)
#12 441.1 npm http fetch GET 200 https://registry.npmmirror.com/lodash.bind 402ms (cache miss)
#12 441.1 npm http fetch GET 200 https://registry.npmmirror.com/lodash._setbinddata 402ms (cache miss)
#12 441.2 npm http fetch GET 200 https://registry.npmmirror.com/lodash.support 478ms (cache miss)
#12 441.6 npm http fetch GET 200 https://registry.npmmirror.com/lodash._objecttypes 401ms (cache miss)
#12 441.6 npm http fetch GET 200 https://registry.npmmirror.com/lodash.keys 404ms (cache miss)
#12 441.6 npm http fetch GET 200 https://registry.npmmirror.com/lodash.keys 405ms (cache miss)
#12 441.6 npm http fetch GET 200 https://registry.npmmirror.com/lodash._objecttypes 406ms (cache miss)
#12 441.6 npm http fetch GET 200 https://registry.npmmirror.com/lodash._arraypool 409ms (cache miss)
#12 441.6 npm http fetch GET 200 https://registry.npmmirror.com/lodash._arraypool 410ms (cache miss)
#12 442.0 npm http fetch GET 200 https://registry.npmmirror.com/lodash._isnative 412ms (cache miss)
#12 442.8 npm http fetch GET 200 https://registry.npmmirror.com/lodash._maxpoolsize 1622ms (cache miss)
#12 443.2 npm http fetch GET 200 https://registry.npmmirror.com/lodash._createwrapper 375ms (cache miss)
#12 443.2 npm http fetch GET 200 https://registry.npmmirror.com/lodash.noop 391ms (cache miss)
#12 443.6 npm http fetch GET 200 https://registry.npmmirror.com/lodash._shimkeys 413ms (cache miss)
#12 444.1 npm http fetch GET 200 https://registry.npmmirror.com/lodash._basecreatewrapper 403ms (cache miss)
#12 445.0 npm http fetch GET 200 https://registry.npmmirror.com/lodash._basebind 1309ms (cache miss)
#12 445.0 npm http fetch GET 200 https://registry.npmmirror.com/lodash.isfunction 1387ms (cache miss)
#12 445.4 npm http fetch GET 200 https://registry.npmmirror.com/lodash._basecreate 393ms (cache miss)
#12 445.4 npm http fetch GET 200 https://registry.npmmirror.com/lodash._basecreate 394ms (cache miss)
#12 445.8 npm http fetch GET 200 https://registry.npmmirror.com/bare-buffer 373ms (cache miss)
#12 446.2 npm http fetch GET 200 https://registry.npmmirror.com/bare-events 369ms (cache miss)
#12 446.2 npm http fetch GET 200 https://registry.npmmirror.com/bare-url 377ms (cache miss)
#12 446.2 npm http fetch GET 200 https://registry.npmmirror.com/bare-os 378ms (cache miss)
#12 446.2 npm http fetch GET 200 https://registry.npmmirror.com/bare-stream 385ms (cache miss)
#12 446.2 npm http fetch GET 200 https://registry.npmmirror.com/fast-fifo 391ms (cache miss)
#12 446.2 npm http fetch GET 200 https://registry.npmmirror.com/fast-fifo 391ms (cache miss)
#12 446.3 npm http fetch GET 200 https://registry.npmmirror.com/b4a 421ms (cache miss)
#12 446.7 npm http fetch GET 200 https://registry.npmmirror.com/bare-abort-controller 377ms (cache miss)
#12 447.1 npm http fetch GET 200 https://registry.npmmirror.com/text-decoder 374ms (cache miss)
#12 447.1 npm http fetch GET 200 https://registry.npmmirror.com/events-universal 453ms (cache miss)
#12 447.5 npm http fetch GET 200 https://registry.npmmirror.com/react-native-b4a 379ms (cache miss)
#12 448.1 npm http fetch GET 200 https://registry.npmmirror.com/react-native 526ms (cache miss)
#12 448.6 npm http fetch GET 200 https://registry.npmmirror.com/@react-native%2fjest-preset 426ms (cache miss)
#12 449.0 npm http fetch GET 200 https://registry.npmmirror.com/string-template 390ms (cache miss)
#12 449.0 npm http fetch GET 200 https://registry.npmmirror.com/ansi-color 395ms (cache miss)
#12 449.0 npm http fetch GET 200 https://registry.npmmirror.com/hexer 399ms (cache miss)
#12 449.5 npm http fetch GET 200 https://registry.npmmirror.com/which-builtin-type 378ms (cache miss)
#12 449.9 npm http fetch GET 200 https://registry.npmmirror.com/is-finalizationregistry 386ms (cache miss)
#12 449.9 npm http fetch GET 200 https://registry.npmmirror.com/is-async-function 409ms (cache miss)
#12 450.0 npm http fetch GET 200 https://registry.npmmirror.com/which-collection 468ms (cache miss)
#12 450.4 npm http fetch GET 200 https://registry.npmmirror.com/is-boolean-object 381ms (cache miss)
#12 450.4 npm http fetch GET 200 https://registry.npmmirror.com/is-bigint 398ms (cache miss)
#12 451.3 npm http fetch GET 200 https://registry.npmmirror.com/is-number-object 1285ms (cache miss)
#12 451.7 npm http fetch GET 200 https://registry.npmmirror.com/generator-function 376ms (cache miss)
#12 452.1 npm http fetch GET 200 https://registry.npmmirror.com/array.prototype.reduce 414ms (cache miss)
#12 452.5 npm http fetch GET 200 https://registry.npmmirror.com/es-array-method-boxes-properly 408ms (cache miss)
#12 452.9 npm http fetch GET 200 https://registry.npmmirror.com/spdx-license-ids 384ms (cache miss)
#12 452.9 npm http fetch GET 200 https://registry.npmmirror.com/spdx-license-ids 386ms (cache miss)
#12 452.9 npm http fetch GET 200 https://registry.npmmirror.com/spdx-exceptions 394ms (cache miss)
#12 453.3 npm http fetch GET 200 https://registry.npmmirror.com/is-negated-glob 371ms (cache miss)
#12 453.3 npm http fetch GET 200 https://registry.npmmirror.com/now-and-later 385ms (cache miss)
#12 453.4 npm http fetch GET 200 https://registry.npmmirror.com/@gulpjs%2fto-absolute-glob 460ms (cache miss)
#12 453.5 npm http fetch GET 200 https://registry.npmmirror.com/vinyl-contents 502ms (cache miss)
#12 453.9 npm http fetch GET 200 https://registry.npmmirror.com/@webassemblyjs%2fhelper-wasm-section 367ms (cache miss)
#12 453.9 npm http fetch GET 200 https://registry.npmmirror.com/@webassemblyjs%2fhelper-buffer 374ms (cache miss)
#12 453.9 npm http fetch GET 200 https://registry.npmmirror.com/@webassemblyjs%2fhelper-numbers 381ms (cache miss)
#12 453.9 npm http fetch GET 200 https://registry.npmmirror.com/@webassemblyjs%2fhelper-wasm-bytecode 405ms (cache miss)
#12 453.9 npm http fetch GET 200 https://registry.npmmirror.com/@webassemblyjs%2fhelper-wasm-bytecode 408ms (cache miss)
#12 453.9 npm http fetch GET 200 https://registry.npmmirror.com/@webassemblyjs%2fwasm-gen 408ms (cache miss)
#12 453.9 npm http fetch GET 200 https://registry.npmmirror.com/@webassemblyjs%2fhelper-wasm-bytecode 39ms (cache miss)
#12 454.2 npm http fetch GET 200 https://registry.npmmirror.com/@webassemblyjs%2fhelper-api-error 369ms (cache miss)
#12 454.3 npm http fetch GET 200 https://registry.npmmirror.com/@webassemblyjs%2fwast-printer 386ms (cache miss)
#12 454.3 npm http fetch GET 200 https://registry.npmmirror.com/@webassemblyjs%2fleb128 382ms (cache miss)
#12 454.3 npm http fetch GET 200 https://registry.npmmirror.com/@webassemblyjs%2fieee754 389ms (cache miss)
#12 454.3 npm http fetch GET 200 https://registry.npmmirror.com/@webassemblyjs%2futf8 392ms (cache miss)
#12 455.2 npm http fetch GET 200 https://registry.npmmirror.com/@webassemblyjs%2fwasm-opt 1696ms (cache miss)
#12 455.6 npm http fetch GET 200 https://registry.npmmirror.com/@xtuc%2flong 393ms (cache miss)
#12 455.6 npm http fetch GET 200 https://registry.npmmirror.com/@webassemblyjs%2ffloating-point-hex-parser 394ms (cache miss)
#12 456.0 npm http fetch GET 200 https://registry.npmmirror.com/@xtuc%2fieee754 373ms (cache miss)
#12 456.4 npm http fetch GET 200 https://registry.npmmirror.com/resolve-cwd 385ms (cache miss)
#12 456.8 npm http fetch GET 200 https://registry.npmmirror.com/http-proxy 374ms (cache miss)
#12 456.8 npm http fetch GET 200 https://registry.npmmirror.com/multicast-dns 387ms (cache miss)
#12 456.9 npm http fetch GET 200 https://registry.npmmirror.com/wsl-utils 395ms (cache miss)
#12 456.9 npm http fetch GET 200 https://registry.npmmirror.com/default-browser 398ms (cache miss)
#12 456.9 npm http fetch GET 200 https://registry.npmmirror.com/is-inside-container 406ms (cache miss)
#12 456.9 npm http fetch GET 200 https://registry.npmmirror.com/shell-quote 414ms (cache miss)
#12 456.9 npm http fetch GET 200 https://registry.npmmirror.com/@types%2fhttp-proxy 427ms (cache miss)
#12 457.2 npm http fetch GET 200 https://registry.npmmirror.com/@peculiar%2fx509 366ms (cache miss)
#12 457.2 npm http fetch GET 200 https://registry.npmmirror.com/websocket-driver 366ms (cache miss)
#12 457.3 npm http fetch GET 200 https://registry.npmmirror.com/batch 406ms (cache miss)
#12 457.3 npm http fetch GET 200 https://registry.npmmirror.com/faye-websocket 407ms (cache miss)
#12 457.3 npm http fetch GET 200 https://registry.npmmirror.com/handle-thing 395ms (cache miss)
#12 457.3 npm http fetch GET 200 https://registry.npmmirror.com/pkijs 423ms (cache miss)
#12 457.3 npm http fetch GET 200 https://registry.npmmirror.com/http-deceiver 389ms (cache miss)
#12 457.6 npm http fetch GET 200 https://registry.npmmirror.com/select-hose 360ms (cache miss)
#12 457.6 npm http fetch GET 200 https://registry.npmmirror.com/spdy-transport 372ms (cache miss)
#12 458.0 npm http fetch GET 200 https://registry.npmmirror.com/@types%2fnode-fetch 350ms (cache miss)
#12 458.3 npm http fetch GET 200 https://registry.npmmirror.com/@types%2fnode-forge 379ms (cache miss)
#12 458.7 npm http fetch GET 200 https://registry.npmmirror.com/thunky 382ms (cache miss)
#12 458.7 npm http fetch GET 200 https://registry.npmmirror.com/dns-packet 386ms (cache miss)
#12 459.1 npm http fetch GET 200 https://registry.npmmirror.com/@leichtgewicht%2fip-codec 378ms (cache miss)
#12 459.5 npm http fetch GET 200 https://registry.npmmirror.com/@peculiar%2fasn1-csr 384ms (cache miss)
#12 459.5 npm http fetch GET 200 https://registry.npmmirror.com/@peculiar%2fasn1-schema 387ms (cache miss)
#12 459.6 npm http fetch GET 200 https://registry.npmmirror.com/@peculiar%2fasn1-pkcs9 407ms (cache miss)
#12 459.6 npm http fetch GET 200 https://registry.npmmirror.com/@peculiar%2fasn1-x509 408ms (cache miss)
#12 459.6 npm http fetch GET 200 https://registry.npmmirror.com/@peculiar%2fasn1-ecc 412ms (cache miss)
#12 459.6 npm http fetch GET 200 https://registry.npmmirror.com/@peculiar%2fasn1-cms 414ms (cache miss)
#12 459.6 npm http fetch GET 200 https://registry.npmmirror.com/@peculiar%2fasn1-rsa 417ms (cache miss)
#12 459.9 npm http fetch GET 200 https://registry.npmmirror.com/asn1js 350ms (cache miss)
#12 459.9 npm http fetch GET 200 https://registry.npmmirror.com/reflect-metadata 392ms (cache miss)
#12 460.0 npm http fetch GET 200 https://registry.npmmirror.com/pvtsutils 430ms (cache miss)
#12 460.0 npm http fetch GET 200 https://registry.npmmirror.com/bytestreamjs 405ms (cache miss)
#12 460.0 npm http fetch GET 200 https://registry.npmmirror.com/pvtsutils 408ms (cache miss)
#12 460.0 npm http fetch GET 200 https://registry.npmmirror.com/tsyringe 419ms (cache miss)
#12 460.0 npm http fetch GET 200 https://registry.npmmirror.com/pvutils 411ms (cache miss)
#12 460.4 npm http fetch GET 200 https://registry.npmmirror.com/@peculiar%2fasn1-x509-attr 367ms (cache miss)
#12 460.4 npm http fetch GET 200 https://registry.npmmirror.com/@peculiar%2fasn1-x509-attr 367ms (cache miss)
#12 460.4 npm http fetch GET 200 https://registry.npmmirror.com/@peculiar%2fasn1-pfx 387ms (cache miss)
#12 460.4 npm http fetch GET 200 https://registry.npmmirror.com/@peculiar%2futils 396ms (cache miss)
#12 460.4 npm http fetch GET 200 https://registry.npmmirror.com/@peculiar%2futils 399ms (cache miss)
#12 460.4 npm http fetch GET 200 https://registry.npmmirror.com/@peculiar%2fasn1-pkcs8 409ms (cache miss)
#12 460.9 npm http fetch GET 200 https://registry.npmmirror.com/websocket-extensions 420ms (cache miss)
#12 461.0 npm http fetch GET 200 https://registry.npmmirror.com/http-parser-js 479ms (cache miss)
#12 461.4 npm http fetch GET 200 https://registry.npmmirror.com/obuf 389ms (cache miss)
#12 461.4 npm http fetch GET 200 https://registry.npmmirror.com/detect-node 393ms (cache miss)
#12 461.4 npm http fetch GET 200 https://registry.npmmirror.com/wbuf 412ms (cache miss)
#12 461.5 npm http fetch GET 200 https://registry.npmmirror.com/hpack.js 465ms (cache miss)
#12 461.9 npm http fetch GET 200 https://registry.npmmirror.com/minimalistic-assert 389ms (cache miss)
#12 462.3 npm http fetch GET 200 https://registry.npmmirror.com/is-weakmap 375ms (cache miss)
#12 462.3 npm http fetch GET 200 https://registry.npmmirror.com/is-weakset 376ms (cache miss)
#12 462.3 npm http fetch GET 200 https://registry.npmmirror.com/is-map 381ms (cache miss)
#12 462.4 npm http fetch GET 200 https://registry.npmmirror.com/async-function 401ms (cache miss)
#12 462.5 npm http fetch GET 200 https://registry.npmmirror.com/pend 75ms (cache miss)
#12 464.0 npm http fetch GET 200 https://registry.npmmirror.com/crc32-stream 1451ms (cache miss)
#12 464.1 npm http fetch GET 200 https://registry.npmmirror.com/msgpackr-extract 81ms (cache miss)
#12 464.4 npm http fetch GET 200 https://registry.npmmirror.com/@ioredis%2fcommands 401ms (cache miss)
#12 464.5 npm http fetch GET 200 https://registry.npmmirror.com/luxon 427ms (cache miss)
#12 464.5 npm http fetch GET 200 https://registry.npmmirror.com/@msgpackr-extract%2fmsgpackr-extract-darwin-x64 70ms (cache miss)
#12 464.5 npm http fetch GET 200 https://registry.npmmirror.com/@msgpackr-extract%2fmsgpackr-extract-win32-x64 72ms (cache miss)
#12 464.5 npm http fetch GET 200 https://registry.npmmirror.com/node-gyp-build-optional-packages 79ms (cache miss)
#12 464.6 npm http fetch GET 200 https://registry.npmmirror.com/@msgpackr-extract%2fmsgpackr-extract-linux-arm64 95ms (cache miss)
#12 464.6 npm http fetch GET 200 https://registry.npmmirror.com/@msgpackr-extract%2fmsgpackr-extract-linux-x64 96ms (cache miss)
#12 464.6 npm http fetch GET 200 https://registry.npmmirror.com/@msgpackr-extract%2fmsgpackr-extract-darwin-arm64 97ms (cache miss)
#12 464.6 npm http fetch GET 200 https://registry.npmmirror.com/@msgpackr-extract%2fmsgpackr-extract-linux-arm 101ms (cache miss)
#12 465.0 npm http fetch GET 200 https://registry.npmmirror.com/camelize 373ms (cache miss)
#12 465.0 npm http fetch GET 200 https://registry.npmmirror.com/content-security-policy-builder 409ms (cache miss)
#12 465.1 npm http fetch GET 200 https://registry.npmmirror.com/dasherize 490ms (cache miss)
#12 465.7 npm http fetch GET 200 https://registry.npmmirror.com/tldts-core 597ms (cache miss)
#12 466.2 npm http fetch GET 200 https://registry.npmmirror.com/concat-map 377ms (cache revalidated)
#12 467.0 npm http fetch GET 200 https://registry.npmmirror.com/@isaacs%2fcliui 464ms (cache miss)
#12 467.1 npm http fetch GET 200 https://registry.npmmirror.com/@pkgjs%2fparseargs 583ms (cache miss)
#12 467.2 npm http fetch GET 200 https://registry.npmmirror.com/eastasianwidth 80ms (cache miss)
#12 467.7 npm http fetch GET 200 https://registry.npmmirror.com/array-unique 374ms (cache miss)
#12 467.7 npm http fetch GET 200 https://registry.npmmirror.com/extend-shallow 400ms (cache miss)
#12 467.7 npm http fetch GET 200 https://registry.npmmirror.com/arr-diff 402ms (cache miss)
#12 467.8 npm http fetch GET 200 https://registry.npmmirror.com/@babel%2fplugin-syntax-object-rest-spread 404ms (cache miss)
#12 467.8 npm http fetch GET 200 https://registry.npmmirror.com/extglob 417ms (cache miss)
#12 467.8 npm http fetch GET 200 https://registry.npmmirror.com/fragment-cache 418ms (cache miss)
#12 467.8 npm http fetch GET 200 https://registry.npmmirror.com/define-property 467ms (cache miss)
#12 468.1 npm http fetch GET 200 https://registry.npmmirror.com/nanomatch 396ms (cache miss)
#12 468.1 npm http fetch GET 200 https://registry.npmmirror.com/regex-not 381ms (cache miss)
#12 468.1 npm http fetch GET 200 https://registry.npmmirror.com/to-regex 379ms (cache miss)
#12 468.2 npm http fetch GET 200 https://registry.npmmirror.com/snapdragon 405ms (cache miss)
#12 468.2 npm http fetch GET 200 https://registry.npmmirror.com/object.pick 412ms (cache miss)
#12 468.6 npm http fetch GET 200 https://registry.npmmirror.com/is-descriptor 355ms (cache miss)
#12 468.6 npm http fetch GET 200 https://registry.npmmirror.com/is-extendable 379ms (cache miss)
#12 468.6 npm http fetch GET 200 https://registry.npmmirror.com/repeat-element 390ms (cache miss)
#12 468.6 npm http fetch GET 200 https://registry.npmmirror.com/split-string 406ms (cache miss)
#12 468.6 npm http fetch GET 200 https://registry.npmmirror.com/assign-symbols 410ms (cache miss)
#12 468.7 npm http fetch GET 200 https://registry.npmmirror.com/arr-flatten 471ms (cache miss)
#12 468.7 npm http fetch GET 200 https://registry.npmmirror.com/snapdragon-node 479ms (cache miss)
#12 469.0 npm http fetch GET 200 https://registry.npmmirror.com/map-cache 287ms (cache miss)
#12 469.0 npm http fetch GET 200 https://registry.npmmirror.com/safe-regex 398ms (cache miss)
#12 469.0 npm http fetch GET 200 https://registry.npmmirror.com/is-windows 421ms (cache miss)
#12 469.0 npm http fetch GET 200 https://registry.npmmirror.com/base 411ms (cache miss)
#12 469.1 npm http fetch GET 200 https://registry.npmmirror.com/map-cache 461ms (cache miss)
#12 469.1 npm http fetch GET 200 https://registry.npmmirror.com/source-map-resolve 411ms (cache miss)
#12 469.2 npm http fetch GET 200 https://registry.npmmirror.com/expand-brackets 615ms (cache miss)
#12 469.4 npm http fetch GET 200 https://registry.npmmirror.com/use 388ms (cache miss)
#12 469.8 npm http fetch GET 200 https://registry.npmmirror.com/is-data-descriptor 390ms (cache miss)
#12 469.8 npm http fetch GET 200 https://registry.npmmirror.com/is-accessor-descriptor 397ms (cache miss)
#12 470.2 npm http fetch GET 200 https://registry.npmmirror.com/posix-character-classes 401ms (cache miss)
#12 470.6 npm http fetch GET 200 https://registry.npmmirror.com/ret 380ms (cache miss)
#12 470.7 npm http fetch GET 200 https://registry.npmmirror.com/atob 81ms (cache miss)
#12 471.0 npm http fetch GET 200 https://registry.npmmirror.com/mixin-deep 378ms (cache miss)
#12 471.0 npm http fetch GET 200 https://registry.npmmirror.com/resolve-url 407ms (cache miss)
#12 471.1 npm http fetch GET 200 https://registry.npmmirror.com/pascalcase 437ms (cache miss)
#12 471.1 npm http fetch GET 200 https://registry.npmmirror.com/decode-uri-component 437ms (cache miss)
#12 471.1 npm http fetch GET 200 https://registry.npmmirror.com/source-map-url 376ms (cache miss)
#12 471.1 npm http fetch GET 200 https://registry.npmmirror.com/cache-base 468ms (cache miss)
#12 471.1 npm http fetch GET 200 https://registry.npmmirror.com/class-utils 500ms (cache miss)
#12 471.4 npm http fetch GET 200 https://registry.npmmirror.com/urix 415ms (cache miss)
#12 471.8 npm http fetch GET 200 https://registry.npmmirror.com/get-value 359ms (cache miss)
#12 471.8 npm http fetch GET 200 https://registry.npmmirror.com/to-object-path 372ms (cache miss)
#12 471.8 npm http fetch GET 200 https://registry.npmmirror.com/union-value 384ms (cache miss)
#12 471.8 npm http fetch GET 200 https://registry.npmmirror.com/unset-value 398ms (cache miss)
#12 471.8 npm http fetch GET 200 https://registry.npmmirror.com/has-value 400ms (cache miss)
#12 471.8 npm http fetch GET 200 https://registry.npmmirror.com/collection-visit 401ms (cache miss)
#12 471.8 npm http fetch GET 200 https://registry.npmmirror.com/set-value 411ms (cache miss)
#12 472.3 npm http fetch GET 200 https://registry.npmmirror.com/arr-union 515ms (cache miss)
#12 472.3 npm http fetch GET 200 https://registry.npmmirror.com/static-extend 504ms (cache miss)
#12 472.3 npm http fetch GET 200 https://registry.npmmirror.com/for-in 492ms (cache miss)
#12 472.7 npm http fetch GET 200 https://registry.npmmirror.com/object-visit 388ms (cache miss)
#12 472.8 npm http fetch GET 200 https://registry.npmmirror.com/map-visit 410ms (cache miss)
#12 472.8 npm http fetch GET 200 https://registry.npmmirror.com/has-values 417ms (cache miss)
#12 473.2 npm http fetch GET 200 https://registry.npmmirror.com/object-copy 413ms (cache miss)
#12 473.6 npm http fetch GET 200 https://registry.npmmirror.com/is-buffer 396ms (cache miss)
#12 474.0 npm http fetch GET 200 https://registry.npmmirror.com/copy-descriptor 375ms (cache miss)
#12 474.5 npm http fetch GET 200 https://registry.npmmirror.com/snapdragon-util 430ms (cache miss)
#12 474.5 npm http fetch GET 200 https://registry.npmmirror.com/repeat-string 454ms (cache miss)
#12 475.3 npm http fetch GET 200 https://registry.npmmirror.com/dezalgo 379ms (cache miss)
#12 475.8 npm http fetch GET 200 https://registry.npmmirror.com/cacheable 416ms (cache miss)
#12 475.8 npm http fetch GET 200 https://registry.npmmirror.com/hookified 440ms (cache miss)
#12 476.4 npm http fetch GET 200 https://registry.npmmirror.com/qified 524ms (cache miss)
#12 476.4 npm http fetch GET 200 https://registry.npmmirror.com/@cacheable%2futils 526ms (cache miss)
#12 476.4 npm http fetch GET 200 https://registry.npmmirror.com/@cacheable%2fmemory 528ms (cache miss)
#12 476.8 npm http fetch GET 200 https://registry.npmmirror.com/@keyv%2fserialize 373ms (cache miss)
#12 476.8 npm http fetch GET 200 https://registry.npmmirror.com/hashery 384ms (cache miss)
#12 476.8 npm http fetch GET 200 https://registry.npmmirror.com/@keyv%2fbigmap 423ms (cache miss)
#12 477.3 npm http fetch GET 200 https://registry.npmmirror.com/bundle-name 402ms (cache miss)
#12 477.3 npm http fetch GET 200 https://registry.npmmirror.com/default-browser-id 405ms (cache miss)
#12 477.7 npm http fetch GET 200 https://registry.npmmirror.com/run-applescript 362ms (cache miss)
#12 478.0 npm http fetch GET 200 https://registry.npmmirror.com/@jsonjoy.com%2ffs-node-utils 356ms (cache miss)
#12 478.0 npm http fetch GET 200 https://registry.npmmirror.com/@jsonjoy.com%2ffs-print 362ms (cache miss)
#12 478.1 npm http fetch GET 200 https://registry.npmmirror.com/@jsonjoy.com%2ffs-node-builtins 380ms (cache miss)
#12 478.1 npm http fetch GET 200 https://registry.npmmirror.com/@jsonjoy.com%2ffs-node 392ms (cache miss)
#12 478.1 npm http fetch GET 200 https://registry.npmmirror.com/@jsonjoy.com%2ffs-core 410ms (cache miss)
#12 478.1 npm http fetch GET 200 https://registry.npmmirror.com/@jsonjoy.com%2ffs-fsa 438ms (cache miss)
#12 478.1 npm http fetch GET 200 https://registry.npmmirror.com/@jsonjoy.com%2ffs-node-to-fsa 447ms (cache miss)
#12 478.4 npm http fetch GET 200 https://registry.npmmirror.com/@jsonjoy.com%2ffs-snapshot 352ms (cache miss)
#12 478.4 npm http fetch GET 200 https://registry.npmmirror.com/@jsonjoy.com%2fjson-pack 390ms (cache miss)
#12 478.5 npm http fetch GET 200 https://registry.npmmirror.com/thingies 398ms (cache miss)
#12 478.5 npm http fetch GET 200 https://registry.npmmirror.com/@jsonjoy.com%2futil 450ms (cache miss)
#12 478.5 npm http fetch GET 200 https://registry.npmmirror.com/tree-dump 397ms (cache miss)
#12 478.5 npm http fetch GET 200 https://registry.npmmirror.com/glob-to-regex.js 455ms (cache miss)
#12 478.9 npm http fetch GET 200 https://registry.npmmirror.com/@jsonjoy.com%2fbase64 363ms (cache miss)
#12 478.9 npm http fetch GET 200 https://registry.npmmirror.com/@jsonjoy.com%2fjson-pointer 388ms (cache miss)
#12 479.0 npm http fetch GET 200 https://registry.npmmirror.com/@jsonjoy.com%2fbuffers 410ms (cache miss)
#12 479.0 npm http fetch GET 200 https://registry.npmmirror.com/@jsonjoy.com%2fbuffers 412ms (cache miss)
#12 479.0 npm http fetch GET 200 https://registry.npmmirror.com/@jsonjoy.com%2fbuffers 418ms (cache miss)
#12 479.0 npm http fetch GET 200 https://registry.npmmirror.com/hyperdyperid 425ms (cache miss)
#12 479.0 npm http fetch GET 200 https://registry.npmmirror.com/@jsonjoy.com%2fcodegen 427ms (cache miss)
#12 479.0 npm http fetch GET 200 https://registry.npmmirror.com/@jsonjoy.com%2fcodegen 64ms (cache miss)
#12 480.6 npm verbose reify failed optional dependency /overleaf/node_modules/@msgpackr-extract/msgpackr-extract-win32-x64
#12 480.6 npm verbose reify failed optional dependency /overleaf/node_modules/@msgpackr-extract/msgpackr-extract-linux-arm64
#12 480.6 npm verbose reify failed optional dependency /overleaf/node_modules/@msgpackr-extract/msgpackr-extract-linux-arm
#12 480.6 npm verbose reify failed optional dependency /overleaf/node_modules/@msgpackr-extract/msgpackr-extract-darwin-x64
#12 480.6 npm verbose reify failed optional dependency /overleaf/node_modules/@msgpackr-extract/msgpackr-extract-darwin-arm64
#12 480.6 npm warn skipping integrity check for git dependency ssh://git@github.com/overleaf/diff-match-patch.git
#12 480.6 npm warn skipping integrity check for git dependency ssh://git@github.com/overleaf/node-fast-crc32c.git
#12 480.6 npm warn skipping integrity check for git dependency ssh://git@github.com/overleaf/nodejs-referer-parser.git
#12 480.8 npm http fetch POST 404 https://registry.npmmirror.com/-/npm/v1/security/advisories/bulk 293ms
#12 481.6 npm http cache ultron@https://registry.npmmirror.com/ultron/-/ultron-1.0.2.tgz 0ms (cache hit)
#12 481.6 npm http cache options@https://registry.npmmirror.com/options/-/options-0.0.6.tgz 0ms (cache hit)
#12 481.6 npm http cache dezalgo@https://registry.npmmirror.com/dezalgo/-/dezalgo-1.0.4.tgz 0ms (cache hit)
#12 481.6 npm http cache fast-safe-stringify@https://registry.npmmirror.com/fast-safe-stringify/-/fast-safe-stringify-2.1.1.tgz 0ms (cache hit)
#12 481.6 npm http cache mkdirp-classic@https://registry.npmmirror.com/mkdirp-classic/-/mkdirp-classic-0.5.3.tgz 0ms (cache hit)
#12 481.6 npm http cache process-nextick-args@https://registry.npmmirror.com/process-nextick-args/-/process-nextick-args-2.0.1.tgz 0ms (cache hit)
#12 481.6 npm http cache eastasianwidth@https://registry.npmmirror.com/eastasianwidth/-/eastasianwidth-0.2.0.tgz 0ms (cache hit)
#12 481.6 npm http cache @types/mime@https://registry.npmmirror.com/@types/mime/-/mime-1.3.5.tgz 0ms (cache hit)
#12 481.6 npm http cache wrap-ansi-cjs@https://registry.npmmirror.com/wrap-ansi/-/wrap-ansi-7.0.0.tgz 0ms (cache hit)
#12 481.6 npm http cache strip-ansi-cjs@https://registry.npmmirror.com/strip-ansi/-/strip-ansi-6.0.1.tgz 0ms (cache hit)
#12 481.6 npm http cache string-width-cjs@https://registry.npmmirror.com/string-width/-/string-width-4.2.3.tgz 0ms (cache hit)
#12 481.6 npm http cache @pkgjs/parseargs@https://registry.npmmirror.com/@pkgjs/parseargs/-/parseargs-0.11.0.tgz 0ms (cache hit)
#12 481.6 npm http cache @isaacs/cliui@https://registry.npmmirror.com/@isaacs/cliui/-/cliui-8.0.2.tgz 0ms (cache hit)
#12 481.6 npm http cache package-json-from-dist@https://registry.npmmirror.com/package-json-from-dist/-/package-json-from-dist-1.0.1.tgz 0ms (cache hit)
#12 481.6 npm http cache path-scurry@https://registry.npmmirror.com/path-scurry/-/path-scurry-1.11.1.tgz 0ms (cache hit)
#12 481.6 npm http cache jackspeak@https://registry.npmmirror.com/jackspeak/-/jackspeak-3.4.3.tgz 0ms (cache hit)
#12 481.6 npm http cache google-logging-utils@https://registry.npmmirror.com/google-logging-utils/-/google-logging-utils-0.0.2.tgz 0ms (cache hit)
#12 481.6 npm http cache concat-map@https://registry.npmmirror.com/concat-map/-/concat-map-0.0.1.tgz 0ms (cache hit)
#12 481.6 npm http cache tldts-core@https://registry.npmmirror.com/tldts-core/-/tldts-core-6.1.86.tgz 0ms (cache hit)
#12 481.6 npm http cache tldts@https://registry.npmmirror.com/tldts/-/tldts-6.1.86.tgz 0ms (cache hit)
#12 481.6 npm http cache @ioredis/commands@https://registry.npmmirror.com/@ioredis/commands/-/commands-1.10.0.tgz 0ms (cache hit)
#12 481.6 npm http cache content-security-policy-builder@https://registry.npmmirror.com/content-security-policy-builder/-/content-security-policy-builder-2.1.0.tgz 0ms (cache hit)
#12 481.6 npm http cache dasherize@https://registry.npmmirror.com/dasherize/-/dasherize-2.0.0.tgz 0ms (cache hit)
#12 481.6 npm http cache camelize@https://registry.npmmirror.com/camelize/-/camelize-1.0.0.tgz 0ms (cache hit)
#12 481.6 npm http cache x-xss-protection@https://registry.npmmirror.com/x-xss-protection/-/x-xss-protection-1.3.0.tgz 0ms (cache hit)
#12 481.6 npm http cache referrer-policy@https://registry.npmmirror.com/referrer-policy/-/referrer-policy-1.2.0.tgz 0ms (cache hit)
#12 481.6 npm http cache hsts@https://registry.npmmirror.com/hsts/-/hsts-2.2.0.tgz 0ms (cache hit)
#12 481.6 npm http cache hpkp@https://registry.npmmirror.com/hpkp/-/hpkp-2.0.0.tgz 0ms (cache hit)
#12 481.6 npm http cache hide-powered-by@https://registry.npmmirror.com/hide-powered-by/-/hide-powered-by-1.1.0.tgz 0ms (cache hit)
#12 481.6 npm http cache helmet-csp@https://registry.npmmirror.com/helmet-csp/-/helmet-csp-2.10.0.tgz 0ms (cache hit)
#12 481.6 npm http cache helmet-crossdomain@https://registry.npmmirror.com/helmet-crossdomain/-/helmet-crossdomain-0.4.0.tgz 0ms (cache hit)
#12 481.6 npm http cache dont-sniff-mimetype@https://registry.npmmirror.com/dont-sniff-mimetype/-/dont-sniff-mimetype-1.1.0.tgz 0ms (cache hit)
#12 481.6 npm http cache feature-policy@https://registry.npmmirror.com/feature-policy/-/feature-policy-0.3.0.tgz 0ms (cache hit)
#12 481.6 npm http cache luxon@https://registry.npmmirror.com/luxon/-/luxon-3.7.2.tgz 0ms (cache hit)
#12 481.6 npm http cache node-gyp-build-optional-packages@https://registry.npmmirror.com/node-gyp-build-optional-packages/-/node-gyp-build-optional-packages-5.2.2.tgz 0ms (cache hit)
#12 481.6 npm http cache msgpackr-extract@https://registry.npmmirror.com/msgpackr-extract/-/msgpackr-extract-3.0.4.tgz 0ms (cache hit)
#12 481.6 npm http cache @msgpackr-extract/msgpackr-extract-linux-x64@https://registry.npmmirror.com/@msgpackr-extract/msgpackr-extract-linux-x64/-/msgpackr-extract-linux-x64-3.0.4.tgz 0ms (cache hit)
#12 481.6 npm http cache msgpackr@https://registry.npmmirror.com/msgpackr/-/msgpackr-1.11.12.tgz 0ms (cache hit)
#12 481.6 npm http cache yocto-queue@https://registry.npmmirror.com/yocto-queue/-/yocto-queue-0.1.0.tgz 0ms (cache hit)
#12 481.6 npm http cache crc32-stream@https://registry.npmmirror.com/crc32-stream/-/crc32-stream-4.0.3.tgz 0ms (cache hit)
#12 481.6 npm http cache validator@https://registry.npmmirror.com/validator/-/validator-10.11.0.tgz 0ms (cache hit)
#12 481.6 npm http cache compress-commons@https://registry.npmmirror.com/compress-commons/-/compress-commons-4.1.2.tgz 0ms (cache hit)
#12 481.6 npm http cache lodash.isequal@https://registry.npmmirror.com/lodash.isequal/-/lodash.isequal-4.5.0.tgz 0ms (cache hit)
#12 481.6 npm http cache pend@https://registry.npmmirror.com/pend/-/pend-1.2.0.tgz 0ms (cache hit)
#12 481.6 npm http cache fd-slicer@https://registry.npmmirror.com/fd-slicer/-/fd-slicer-1.1.0.tgz 0ms (cache hit)
#12 481.6 npm http cache y18n@https://registry.npmmirror.com/y18n/-/y18n-5.0.8.tgz 0ms (cache hit)
#12 481.6 npm http cache require-directory@https://registry.npmmirror.com/require-directory/-/require-directory-2.1.1.tgz 0ms (cache hit)
#12 481.6 npm http cache get-caller-file@https://registry.npmmirror.com/get-caller-file/-/get-caller-file-2.0.5.tgz 0ms (cache hit)
#12 481.6 npm http cache cliui@https://registry.npmmirror.com/cliui/-/cliui-8.0.1.tgz 0ms (cache hit)
#12 481.6 npm http cache babel-walk@https://registry.npmmirror.com/babel-walk/-/babel-walk-3.0.0-canary-5.tgz 0ms (cache hit)
#12 481.6 npm http cache assert-never@https://registry.npmmirror.com/assert-never/-/assert-never-1.4.0.tgz 0ms (cache hit)
#12 481.6 npm http cache is-weakset@https://registry.npmmirror.com/is-weakset/-/is-weakset-2.0.4.tgz 0ms (cache hit)
#12 481.6 npm http cache is-weakmap@https://registry.npmmirror.com/is-weakmap/-/is-weakmap-2.0.2.tgz 0ms (cache hit)
#12 481.6 npm http cache is-map@https://registry.npmmirror.com/is-map/-/is-map-2.0.3.tgz 0ms (cache hit)
#12 481.6 npm http cache async-function@https://registry.npmmirror.com/async-function/-/async-function-1.0.0.tgz 0ms (cache hit)
#12 481.6 npm http cache which-collection@https://registry.npmmirror.com/which-collection/-/which-collection-1.0.2.tgz 0ms (cache hit)
#12 481.6 npm http cache is-finalizationregistry@https://registry.npmmirror.com/is-finalizationregistry/-/is-finalizationregistry-1.1.1.tgz 0ms (cache hit)
#12 481.6 npm http cache is-async-function@https://registry.npmmirror.com/is-async-function/-/is-async-function-2.1.1.tgz 0ms (cache hit)
#12 481.6 npm http cache is-number-object@https://registry.npmmirror.com/is-number-object/-/is-number-object-1.1.1.tgz 0ms (cache hit)
#12 481.6 npm http cache is-boolean-object@https://registry.npmmirror.com/is-boolean-object/-/is-boolean-object-1.2.2.tgz 0ms (cache hit)
#12 481.6 npm http cache is-bigint@https://registry.npmmirror.com/is-bigint/-/is-bigint-1.1.0.tgz 0ms (cache hit)
#12 481.6 npm http cache isexe@https://registry.npmmirror.com/isexe/-/isexe-2.0.0.tgz 0ms (cache hit)
#12 481.6 npm http cache @types/node-forge@https://registry.npmmirror.com/@types/node-forge/-/node-forge-1.3.14.tgz 0ms (cache hit)
#12 481.6 npm http cache core-util-is@https://registry.npmmirror.com/core-util-is/-/core-util-is-1.0.2.tgz 0ms (cache hit)
#12 481.6 npm http cache es-array-method-boxes-properly@https://registry.npmmirror.com/es-array-method-boxes-properly/-/es-array-method-boxes-properly-1.0.0.tgz 0ms (cache hit)
#12 481.6 npm http cache array.prototype.reduce@https://registry.npmmirror.com/array.prototype.reduce/-/array.prototype.reduce-1.0.8.tgz 0ms (cache hit)
#12 481.6 npm http cache object.getownpropertydescriptors@https://registry.npmmirror.com/object.getownpropertydescriptors/-/object.getownpropertydescriptors-2.1.9.tgz 0ms (cache hit)
#12 481.6 npm http cache generator-function@https://registry.npmmirror.com/generator-function/-/generator-function-2.0.1.tgz 0ms (cache hit)
#12 481.6 npm http cache is-generator-function@https://registry.npmmirror.com/is-generator-function/-/is-generator-function-1.1.2.tgz 0ms (cache hit)
#12 481.6 npm http cache requires-port@https://registry.npmmirror.com/requires-port/-/requires-port-1.0.0.tgz 0ms (cache hit)
#12 481.6 npm http cache is-arguments@https://registry.npmmirror.com/is-arguments/-/is-arguments-1.2.0.tgz 0ms (cache hit)
#12 481.6 npm http cache querystringify@https://registry.npmmirror.com/querystringify/-/querystringify-2.2.0.tgz 0ms (cache hit)
#12 481.6 npm http cache which-boxed-primitive@https://registry.npmmirror.com/which-boxed-primitive/-/which-boxed-primitive-1.1.1.tgz 0ms (cache hit)
#12 481.6 npm http cache random-bytes@https://registry.npmmirror.com/random-bytes/-/random-bytes-1.0.0.tgz 0ms (cache hit)
#12 481.6 npm http cache which-builtin-type@https://registry.npmmirror.com/which-builtin-type/-/which-builtin-type-1.2.1.tgz 0ms (cache hit)
#12 481.6 npm http cache has-bigints@https://registry.npmmirror.com/has-bigints/-/has-bigints-1.1.0.tgz 0ms (cache hit)
#12 481.6 npm http cache reflect.getprototypeof@https://registry.npmmirror.com/reflect.getprototypeof/-/reflect.getprototypeof-1.0.10.tgz 0ms (cache hit)
#12 481.6 npm http cache for-each@https://registry.npmmirror.com/for-each/-/for-each-0.3.5.tgz 0ms (cache hit)
#12 481.6 npm http cache node-gyp-build@https://registry.npmmirror.com/node-gyp-build/-/node-gyp-build-4.8.4.tgz 0ms (cache hit)
#12 481.6 npm http cache typedarray.prototype.slice@https://registry.npmmirror.com/typedarray.prototype.slice/-/typedarray.prototype.slice-1.0.5.tgz 0ms (cache hit)
#12 481.6 npm http cache media-typer@https://registry.npmmirror.com/media-typer/-/media-typer-1.1.0.tgz 0ms (cache hit)
#12 481.6 npm http cache psl@https://registry.npmmirror.com/psl/-/psl-1.15.0.tgz 0ms (cache hit)
#12 481.6 npm http cache is-number@https://registry.npmmirror.com/is-number/-/is-number-7.0.0.tgz 0ms (cache hit)
#12 481.6 npm http cache string-template@https://registry.npmmirror.com/string-template/-/string-template-0.2.1.tgz 0ms (cache hit)
#12 481.6 npm http cache hexer@https://registry.npmmirror.com/hexer/-/hexer-1.5.0.tgz 0ms (cache hit)
#12 481.6 npm http cache ansi-color@https://registry.npmmirror.com/ansi-color/-/ansi-color-0.2.2.tgz 0ms (cache hit)
#12 481.6 npm http cache error@https://registry.npmmirror.com/error/-/error-7.0.2.tgz 0ms (cache hit)
#12 481.6 npm http cache bufrw@https://registry.npmmirror.com/bufrw/-/bufrw-1.4.0.tgz 0ms (cache hit)
#12 481.6 npm http cache bintrees@https://registry.npmmirror.com/bintrees/-/bintrees-1.0.2.tgz 0ms (cache hit)
#12 481.6 npm http cache fs-constants@https://registry.npmmirror.com/fs-constants/-/fs-constants-1.0.0.tgz 0ms (cache hit)
#12 481.6 npm http cache bl@https://registry.npmmirror.com/bl/-/bl-4.1.0.tgz 0ms (cache hit)
#12 481.6 npm http cache text-decoder@https://registry.npmmirror.com/text-decoder/-/text-decoder-1.2.7.tgz 0ms (cache hit)
#12 481.6 npm http cache events-universal@https://registry.npmmirror.com/events-universal/-/events-universal-1.0.1.tgz 0ms (cache hit)
#12 481.6 npm http cache teex@https://registry.npmmirror.com/teex/-/teex-1.0.1.tgz 0ms (cache hit)
#12 481.6 npm http cache streamx@https://registry.npmmirror.com/streamx/-/streamx-2.26.0.tgz 0ms (cache hit)
#12 481.6 npm http cache bare-os@https://registry.npmmirror.com/bare-os/-/bare-os-3.9.1.tgz 0ms (cache hit)
#12 481.6 npm http cache fast-fifo@https://registry.npmmirror.com/fast-fifo/-/fast-fifo-1.3.2.tgz 0ms (cache hit)
#12 481.6 npm http cache bare-url@https://registry.npmmirror.com/bare-url/-/bare-url-2.4.3.tgz 0ms (cache hit)
#12 481.6 npm http cache bare-stream@https://registry.npmmirror.com/bare-stream/-/bare-stream-2.13.1.tgz 0ms (cache hit)
#12 481.6 npm http cache bare-events@https://registry.npmmirror.com/bare-events/-/bare-events-2.9.1.tgz 0ms (cache hit)
#12 481.6 npm http cache bare-path@https://registry.npmmirror.com/bare-path/-/bare-path-3.0.1.tgz 0ms (cache hit)
#12 481.6 npm http cache bare-fs@https://registry.npmmirror.com/bare-fs/-/bare-fs-4.7.2.tgz 0ms (cache hit)
#12 481.6 npm http cache yallist@https://registry.npmmirror.com/yallist/-/yallist-4.0.0.tgz 0ms (cache hit)
#12 481.6 npm http cache minipass@https://registry.npmmirror.com/minipass/-/minipass-5.0.0.tgz 0ms (cache hit)
#12 481.6 npm http cache minizlib@https://registry.npmmirror.com/minizlib/-/minizlib-2.1.2.tgz 0ms (cache hit)
#12 481.6 npm http cache fs-minipass@https://registry.npmmirror.com/fs-minipass/-/fs-minipass-2.1.0.tgz 0ms (cache hit)
#12 481.6 npm http cache chownr@https://registry.npmmirror.com/chownr/-/chownr-2.0.0.tgz 0ms (cache hit)
#12 481.6 npm http cache lodash._shimkeys@https://registry.npmmirror.com/lodash._shimkeys/-/lodash._shimkeys-2.4.1.tgz 0ms (cache hit)
#12 481.6 npm http cache lodash._basecreate@https://registry.npmmirror.com/lodash._basecreate/-/lodash._basecreate-2.4.1.tgz 0ms (cache hit)
#12 481.6 npm http cache lodash.isfunction@https://registry.npmmirror.com/lodash.isfunction/-/lodash.isfunction-2.4.1.tgz 0ms (cache hit)
#12 481.6 npm http cache lodash._basecreatewrapper@https://registry.npmmirror.com/lodash._basecreatewrapper/-/lodash._basecreatewrapper-2.4.1.tgz 0ms (cache hit)
#12 481.6 npm http cache lodash._basebind@https://registry.npmmirror.com/lodash._basebind/-/lodash._basebind-2.4.1.tgz 0ms (cache hit)
#12 481.6 npm http cache lodash._createwrapper@https://registry.npmmirror.com/lodash._createwrapper/-/lodash._createwrapper-2.4.1.tgz 0ms (cache hit)
#12 481.6 npm http cache lodash.keys@https://registry.npmmirror.com/lodash.keys/-/lodash.keys-2.4.1.tgz 0ms (cache hit)
#12 481.6 npm http cache lodash._objecttypes@https://registry.npmmirror.com/lodash._objecttypes/-/lodash._objecttypes-2.4.1.tgz 0ms (cache hit)
#12 481.6 npm http cache lodash.noop@https://registry.npmmirror.com/lodash.noop/-/lodash.noop-2.4.1.tgz 0ms (cache hit)
#12 481.6 npm http cache lodash._isnative@https://registry.npmmirror.com/lodash._isnative/-/lodash._isnative-2.4.1.tgz 0ms (cache hit)
#12 481.6 npm http cache lodash._maxpoolsize@https://registry.npmmirror.com/lodash._maxpoolsize/-/lodash._maxpoolsize-2.4.1.tgz 0ms (cache hit)
#12 481.6 npm http cache lodash._arraypool@https://registry.npmmirror.com/lodash._arraypool/-/lodash._arraypool-2.4.1.tgz 0ms (cache hit)
#12 481.6 npm http cache lodash.identity@https://registry.npmmirror.com/lodash.identity/-/lodash.identity-2.4.1.tgz 0ms (cache hit)
#12 481.6 npm http cache lodash.support@https://registry.npmmirror.com/lodash.support/-/lodash.support-2.4.1.tgz 0ms (cache hit)
#12 481.6 npm http cache lodash.bind@https://registry.npmmirror.com/lodash.bind/-/lodash.bind-2.4.1.tgz 0ms (cache hit)
#12 481.6 npm http cache lodash._setbinddata@https://registry.npmmirror.com/lodash._setbinddata/-/lodash._setbinddata-2.4.1.tgz 0ms (cache hit)
#12 481.6 npm http cache lodash.isobject@https://registry.npmmirror.com/lodash.isobject/-/lodash.isobject-2.4.1.tgz 0ms (cache hit)
#12 481.6 npm http cache lodash.forown@https://registry.npmmirror.com/lodash.forown/-/lodash.forown-2.4.1.tgz 0ms (cache hit)
#12 481.6 npm http cache lodash.isarray@https://registry.npmmirror.com/lodash.isarray/-/lodash.isarray-2.4.1.tgz 0ms (cache hit)
#12 481.6 npm http cache lodash.foreach@https://registry.npmmirror.com/lodash.foreach/-/lodash.foreach-2.4.1.tgz 0ms (cache hit)
#12 481.6 npm http cache lodash.assign@https://registry.npmmirror.com/lodash.assign/-/lodash.assign-2.4.1.tgz 0ms (cache hit)
#12 481.6 npm http cache lodash._releasearray@https://registry.npmmirror.com/lodash._releasearray/-/lodash._releasearray-2.4.1.tgz 0ms (cache hit)
#12 481.6 npm http cache lodash._slice@https://registry.npmmirror.com/lodash._slice/-/lodash._slice-2.4.1.tgz 0ms (cache hit)
#12 481.6 npm http cache lodash._getarray@https://registry.npmmirror.com/lodash._getarray/-/lodash._getarray-2.4.1.tgz 0ms (cache hit)
#12 481.6 npm http cache lodash._basecreatecallback@https://registry.npmmirror.com/lodash._basecreatecallback/-/lodash._basecreatecallback-2.4.1.tgz 0ms (cache hit)
#12 481.6 npm http cache lodash._baseclone@https://registry.npmmirror.com/lodash._baseclone/-/lodash._baseclone-2.4.1.tgz 0ms (cache hit)
#12 481.6 npm http cache formidable@https://registry.npmmirror.com/formidable/-/formidable-1.2.6.tgz 0ms (cache hit)
#12 481.6 npm http cache lodash.clonedeep@https://registry.npmmirror.com/lodash.clonedeep/-/lodash.clonedeep-2.4.1.tgz 0ms (cache hit)
#12 481.6 npm http cache cookiejar@https://registry.npmmirror.com/cookiejar/-/cookiejar-2.1.4.tgz 0ms (cache hit)
#12 481.6 npm http cache component-emitter@https://registry.npmmirror.com/component-emitter/-/component-emitter-1.3.1.tgz 0ms (cache hit)
#12 481.6 npm http cache uri-js@https://registry.npmmirror.com/uri-js/-/uri-js-4.4.1.tgz 0ms (cache hit)
#12 481.6 npm http cache path-loader@https://registry.npmmirror.com/path-loader/-/path-loader-1.0.12.tgz 0ms (cache hit)
#12 481.6 npm http cache native-promise-only@https://registry.npmmirror.com/native-promise-only/-/native-promise-only-0.8.1.tgz 0ms (cache hit)
#12 481.6 npm http cache graphlib@https://registry.npmmirror.com/graphlib/-/graphlib-2.1.8.tgz 0ms (cache hit)
#12 481.6 npm http cache z-schema@https://registry.npmmirror.com/z-schema/-/z-schema-3.25.1.tgz 0ms (cache hit)
#12 481.6 npm http cache traverse@https://registry.npmmirror.com/traverse/-/traverse-0.6.11.tgz 0ms (cache hit)
#12 481.6 npm http cache swagger-converter@https://registry.npmmirror.com/swagger-converter/-/swagger-converter-0.1.7.tgz 1ms (cache hit)
#12 481.6 npm http cache superagent@https://registry.npmmirror.com/superagent/-/superagent-3.8.3.tgz 0ms (cache hit)
#12 481.6 npm http cache spark-md5@https://registry.npmmirror.com/spark-md5/-/spark-md5-3.0.2.tgz 0ms (cache hit)
#12 481.6 npm http cache json-refs@https://registry.npmmirror.com/json-refs/-/json-refs-3.0.15.tgz 0ms (cache hit)
#12 481.6 npm http cache has-flag@https://registry.npmmirror.com/has-flag/-/has-flag-4.0.0.tgz 0ms (cache hit)
#12 481.6 npm http cache @babel/runtime-corejs3@https://registry.npmmirror.com/@babel/runtime-corejs3/-/runtime-corejs3-7.29.7.tgz 0ms (cache hit)
#12 481.6 npm http cache stubs@https://registry.npmmirror.com/stubs/-/stubs-3.0.0.tgz 0ms (cache hit)
#12 481.6 npm http cache jsbn@https://registry.npmmirror.com/jsbn/-/jsbn-0.1.1.tgz 0ms (cache hit)
#12 481.6 npm http cache getpass@https://registry.npmmirror.com/getpass/-/getpass-0.1.7.tgz 0ms (cache hit)
#12 481.6 npm http cache ecc-jsbn@https://registry.npmmirror.com/ecc-jsbn/-/ecc-jsbn-0.1.2.tgz 0ms (cache hit)
#12 481.6 npm http cache buildcheck@https://registry.npmmirror.com/buildcheck/-/buildcheck-0.0.7.tgz 0ms (cache hit)
#12 481.6 npm http cache tweetnacl@https://registry.npmmirror.com/tweetnacl/-/tweetnacl-0.14.5.tgz 0ms (cache hit)
#12 481.6 npm http cache cpu-features@https://registry.npmmirror.com/cpu-features/-/cpu-features-0.0.10.tgz 0ms (cache hit)
#12 481.6 npm http cache bcrypt-pbkdf@https://registry.npmmirror.com/bcrypt-pbkdf/-/bcrypt-pbkdf-1.0.2.tgz 0ms (cache hit)
#12 481.6 npm http cache memory-pager@https://registry.npmmirror.com/memory-pager/-/memory-pager-1.5.0.tgz 0ms (cache hit)
#12 481.6 npm http cache xmlhttprequest@https://registry.npmmirror.com/xmlhttprequest/-/xmlhttprequest-1.8.0.tgz 1ms (cache hit)
#12 481.6 npm http cache redis@https://registry.npmmirror.com/redis/-/redis-0.7.3.tgz 0ms (cache hit)
#12 481.6 npm http cache policyfile@https://registry.npmmirror.com/policyfile/-/policyfile-0.0.4.tgz 0ms (cache hit)
#12 481.6 npm http cache is-fullwidth-code-point@https://registry.npmmirror.com/is-fullwidth-code-point/-/is-fullwidth-code-point-3.0.0.tgz 0ms (cache hit)
#12 481.6 npm http cache side-channel-weakmap@https://registry.npmmirror.com/side-channel-weakmap/-/side-channel-weakmap-1.0.2.tgz 0ms (cache hit)
#12 481.6 npm http cache side-channel-list@https://registry.npmmirror.com/side-channel-list/-/side-channel-list-1.0.1.tgz 0ms (cache hit)
#12 481.6 npm http cache side-channel-map@https://registry.npmmirror.com/side-channel-map/-/side-channel-map-1.0.1.tgz 0ms (cache hit)
#12 481.6 npm http cache shebang-regex@https://registry.npmmirror.com/shebang-regex/-/shebang-regex-3.0.0.tgz 0ms (cache hit)
#12 481.6 npm http cache parse-srcset@https://registry.npmmirror.com/parse-srcset/-/parse-srcset-1.0.2.tgz 0ms (cache hit)
#12 481.6 npm http cache supports-preserve-symlinks-flag@https://registry.npmmirror.com/supports-preserve-symlinks-flag/-/supports-preserve-symlinks-flag-1.0.0.tgz 0ms (cache hit)
#12 481.6 npm http cache path-parse@https://registry.npmmirror.com/path-parse/-/path-parse-1.0.7.tgz 0ms (cache hit)
#12 481.6 npm http cache launder@https://registry.npmmirror.com/launder/-/launder-1.7.1.tgz 0ms (cache hit)
#12 481.6 npm http cache har-schema@https://registry.npmmirror.com/har-schema/-/har-schema-2.0.0.tgz 1ms (cache hit)
#12 481.6 npm http cache oauth-sign@https://registry.npmmirror.com/oauth-sign/-/oauth-sign-0.9.0.tgz 0ms (cache hit)
#12 481.6 npm http cache har-validator@https://registry.npmmirror.com/har-validator/-/har-validator-5.1.5.tgz 0ms (cache hit)
#12 481.6 npm http cache string_decoder@https://registry.npmmirror.com/string_decoder/-/string_decoder-1.3.0.tgz 0ms (cache hit)
#12 481.6 npm http cache scheduler@https://registry.npmmirror.com/scheduler/-/scheduler-0.23.2.tgz 0ms (cache hit)
#12 481.6 npm http cache token-stream@https://registry.npmmirror.com/token-stream/-/token-stream-1.0.0.tgz 0ms (cache hit)
#12 481.6 npm http cache is-expression@https://registry.npmmirror.com/is-expression/-/is-expression-4.0.0.tgz 0ms (cache hit)
#12 481.6 npm http cache character-parser@https://registry.npmmirror.com/character-parser/-/character-parser-2.2.0.tgz 0ms (cache hit)
#12 481.6 npm http cache asap@https://registry.npmmirror.com/asap/-/asap-2.0.6.tgz 0ms (cache hit)
#12 481.6 npm http cache promise@https://registry.npmmirror.com/promise/-/promise-7.3.1.tgz 0ms (cache hit)
#12 481.6 npm http cache is-promise@https://registry.npmmirror.com/is-promise/-/is-promise-2.2.2.tgz 0ms (cache hit)
#12 481.6 npm http cache pug-walk@https://registry.npmmirror.com/pug-walk/-/pug-walk-2.0.0.tgz 0ms (cache hit)
#12 481.6 npm http cache jstransformer@https://registry.npmmirror.com/jstransformer/-/jstransformer-1.0.0.tgz 0ms (cache hit)
#12 481.6 npm http cache with@https://registry.npmmirror.com/with/-/with-7.0.2.tgz 0ms (cache hit)
#12 481.6 npm http cache void-elements@https://registry.npmmirror.com/void-elements/-/void-elements-3.1.0.tgz 0ms (cache hit)
#12 481.6 npm http cache pug-error@https://registry.npmmirror.com/pug-error/-/pug-error-2.1.0.tgz 0ms (cache hit)
#12 481.6 npm http cache pug-attrs@https://registry.npmmirror.com/pug-attrs/-/pug-attrs-3.0.0.tgz 0ms (cache hit)
#12 481.6 npm http cache js-stringify@https://registry.npmmirror.com/js-stringify/-/js-stringify-1.0.2.tgz 0ms (cache hit)
#12 481.6 npm http cache doctypes@https://registry.npmmirror.com/doctypes/-/doctypes-1.1.0.tgz 0ms (cache hit)
#12 481.6 npm http cache constantinople@https://registry.npmmirror.com/constantinople/-/constantinople-4.0.1.tgz 1ms (cache hit)
#12 481.6 npm http cache pug-strip-comments@https://registry.npmmirror.com/pug-strip-comments/-/pug-strip-comments-2.0.0.tgz 0ms (cache hit)
#12 481.6 npm http cache pug-parser@https://registry.npmmirror.com/pug-parser/-/pug-parser-6.0.0.tgz 0ms (cache hit)
#12 481.6 npm http cache pug-load@https://registry.npmmirror.com/pug-load/-/pug-load-3.0.0.tgz 0ms (cache hit)
#12 481.6 npm http cache pug-linker@https://registry.npmmirror.com/pug-linker/-/pug-linker-4.0.0.tgz 0ms (cache hit)
#12 481.6 npm http cache pug-lexer@https://registry.npmmirror.com/pug-lexer/-/pug-lexer-5.0.1.tgz 0ms (cache hit)
#12 481.6 npm http cache pug-filters@https://registry.npmmirror.com/pug-filters/-/pug-filters-4.0.0.tgz 0ms (cache hit)
#12 481.6 npm http cache pug-code-gen@https://registry.npmmirror.com/pug-code-gen/-/pug-code-gen-3.0.4.tgz 0ms (cache hit)
#12 481.6 npm http cache ipaddr.js@https://registry.npmmirror.com/ipaddr.js/-/ipaddr.js-1.9.1.tgz 0ms (cache hit)
#12 481.6 npm http cache forwarded@https://registry.npmmirror.com/forwarded/-/forwarded-0.2.0.tgz 0ms (cache hit)
#12 481.6 npm http cache @protobufjs/utf8@https://registry.npmmirror.com/@protobufjs/utf8/-/utf8-1.1.1.tgz 1ms (cache hit)
#12 481.6 npm http cache @protobufjs/pool@https://registry.npmmirror.com/@protobufjs/pool/-/pool-1.1.0.tgz 0ms (cache hit)
#12 481.6 npm http cache @protobufjs/path@https://registry.npmmirror.com/@protobufjs/path/-/path-1.1.2.tgz 0ms (cache hit)
#12 481.6 npm http cache @protobufjs/inquire@https://registry.npmmirror.com/@protobufjs/inquire/-/inquire-1.1.2.tgz 0ms (cache hit)
#12 481.6 npm http cache @protobufjs/float@https://registry.npmmirror.com/@protobufjs/float/-/float-1.0.2.tgz 0ms (cache hit)
#12 481.6 npm http cache @protobufjs/eventemitter@https://registry.npmmirror.com/@protobufjs/eventemitter/-/eventemitter-1.1.1.tgz 0ms (cache hit)
#12 481.6 npm http cache @protobufjs/fetch@https://registry.npmmirror.com/@protobufjs/fetch/-/fetch-1.1.1.tgz 0ms (cache hit)
#12 481.6 npm http cache @protobufjs/codegen@https://registry.npmmirror.com/@protobufjs/codegen/-/codegen-2.0.5.tgz 0ms (cache hit)
#12 481.6 npm http cache @protobufjs/base64@https://registry.npmmirror.com/@protobufjs/base64/-/base64-1.1.2.tgz 0ms (cache hit)
#12 481.6 npm http cache loose-envify@https://registry.npmmirror.com/loose-envify/-/loose-envify-1.4.0.tgz 0ms (cache hit)
#12 481.6 npm http cache @protobufjs/aspromise@https://registry.npmmirror.com/@protobufjs/aspromise/-/aspromise-1.1.2.tgz 0ms (cache hit)
#12 481.6 npm http cache tdigest@https://registry.npmmirror.com/tdigest/-/tdigest-0.1.2.tgz 0ms (cache hit)
#12 481.6 npm http cache ansi-regex@https://registry.npmmirror.com/ansi-regex/-/ansi-regex-5.0.1.tgz 0ms (cache hit)
#12 481.6 npm http cache xtend@https://registry.npmmirror.com/xtend/-/xtend-4.0.2.tgz 0ms (cache hit)
#12 481.6 npm http cache pinkie@https://registry.npmmirror.com/pinkie/-/pinkie-2.0.4.tgz 0ms (cache hit)
#12 481.6 npm http cache source-map-js@https://registry.npmmirror.com/source-map-js/-/source-map-js-1.2.1.tgz 0ms (cache hit)
#12 481.6 npm http cache split2@https://registry.npmmirror.com/split2/-/split2-4.2.0.tgz 0ms (cache hit)
#12 481.6 npm http cache postgres-interval@https://registry.npmmirror.com/postgres-interval/-/postgres-interval-1.2.0.tgz 0ms (cache hit)
#12 481.6 npm http cache postgres-date@https://registry.npmmirror.com/postgres-date/-/postgres-date-1.0.7.tgz 0ms (cache hit)
#12 481.6 npm http cache postgres-bytea@https://registry.npmmirror.com/postgres-bytea/-/postgres-bytea-1.0.1.tgz 0ms (cache hit)
#12 481.6 npm http cache postgres-array@https://registry.npmmirror.com/postgres-array/-/postgres-array-2.0.0.tgz 0ms (cache hit)
#12 481.6 npm http cache pg-int8@https://registry.npmmirror.com/pg-int8/-/pg-int8-1.0.1.tgz 0ms (cache hit)
#12 481.6 npm http cache pg-cursor@https://registry.npmmirror.com/pg-cursor/-/pg-cursor-2.20.0.tgz 0ms (cache hit)
#12 481.6 npm http cache pgpass@https://registry.npmmirror.com/pgpass/-/pgpass-1.0.5.tgz 0ms (cache hit)
#12 481.6 npm http cache pg-pool@https://registry.npmmirror.com/pg-pool/-/pg-pool-3.14.0.tgz 0ms (cache hit)
#12 481.6 npm http cache pg-cloudflare@https://registry.npmmirror.com/pg-cloudflare/-/pg-cloudflare-1.4.0.tgz 0ms (cache hit)
#12 481.6 npm http cache jsonify@https://registry.npmmirror.com/jsonify/-/jsonify-0.0.1.tgz 0ms (cache hit)
#12 481.6 npm http cache klaw-sync@https://registry.npmmirror.com/klaw-sync/-/klaw-sync-6.0.0.tgz 0ms (cache hit)
#12 481.6 npm http cache json-stable-stringify@https://registry.npmmirror.com/json-stable-stringify/-/json-stable-stringify-1.3.0.tgz 0ms (cache hit)
#12 481.6 npm http cache find-yarn-workspace-root@https://registry.npmmirror.com/find-yarn-workspace-root/-/find-yarn-workspace-root-2.0.0.tgz 0ms (cache hit)
#12 481.6 npm http cache @yarnpkg/lockfile@https://registry.npmmirror.com/@yarnpkg/lockfile/-/lockfile-1.1.0.tgz 0ms (cache hit)
#12 481.6 npm http cache uid2@https://registry.npmmirror.com/uid2/-/uid2-0.0.4.tgz 0ms (cache hit)
#12 481.6 npm http cache oauth@https://registry.npmmirror.com/oauth/-/oauth-0.10.2.tgz 0ms (cache hit)
#12 481.6 npm http cache base64url@https://registry.npmmirror.com/base64url/-/base64url-3.0.1.tgz 0ms (cache hit)
#12 481.6 npm http cache precond@https://registry.npmmirror.com/precond/-/precond-0.2.3.tgz 0ms (cache hit)
#12 481.6 npm http cache vasync@https://registry.npmmirror.com/vasync/-/vasync-1.6.4.tgz 0ms (cache hit)
#12 481.6 npm http cache dashdash@https://registry.npmmirror.com/dashdash/-/dashdash-1.14.1.tgz 0ms (cache hit)
#12 481.6 npm http cache ldap-filter@https://registry.npmmirror.com/ldap-filter/-/ldap-filter-0.2.2.tgz 0ms (cache hit)
#12 481.6 npm http cache backoff@https://registry.npmmirror.com/backoff/-/backoff-2.5.0.tgz 0ms (cache hit)
#12 481.6 npm http cache asn1@https://registry.npmmirror.com/asn1/-/asn1-0.2.3.tgz 0ms (cache hit)
#12 481.6 npm http cache ldapjs@https://registry.npmmirror.com/ldapjs/-/ldapjs-1.0.2.tgz 0ms (cache hit)
#12 481.6 npm http cache bcryptjs@https://registry.npmmirror.com/bcryptjs/-/bcryptjs-2.4.3.tgz 0ms (cache hit)
#12 481.6 npm http cache @types/ldapjs@https://registry.npmmirror.com/@types/ldapjs/-/ldapjs-1.0.11.tgz 0ms (cache hit)
#12 481.6 npm http cache ldapauth-fork@https://registry.npmmirror.com/ldapauth-fork/-/ldapauth-fork-4.3.3.tgz 0ms (cache hit)
#12 481.6 npm http cache pause@https://registry.npmmirror.com/pause/-/pause-0.0.1.tgz 0ms (cache hit)
#12 481.6 npm http cache p-finally@https://registry.npmmirror.com/p-finally/-/p-finally-1.0.0.tgz 0ms (cache hit)
#12 481.6 npm http cache eventemitter3@https://registry.npmmirror.com/eventemitter3/-/eventemitter3-5.0.4.tgz 0ms (cache hit)
#12 481.6 npm http cache clean-stack@https://registry.npmmirror.com/clean-stack/-/clean-stack-2.2.0.tgz 0ms (cache hit)
#12 481.6 npm http cache aggregate-error@https://registry.npmmirror.com/aggregate-error/-/aggregate-error-3.1.0.tgz 0ms (cache hit)
#12 481.6 npm http cache p-try@https://registry.npmmirror.com/p-try/-/p-try-2.2.0.tgz 0ms (cache hit)
#12 481.6 npm http cache thirty-two@https://registry.npmmirror.com/thirty-two/-/thirty-two-1.0.2.tgz 0ms (cache hit)
#12 481.6 npm http cache @otplib/plugin-crypto@https://registry.npmmirror.com/@otplib/plugin-crypto/-/plugin-crypto-12.0.1.tgz 0ms (cache hit)
#12 481.6 npm http cache @otplib/plugin-thirty-two@https://registry.npmmirror.com/@otplib/plugin-thirty-two/-/plugin-thirty-two-12.0.1.tgz 0ms (cache hit)
#12 481.6 npm http cache @otplib/preset-default@https://registry.npmmirror.com/@otplib/preset-default/-/preset-default-12.0.1.tgz 0ms (cache hit)
#12 481.6 npm http cache @otplib/preset-v11@https://registry.npmmirror.com/@otplib/preset-v11/-/preset-v11-12.0.1.tgz 0ms (cache hit)
#12 481.6 npm http cache is-wsl@https://registry.npmmirror.com/is-wsl/-/is-wsl-2.2.0.tgz 0ms (cache hit)
#12 481.6 npm http cache is-docker@https://registry.npmmirror.com/is-docker/-/is-docker-2.2.1.tgz 0ms (cache hit)
#12 481.6 npm http cache @otplib/core@https://registry.npmmirror.com/@otplib/core/-/core-12.0.1.tgz 0ms (cache hit)
#12 481.6 npm http cache ee-first@https://registry.npmmirror.com/ee-first/-/ee-first-1.1.1.tgz 0ms (cache hit)
#12 481.6 npm http cache wide-align@https://registry.npmmirror.com/wide-align/-/wide-align-1.1.5.tgz 0ms (cache hit)
#12 481.6 npm http cache has-unicode@https://registry.npmmirror.com/has-unicode/-/has-unicode-2.0.1.tgz 0ms (cache hit)
#12 481.6 npm http cache color-support@https://registry.npmmirror.com/color-support/-/color-support-1.1.3.tgz 1ms (cache hit)
#12 481.6 npm http cache aproba@https://registry.npmmirror.com/aproba/-/aproba-2.1.0.tgz 0ms (cache hit)
#12 481.6 npm http cache delegates@https://registry.npmmirror.com/delegates/-/delegates-1.0.0.tgz 0ms (cache hit)
#12 481.6 npm http cache set-blocking@https://registry.npmmirror.com/set-blocking/-/set-blocking-2.0.0.tgz 0ms (cache hit)
#12 481.6 npm http cache gauge@https://registry.npmmirror.com/gauge/-/gauge-3.0.2.tgz 0ms (cache hit)
#12 481.6 npm http cache console-control-strings@https://registry.npmmirror.com/console-control-strings/-/console-control-strings-1.1.0.tgz 0ms (cache hit)
#12 481.6 npm http cache are-we-there-yet@https://registry.npmmirror.com/are-we-there-yet/-/are-we-there-yet-2.0.0.tgz 0ms (cache hit)
#12 481.6 npm http cache abbrev@https://registry.npmmirror.com/abbrev/-/abbrev-1.1.1.tgz 0ms (cache hit)
#12 481.6 npm http cache ncp@https://registry.npmmirror.com/ncp/-/ncp-2.0.0.tgz 0ms (cache hit)
#12 481.6 npm http cache mkdirp@https://registry.npmmirror.com/mkdirp/-/mkdirp-0.5.6.tgz 0ms (cache hit)
#12 481.6 npm http cache buffer-from@https://registry.npmmirror.com/buffer-from/-/buffer-from-1.1.2.tgz 0ms (cache hit)
#12 481.6 npm http cache streamsearch@https://registry.npmmirror.com/streamsearch/-/streamsearch-1.1.0.tgz 0ms (cache hit)
#12 481.6 npm http cache typedarray@https://registry.npmmirror.com/typedarray/-/typedarray-0.0.6.tgz 0ms (cache hit)
#12 481.6 npm http cache concat-stream@https://registry.npmmirror.com/concat-stream/-/concat-stream-2.0.0.tgz 0ms (cache hit)
#12 481.6 npm http cache append-field@https://registry.npmmirror.com/append-field/-/append-field-1.0.0.tgz 0ms (cache hit)
#12 481.6 npm http cache busboy@https://registry.npmmirror.com/busboy/-/busboy-1.6.0.tgz 1ms (cache hit)
#12 481.6 npm http cache sift@https://registry.npmmirror.com/sift/-/sift-17.1.3.tgz 0ms (cache hit)
#12 481.6 npm http cache mquery@https://registry.npmmirror.com/mquery/-/mquery-5.0.0.tgz 0ms (cache hit)
#12 481.6 npm http cache mpath@https://registry.npmmirror.com/mpath/-/mpath-0.9.0.tgz 0ms (cache hit)
#12 481.6 npm http cache kareem@https://registry.npmmirror.com/kareem/-/kareem-2.6.3.tgz 0ms (cache hit)
#12 481.6 npm http cache @types/webidl-conversions@https://registry.npmmirror.com/@types/webidl-conversions/-/webidl-conversions-7.0.3.tgz 0ms (cache hit)
#12 481.6 npm http cache @types/whatwg-url@https://registry.npmmirror.com/@types/whatwg-url/-/whatwg-url-11.0.5.tgz 0ms (cache hit)
#12 481.6 npm http cache sparse-bitfield@https://registry.npmmirror.com/sparse-bitfield/-/sparse-bitfield-3.0.3.tgz 0ms (cache hit)
#12 481.6 npm http cache mongodb-connection-string-url@https://registry.npmmirror.com/mongodb-connection-string-url/-/mongodb-connection-string-url-3.0.2.tgz 0ms (cache hit)
#12 481.6 npm http cache bson@https://registry.npmmirror.com/bson/-/bson-6.10.4.tgz 0ms (cache hit)
#12 481.6 npm http cache gcp-metadata@https://registry.npmmirror.com/gcp-metadata/-/gcp-metadata-5.3.0.tgz 0ms (cache hit)
#12 481.6 npm http cache balanced-match@https://registry.npmmirror.com/balanced-match/-/balanced-match-1.0.2.tgz 0ms (cache hit)
#12 481.6 npm http cache @mongodb-js/saslprep@https://registry.npmmirror.com/@mongodb-js/saslprep/-/saslprep-1.4.11.tgz 0ms (cache hit)
#12 481.6 npm http cache wrap-ansi@https://registry.npmmirror.com/wrap-ansi/-/wrap-ansi-7.0.0.tgz 0ms (cache hit)
#12 481.6 npm http cache brace-expansion@https://registry.npmmirror.com/brace-expansion/-/brace-expansion-2.1.1.tgz 0ms (cache hit)
#12 481.6 npm http cache tarn@https://registry.npmmirror.com/tarn/-/tarn-3.0.2.tgz 0ms (cache hit)
#12 481.6 npm http cache rechoir@https://registry.npmmirror.com/rechoir/-/rechoir-0.8.0.tgz 0ms (cache hit)
#12 481.6 npm http cache pg-connection-string@https://registry.npmmirror.com/pg-connection-string/-/pg-connection-string-2.6.1.tgz 0ms (cache hit)
#12 481.6 npm http cache tildify@https://registry.npmmirror.com/tildify/-/tildify-2.0.0.tgz 0ms (cache hit)
#12 481.6 npm http cache interpret@https://registry.npmmirror.com/interpret/-/interpret-2.2.0.tgz 0ms (cache hit)
#12 481.6 npm http cache getopts@https://registry.npmmirror.com/getopts/-/getopts-2.3.0.tgz 0ms (cache hit)
#12 481.6 npm http cache get-package-type@https://registry.npmmirror.com/get-package-type/-/get-package-type-0.1.0.tgz 0ms (cache hit)
#12 481.6 npm http cache escalade@https://registry.npmmirror.com/escalade/-/escalade-3.2.0.tgz 0ms (cache hit)
#12 481.6 npm http cache esm@https://registry.npmmirror.com/esm/-/esm-3.2.25.tgz 0ms (cache hit)
#12 481.6 npm http cache colorette@https://registry.npmmirror.com/colorette/-/colorette-2.0.19.tgz 0ms (cache hit)
#12 481.6 npm http cache buffer-equal-constant-time@https://registry.npmmirror.com/buffer-equal-constant-time/-/buffer-equal-constant-time-1.0.1.tgz 0ms (cache hit)
#12 481.6 npm http cache jwa@https://registry.npmmirror.com/jwa/-/jwa-2.0.1.tgz 0ms (cache hit)
#12 481.6 npm http cache json-schema@https://registry.npmmirror.com/json-schema/-/json-schema-0.4.0.tgz 0ms (cache hit)
#12 481.6 npm http cache extsprintf@https://registry.npmmirror.com/extsprintf/-/extsprintf-1.3.0.tgz 0ms (cache hit)
#12 481.6 npm http cache verror@https://registry.npmmirror.com/verror/-/verror-1.10.0.tgz 0ms (cache hit)
#12 481.6 npm http cache lodash.isstring@https://registry.npmmirror.com/lodash.isstring/-/lodash.isstring-4.0.1.tgz 0ms (cache hit)
#12 481.6 npm http cache lodash.isnumber@https://registry.npmmirror.com/lodash.isnumber/-/lodash.isnumber-3.0.3.tgz 0ms (cache hit)
#12 481.6 npm http cache lodash.isinteger@https://registry.npmmirror.com/lodash.isinteger/-/lodash.isinteger-4.0.4.tgz 0ms (cache hit)
#12 481.6 npm http cache jsonparse@https://registry.npmmirror.com/jsonparse/-/jsonparse-1.3.1.tgz 0ms (cache hit)
#12 481.6 npm http cache lodash.includes@https://registry.npmmirror.com/lodash.includes/-/lodash.includes-4.3.0.tgz 0ms (cache hit)
#12 481.6 npm http cache lodash.isboolean@https://registry.npmmirror.com/lodash.isboolean/-/lodash.isboolean-3.0.3.tgz 0ms (cache hit)
#12 481.6 npm http cache bignumber.js@https://registry.npmmirror.com/bignumber.js/-/bignumber.js-9.3.1.tgz 0ms (cache hit)
#12 481.6 npm http cache @tootallnate/once@https://registry.npmmirror.com/@tootallnate/once/-/once-2.0.1.tgz 0ms (cache hit)
#12 481.6 npm http cache webidl-conversions@https://registry.npmmirror.com/webidl-conversions/-/webidl-conversions-7.0.0.tgz 0ms (cache hit)
#12 481.6 npm http cache http-proxy-agent@https://registry.npmmirror.com/http-proxy-agent/-/http-proxy-agent-5.0.0.tgz 0ms (cache hit)
#12 481.6 npm http cache argparse@https://registry.npmmirror.com/argparse/-/argparse-2.0.1.tgz 0ms (cache hit)
#12 481.6 npm http cache @sideway/pinpoint@https://registry.npmmirror.com/@sideway/pinpoint/-/pinpoint-2.0.0.tgz 0ms (cache hit)
#12 481.6 npm http cache @sideway/formula@https://registry.npmmirror.com/@sideway/formula/-/formula-3.0.1.tgz 0ms (cache hit)
#12 481.6 npm http cache @sideway/address@https://registry.npmmirror.com/@sideway/address/-/address-4.1.5.tgz 0ms (cache hit)
#12 481.6 npm http cache filelist@https://registry.npmmirror.com/filelist/-/filelist-1.0.6.tgz 1ms (cache hit)
#12 481.6 npm http cache xorshift@https://registry.npmmirror.com/xorshift/-/xorshift-1.2.0.tgz 0ms (cache hit)
#12 481.6 npm http cache thriftrw@https://registry.npmmirror.com/thriftrw/-/thriftrw-3.11.4.tgz 0ms (cache hit)
#12 481.6 npm http cache opentracing@https://registry.npmmirror.com/opentracing/-/opentracing-0.14.7.tgz 0ms (cache hit)
#12 481.6 npm http cache node-int64@https://registry.npmmirror.com/node-int64/-/node-int64-0.4.0.tgz 0ms (cache hit)
#12 481.6 npm http cache set-function-name@https://registry.npmmirror.com/set-function-name/-/set-function-name-2.0.2.tgz 0ms (cache hit)
#12 481.6 npm http cache standard-as-callback@https://registry.npmmirror.com/standard-as-callback/-/standard-as-callback-2.1.0.tgz 0ms (cache hit)
#12 481.6 npm http cache redis-parser@https://registry.npmmirror.com/redis-parser/-/redis-parser-3.0.0.tgz 0ms (cache hit)
#12 481.6 npm http cache redis-errors@https://registry.npmmirror.com/redis-errors/-/redis-errors-1.2.0.tgz 0ms (cache hit)
#12 481.6 npm http cache redis-commands@https://registry.npmmirror.com/redis-commands/-/redis-commands-1.7.0.tgz 0ms (cache hit)
#12 481.6 npm http cache lodash.isarguments@https://registry.npmmirror.com/lodash.isarguments/-/lodash.isarguments-3.1.0.tgz 0ms (cache hit)
#12 481.6 npm http cache denque@https://registry.npmmirror.com/denque/-/denque-1.5.1.tgz 0ms (cache hit)
#12 481.6 npm http cache side-channel@https://registry.npmmirror.com/side-channel/-/side-channel-1.1.0.tgz 0ms (cache hit)
#12 481.6 npm http cache wrappy@https://registry.npmmirror.com/wrappy/-/wrappy-1.0.2.tgz 0ms (cache hit)
#12 481.6 npm http cache module-details-from-path@https://registry.npmmirror.com/module-details-from-path/-/module-details-from-path-1.0.4.tgz 0ms (cache hit)
#12 481.6 npm http cache safer-buffer@https://registry.npmmirror.com/safer-buffer/-/safer-buffer-2.1.2.tgz 1ms (cache hit)
#12 481.6 npm http cache agent-base@https://registry.npmmirror.com/agent-base/-/agent-base-7.1.4.tgz 0ms (cache hit)
#12 481.6 npm http cache sshpk@https://registry.npmmirror.com/sshpk/-/sshpk-1.18.0.tgz 0ms (cache hit)
#12 481.6 npm http cache toidentifier@https://registry.npmmirror.com/toidentifier/-/toidentifier-1.0.1.tgz 0ms (cache hit)
#12 481.6 npm http cache assert-plus@https://registry.npmmirror.com/assert-plus/-/assert-plus-1.0.0.tgz 0ms (cache hit)
#12 481.6 npm http cache node-forge@https://registry.npmmirror.com/node-forge/-/node-forge-1.4.0.tgz 0ms (cache hit)
#12 481.6 npm http cache google-p12-pem@https://registry.npmmirror.com/google-p12-pem/-/google-p12-pem-4.0.1.tgz 0ms (cache hit)
#12 481.6 npm http cache jws@https://registry.npmmirror.com/jws/-/jws-4.0.1.tgz 0ms (cache hit)
#12 481.6 npm http cache gtoken@https://registry.npmmirror.com/gtoken/-/gtoken-6.1.2.tgz 0ms (cache hit)
#12 481.6 npm http cache fast-text-encoding@https://registry.npmmirror.com/fast-text-encoding/-/fast-text-encoding-1.0.6.tgz 0ms (cache hit)
#12 481.6 npm http cache ecdsa-sig-formatter@https://registry.npmmirror.com/ecdsa-sig-formatter/-/ecdsa-sig-formatter-1.0.11.tgz 1ms (cache hit)
#12 481.6 npm http cache array-uniq@https://registry.npmmirror.com/array-uniq/-/array-uniq-1.0.3.tgz 0ms (cache hit)
#12 481.6 npm http cache pinkie-promise@https://registry.npmmirror.com/pinkie-promise/-/pinkie-promise-2.0.1.tgz 0ms (cache hit)
#12 481.6 npm http cache array-union@https://registry.npmmirror.com/array-union/-/array-union-1.0.2.tgz 0ms (cache hit)
#12 481.6 npm http cache path-is-absolute@https://registry.npmmirror.com/path-is-absolute/-/path-is-absolute-1.0.1.tgz 0ms (cache hit)
#12 481.6 npm http cache inflight@https://registry.npmmirror.com/inflight/-/inflight-1.0.6.tgz 0ms (cache hit)
#12 481.6 npm http cache fs.realpath@https://registry.npmmirror.com/fs.realpath/-/fs.realpath-1.0.0.tgz 0ms (cache hit)
#12 481.6 npm http cache pump@https://registry.npmmirror.com/pump/-/pump-3.0.4.tgz 0ms (cache hit)
#12 481.6 npm http cache dunder-proto@https://registry.npmmirror.com/dunder-proto/-/dunder-proto-1.0.1.tgz 0ms (cache hit)
#12 481.6 npm http cache json-bigint@https://registry.npmmirror.com/json-bigint/-/json-bigint-1.0.0.tgz 0ms (cache hit)
#12 481.6 npm http cache functions-have-names@https://registry.npmmirror.com/functions-have-names/-/functions-have-names-1.2.3.tgz 0ms (cache hit)
#12 481.6 npm http cache universalify@https://registry.npmmirror.com/universalify/-/universalify-2.0.1.tgz 0ms (cache hit)
#12 481.6 npm http cache jsonfile@https://registry.npmmirror.com/jsonfile/-/jsonfile-6.2.1.tgz 0ms (cache hit)
#12 481.6 npm http cache at-least-node@https://registry.npmmirror.com/at-least-node/-/at-least-node-1.0.0.tgz 0ms (cache hit)
#12 481.6 npm http cache asynckit@https://registry.npmmirror.com/asynckit/-/asynckit-0.4.0.tgz 0ms (cache hit)
#12 481.6 npm http cache deepmerge@https://registry.npmmirror.com/deepmerge/-/deepmerge-4.3.1.tgz 0ms (cache hit)
#12 481.6 npm http cache test-value@https://registry.npmmirror.com/test-value/-/test-value-2.1.0.tgz 0ms (cache hit)
#12 481.6 npm http cache to-regex-range@https://registry.npmmirror.com/to-regex-range/-/to-regex-range-5.0.1.tgz 0ms (cache hit)
#12 481.6 npm http cache strnum@https://registry.npmmirror.com/strnum/-/strnum-1.1.2.tgz 0ms (cache hit)
#12 481.6 npm http cache utils-merge@https://registry.npmmirror.com/utils-merge/-/utils-merge-1.0.1.tgz 0ms (cache hit)
#12 481.6 npm http cache @node-rs/crc32@https://registry.npmmirror.com/@node-rs/crc32/-/crc32-0.1.8.tgz 0ms (cache hit)
#12 481.6 npm http cache @node-rs/helper@https://registry.npmmirror.com/@node-rs/helper/-/helper-0.1.4.tgz 0ms (cache hit)
#12 481.6 npm http cache statuses@https://registry.npmmirror.com/statuses/-/statuses-2.0.2.tgz 0ms (cache hit)
#12 481.6 npm http cache setprototypeof@https://registry.npmmirror.com/setprototypeof/-/setprototypeof-1.2.0.tgz 0ms (cache hit)
#12 481.6 npm http cache path-to-regexp@https://registry.npmmirror.com/path-to-regexp/-/path-to-regexp-0.1.13.tgz 0ms (cache hit)
#12 481.6 npm http cache serve-static@https://registry.npmmirror.com/serve-static/-/serve-static-1.16.3.tgz 0ms (cache hit)
#12 481.6 npm http cache parseurl@https://registry.npmmirror.com/parseurl/-/parseurl-1.3.3.tgz 0ms (cache hit)
#12 481.6 npm http cache methods@https://registry.npmmirror.com/methods/-/methods-1.1.2.tgz 0ms (cache hit)
#12 481.6 npm http cache merge-descriptors@https://registry.npmmirror.com/merge-descriptors/-/merge-descriptors-1.0.3.tgz 0ms (cache hit)
#12 481.6 npm http cache fresh@https://registry.npmmirror.com/fresh/-/fresh-0.5.2.tgz 0ms (cache hit)
#12 481.6 npm http cache finalhandler@https://registry.npmmirror.com/finalhandler/-/finalhandler-1.3.2.tgz 0ms (cache hit)
#12 481.6 npm http cache etag@https://registry.npmmirror.com/etag/-/etag-1.8.1.tgz 0ms (cache hit)
#12 481.6 npm http cache encodeurl@https://registry.npmmirror.com/encodeurl/-/encodeurl-2.0.0.tgz 0ms (cache hit)
#12 481.6 npm http cache array-flatten@https://registry.npmmirror.com/array-flatten/-/array-flatten-1.1.1.tgz 0ms (cache hit)
#12 481.6 npm http cache call-me-maybe@https://registry.npmmirror.com/call-me-maybe/-/call-me-maybe-1.0.2.tgz 0ms (cache hit)
#12 481.6 npm http cache @types/json-schema@https://registry.npmmirror.com/@types/json-schema/-/json-schema-7.0.15.tgz 0ms (cache hit)
#12 481.6 npm http cache @jsdevtools/ono@https://registry.npmmirror.com/@jsdevtools/ono/-/ono-7.1.3.tgz 0ms (cache hit)
#12 481.6 npm http cache promise-breaker@https://registry.npmmirror.com/promise-breaker/-/promise-breaker-6.0.0.tgz 0ms (cache hit)
#12 481.6 npm http cache openapi3-ts@https://registry.npmmirror.com/openapi3-ts/-/openapi3-ts-3.2.0.tgz 0ms (cache hit)
#12 481.6 npm http cache json-ptr@https://registry.npmmirror.com/json-ptr/-/json-ptr-3.1.0.tgz 0ms (cache hit)
#12 481.6 npm http cache events-listener@https://registry.npmmirror.com/events-listener/-/events-listener-1.1.0.tgz 0ms (cache hit)
#12 481.6 npm http cache deep-freeze@https://registry.npmmirror.com/deep-freeze/-/deep-freeze-0.0.1.tgz 0ms (cache hit)
#12 481.6 npm http cache ajv-formats@https://registry.npmmirror.com/ajv-formats/-/ajv-formats-2.1.1.tgz 0ms (cache hit)
#12 481.6 npm http cache @apidevtools/json-schema-ref-parser@https://registry.npmmirror.com/@apidevtools/json-schema-ref-parser/-/json-schema-ref-parser-9.1.2.tgz 0ms (cache hit)
#12 481.6 npm http cache exegesis@https://registry.npmmirror.com/exegesis/-/exegesis-4.3.0.tgz 0ms (cache hit)
#12 481.6 npm http cache pify@https://registry.npmmirror.com/pify/-/pify-2.3.0.tgz 0ms (cache hit)
#12 481.6 npm http cache signal-exit@https://registry.npmmirror.com/signal-exit/-/signal-exit-3.0.7.tgz 0ms (cache hit)
#12 481.6 npm http cache is-stream@https://registry.npmmirror.com/is-stream/-/is-stream-2.0.1.tgz 0ms (cache hit)
#12 481.6 npm http cache indent-string@https://registry.npmmirror.com/indent-string/-/indent-string-4.0.0.tgz 0ms (cache hit)
#12 481.6 npm http cache emoji-regex@https://registry.npmmirror.com/emoji-regex/-/emoji-regex-9.2.2.tgz 0ms (cache hit)
#12 481.6 npm http cache is-symbol@https://registry.npmmirror.com/is-symbol/-/is-symbol-1.1.1.tgz 0ms (cache hit)
#12 481.6 npm http cache is-date-object@https://registry.npmmirror.com/is-date-object/-/is-date-object-1.1.0.tgz 0ms (cache hit)
#12 481.6 npm http cache has-tostringtag@https://registry.npmmirror.com/has-tostringtag/-/has-tostringtag-1.0.2.tgz 0ms (cache hit)
#12 481.6 npm http cache possible-typed-array-names@https://registry.npmmirror.com/possible-typed-array-names/-/possible-typed-array-names-1.1.0.tgz 0ms (cache hit)
#12 481.6 npm http cache which-typed-array@https://registry.npmmirror.com/which-typed-array/-/which-typed-array-1.1.21.tgz 0ms (cache hit)
#12 481.6 npm http cache unbox-primitive@https://registry.npmmirror.com/unbox-primitive/-/unbox-primitive-1.1.0.tgz 1ms (cache hit)
#12 481.6 npm http cache typed-array-length@https://registry.npmmirror.com/typed-array-length/-/typed-array-length-1.0.8.tgz 0ms (cache hit)
#12 481.6 npm http cache typed-array-byte-offset@https://registry.npmmirror.com/typed-array-byte-offset/-/typed-array-byte-offset-1.0.4.tgz 0ms (cache hit)
#12 481.6 npm http cache typed-array-byte-length@https://registry.npmmirror.com/typed-array-byte-length/-/typed-array-byte-length-1.0.3.tgz 0ms (cache hit)
#12 481.6 npm http cache typed-array-buffer@https://registry.npmmirror.com/typed-array-buffer/-/typed-array-buffer-1.0.3.tgz 0ms (cache hit)
#12 481.6 npm http cache string.prototype.trimstart@https://registry.npmmirror.com/string.prototype.trimstart/-/string.prototype.trimstart-1.0.8.tgz 0ms (cache hit)
#12 481.6 npm http cache string.prototype.trim@https://registry.npmmirror.com/string.prototype.trim/-/string.prototype.trim-1.2.10.tgz 0ms (cache hit)
#12 481.6 npm http cache stop-iteration-iterator@https://registry.npmmirror.com/stop-iteration-iterator/-/stop-iteration-iterator-1.1.0.tgz 0ms (cache hit)
#12 481.6 npm http cache set-proto@https://registry.npmmirror.com/set-proto/-/set-proto-1.0.0.tgz 0ms (cache hit)
#12 481.6 npm http cache safe-push-apply@https://registry.npmmirror.com/safe-push-apply/-/safe-push-apply-1.0.0.tgz 0ms (cache hit)
#12 481.6 npm http cache safe-array-concat@https://registry.npmmirror.com/safe-array-concat/-/safe-array-concat-1.1.4.tgz 0ms (cache hit)
#12 481.6 npm http cache regexp.prototype.flags@https://registry.npmmirror.com/regexp.prototype.flags/-/regexp.prototype.flags-1.5.4.tgz 0ms (cache hit)
#12 481.6 npm http cache own-keys@https://registry.npmmirror.com/own-keys/-/own-keys-1.0.1.tgz 0ms (cache hit)
#12 481.6 npm http cache object.assign@https://registry.npmmirror.com/object.assign/-/object.assign-4.1.7.tgz 0ms (cache hit)
#12 481.6 npm http cache object-inspect@https://registry.npmmirror.com/object-inspect/-/object-inspect-1.13.4.tgz 0ms (cache hit)
#12 481.6 npm http cache is-weakref@https://registry.npmmirror.com/is-weakref/-/is-weakref-1.1.1.tgz 0ms (cache hit)
#12 481.6 npm http cache is-typed-array@https://registry.npmmirror.com/is-typed-array/-/is-typed-array-1.1.15.tgz 0ms (cache hit)
#12 481.6 npm http cache is-shared-array-buffer@https://registry.npmmirror.com/is-shared-array-buffer/-/is-shared-array-buffer-1.0.4.tgz 0ms (cache hit)
#12 481.6 npm http cache is-set@https://registry.npmmirror.com/is-set/-/is-set-2.0.3.tgz 0ms (cache hit)
#12 481.6 npm http cache is-regex@https://registry.npmmirror.com/is-regex/-/is-regex-1.2.1.tgz 0ms (cache hit)
#12 481.6 npm http cache is-negative-zero@https://registry.npmmirror.com/is-negative-zero/-/is-negative-zero-2.0.3.tgz 0ms (cache hit)
#12 481.6 npm http cache is-data-view@https://registry.npmmirror.com/is-data-view/-/is-data-view-1.0.2.tgz 0ms (cache hit)
#12 481.6 npm http cache is-callable@https://registry.npmmirror.com/is-callable/-/is-callable-1.2.7.tgz 0ms (cache hit)
#12 481.6 npm http cache is-array-buffer@https://registry.npmmirror.com/is-array-buffer/-/is-array-buffer-3.0.5.tgz 0ms (cache hit)
#12 481.6 npm http cache internal-slot@https://registry.npmmirror.com/internal-slot/-/internal-slot-1.1.0.tgz 0ms (cache hit)
#12 481.6 npm http cache has-symbols@https://registry.npmmirror.com/has-symbols/-/has-symbols-1.1.0.tgz 0ms (cache hit)
#12 481.6 npm http cache has-proto@https://registry.npmmirror.com/has-proto/-/has-proto-1.2.0.tgz 0ms (cache hit)
#12 481.6 npm http cache globalthis@https://registry.npmmirror.com/globalthis/-/globalthis-1.0.4.tgz 0ms (cache hit)
#12 481.6 npm http cache get-symbol-description@https://registry.npmmirror.com/get-symbol-description/-/get-symbol-description-1.1.0.tgz 0ms (cache hit)
#12 481.6 npm http cache get-proto@https://registry.npmmirror.com/get-proto/-/get-proto-1.0.1.tgz 0ms (cache hit)
#12 481.6 npm http cache function.prototype.name@https://registry.npmmirror.com/function.prototype.name/-/function.prototype.name-1.1.8.tgz 0ms (cache hit)
#12 481.6 npm http cache es-to-primitive@https://registry.npmmirror.com/es-to-primitive/-/es-to-primitive-1.3.0.tgz 0ms (cache hit)
#12 481.6 npm http cache es-set-tostringtag@https://registry.npmmirror.com/es-set-tostringtag/-/es-set-tostringtag-2.1.0.tgz 0ms (cache hit)
#12 481.6 npm http cache data-view-byte-offset@https://registry.npmmirror.com/data-view-byte-offset/-/data-view-byte-offset-1.0.1.tgz 0ms (cache hit)
#12 481.6 npm http cache data-view-byte-length@https://registry.npmmirror.com/data-view-byte-length/-/data-view-byte-length-1.0.2.tgz 0ms (cache hit)
#12 481.6 npm http cache data-view-buffer@https://registry.npmmirror.com/data-view-buffer/-/data-view-buffer-1.0.2.tgz 0ms (cache hit)
#12 481.6 npm http cache available-typed-arrays@https://registry.npmmirror.com/available-typed-arrays/-/available-typed-arrays-1.0.7.tgz 1ms (cache hit)
#12 481.6 npm http cache arraybuffer.prototype.slice@https://registry.npmmirror.com/arraybuffer.prototype.slice/-/arraybuffer.prototype.slice-1.0.4.tgz 0ms (cache hit)
#12 481.6 npm http cache array-buffer-byte-length@https://registry.npmmirror.com/array-buffer-byte-length/-/array-buffer-byte-length-1.0.2.tgz 0ms (cache hit)
#12 481.6 npm http cache gopd@https://registry.npmmirror.com/gopd/-/gopd-1.2.0.tgz 0ms (cache hit)
#12 481.6 npm http cache has-property-descriptors@https://registry.npmmirror.com/has-property-descriptors/-/has-property-descriptors-1.0.2.tgz 0ms (cache hit)
#12 481.6 npm http cache define-data-property@https://registry.npmmirror.com/define-data-property/-/define-data-property-1.1.4.tgz 0ms (cache hit)
#12 481.6 npm http cache set-function-length@https://registry.npmmirror.com/set-function-length/-/set-function-length-1.2.2.tgz 0ms (cache hit)
#12 481.6 npm http cache es-define-property@https://registry.npmmirror.com/es-define-property/-/es-define-property-1.0.1.tgz 0ms (cache hit)
#12 481.6 npm http cache math-intrinsics@https://registry.npmmirror.com/math-intrinsics/-/math-intrinsics-1.1.0.tgz 0ms (cache hit)
#12 481.6 npm http cache is-string@https://registry.npmmirror.com/is-string/-/is-string-1.1.1.tgz 0ms (cache hit)
#12 481.6 npm http cache es-object-atoms@https://registry.npmmirror.com/es-object-atoms/-/es-object-atoms-1.1.2.tgz 0ms (cache hit)
#12 481.6 npm http cache es-abstract@https://registry.npmmirror.com/es-abstract/-/es-abstract-1.24.2.tgz 0ms (cache hit)
#12 481.6 npm http cache define-properties@https://registry.npmmirror.com/define-properties/-/define-properties-1.2.1.tgz 0ms (cache hit)
#12 481.6 npm http cache call-bind@https://registry.npmmirror.com/call-bind/-/call-bind-1.0.9.tgz 0ms (cache hit)
#12 481.6 npm http cache string.prototype.trimend@https://registry.npmmirror.com/string.prototype.trimend/-/string.prototype.trimend-1.0.9.tgz 0ms (cache hit)
#12 481.6 npm http cache is-core-module@https://registry.npmmirror.com/is-core-module/-/is-core-module-2.16.2.tgz 0ms (cache hit)
#12 481.6 npm http cache hasown@https://registry.npmmirror.com/hasown/-/hasown-2.0.4.tgz 0ms (cache hit)
#12 481.6 npm http cache lodash.merge@https://registry.npmmirror.com/lodash.merge/-/lodash.merge-4.6.2.tgz 0ms (cache hit)
#12 481.6 npm http cache js-yaml@https://registry.npmmirror.com/js-yaml/-/js-yaml-4.2.0.tgz 0ms (cache hit)
#12 481.6 npm http cache escape-string-regexp@https://registry.npmmirror.com/escape-string-regexp/-/escape-string-regexp-4.0.0.tgz 0ms (cache hit)
#12 481.6 npm http cache esprima@https://registry.npmmirror.com/esprima/-/esprima-4.0.1.tgz 0ms (cache hit)
#12 481.6 npm http cache function-bind@https://registry.npmmirror.com/function-bind/-/function-bind-1.1.2.tgz 0ms (cache hit)
#12 481.6 npm http cache get-intrinsic@https://registry.npmmirror.com/get-intrinsic/-/get-intrinsic-1.3.0.tgz 0ms (cache hit)
#12 481.6 npm http cache call-bind-apply-helpers@https://registry.npmmirror.com/call-bind-apply-helpers/-/call-bind-apply-helpers-1.0.2.tgz 0ms (cache hit)
#12 481.6 npm http cache safe-regex-test@https://registry.npmmirror.com/safe-regex-test/-/safe-regex-test-1.1.0.tgz 0ms (cache hit)
#12 481.6 npm http cache punycode@https://registry.npmmirror.com/punycode/-/punycode-1.4.1.tgz 0ms (cache hit)
#12 481.6 npm http cache es-errors@https://registry.npmmirror.com/es-errors/-/es-errors-1.3.0.tgz 0ms (cache hit)
#12 481.6 npm http cache call-bound@https://registry.npmmirror.com/call-bound/-/call-bound-1.0.4.tgz 0ms (cache hit)
#12 481.6 npm http cache strip-ansi@https://registry.npmmirror.com/strip-ansi/-/strip-ansi-6.0.1.tgz 0ms (cache hit)
#12 481.6 npm http cache once@https://registry.npmmirror.com/once/-/once-1.4.0.tgz 0ms (cache hit)
#12 481.6 npm http cache jake@https://registry.npmmirror.com/jake/-/jake-10.9.4.tgz 0ms (cache hit)
#12 481.6 npm http cache path-exists@https://registry.npmmirror.com/path-exists/-/path-exists-4.0.0.tgz 0ms (cache hit)
#12 481.6 npm http cache mhook@https://registry.npmmirror.com/mhook/-/mhook-1.0.1.tgz 0ms (cache hit)
#12 481.6 npm http cache expressionify@https://registry.npmmirror.com/expressionify/-/expressionify-0.9.3.tgz 0ms (cache hit)
#12 481.6 npm http cache stream-shift@https://registry.npmmirror.com/stream-shift/-/stream-shift-1.0.3.tgz 0ms (cache hit)
#12 481.6 npm http cache end-of-stream@https://registry.npmmirror.com/end-of-stream/-/end-of-stream-1.4.5.tgz 0ms (cache hit)
#12 481.6 npm http cache nan@https://registry.npmmirror.com/nan/-/nan-2.27.0.tgz 0ms (cache hit)
#12 481.6 npm http cache entities@https://registry.npmmirror.com/entities/-/entities-4.5.0.tgz 0ms (cache hit)
#12 481.6 npm http cache ssh2@https://registry.npmmirror.com/ssh2/-/ssh2-1.17.0.tgz 0ms (cache hit)
#12 481.6 npm http cache split-ca@https://registry.npmmirror.com/split-ca/-/split-ca-1.0.1.tgz 0ms (cache hit)
#12 481.6 npm http cache docker-modem@https://registry.npmmirror.com/docker-modem/-/docker-modem-5.0.7.tgz 0ms (cache hit)
#12 481.6 npm http cache ms@https://registry.npmmirror.com/ms/-/ms-2.1.3.tgz 0ms (cache hit)
#12 481.6 npm http cache @balena/dockerignore@https://registry.npmmirror.com/@balena/dockerignore/-/dockerignore-1.0.2.tgz 0ms (cache hit)
#12 481.6 npm http cache delayed-stream@https://registry.npmmirror.com/delayed-stream/-/delayed-stream-1.0.0.tgz 0ms (cache hit)
#12 481.6 npm http cache performance-now@https://registry.npmmirror.com/performance-now/-/performance-now-2.1.0.tgz 0ms (cache hit)
#12 481.6 npm http cache json-stringify-safe@https://registry.npmmirror.com/json-stringify-safe/-/json-stringify-safe-5.0.1.tgz 0ms (cache hit)
#12 481.6 npm http cache string-width@https://registry.npmmirror.com/string-width/-/string-width-4.2.3.tgz 0ms (cache hit)
#12 481.6 npm http cache isstream@https://registry.npmmirror.com/isstream/-/isstream-0.1.2.tgz 0ms (cache hit)
#12 481.6 npm http cache is-typedarray@https://registry.npmmirror.com/is-typedarray/-/is-typedarray-1.0.0.tgz 0ms (cache hit)
#12 481.6 npm http cache forever-agent@https://registry.npmmirror.com/forever-agent/-/forever-agent-0.6.1.tgz 0ms (cache hit)
#12 481.6 npm http cache combined-stream@https://registry.npmmirror.com/combined-stream/-/combined-stream-1.0.8.tgz 0ms (cache hit)
#12 481.6 npm http cache caseless@https://registry.npmmirror.com/caseless/-/caseless-0.12.0.tgz 0ms (cache hit)
#12 481.6 npm http cache aws4@https://registry.npmmirror.com/aws4/-/aws4-1.13.2.tgz 0ms (cache hit)
#12 481.6 npm http cache aws-sign2@https://registry.npmmirror.com/aws-sign2/-/aws-sign2-0.7.0.tgz 0ms (cache hit)
#12 481.7 npm http cache tmp@https://registry.npmmirror.com/tmp/-/tmp-0.2.7.tgz 0ms (cache hit)
#12 481.7 npm http cache dayjs@https://registry.npmmirror.com/dayjs/-/dayjs-1.11.21.tgz 0ms (cache hit)
#12 481.7 npm http cache stream-transform@https://registry.npmmirror.com/stream-transform/-/stream-transform-3.4.1.tgz 0ms (cache hit)
#12 481.7 npm http cache csv-stringify@https://registry.npmmirror.com/csv-stringify/-/csv-stringify-6.7.0.tgz 0ms (cache hit)
#12 481.7 npm http cache csv-parse@https://registry.npmmirror.com/csv-parse/-/csv-parse-6.2.1.tgz 1ms (cache hit)
#12 481.7 npm http cache csv-generate@https://registry.npmmirror.com/csv-generate/-/csv-generate-4.5.1.tgz 0ms (cache hit)
#12 481.7 npm http cache rndm@https://registry.npmmirror.com/rndm/-/rndm-1.2.0.tgz 0ms (cache hit)
#12 481.7 npm http cache csrf@https://registry.npmmirror.com/csrf/-/csrf-3.1.0.tgz 0ms (cache hit)
#12 481.7 npm http cache which@https://registry.npmmirror.com/which/-/which-2.0.2.tgz 0ms (cache hit)
#12 481.7 npm http cache shebang-command@https://registry.npmmirror.com/shebang-command/-/shebang-command-2.0.0.tgz 0ms (cache hit)
#12 481.7 npm http cache path-key@https://registry.npmmirror.com/path-key/-/path-key-3.1.1.tgz 0ms (cache hit)
#12 481.7 npm http cache moment-timezone@https://registry.npmmirror.com/moment-timezone/-/moment-timezone-0.5.48.tgz 0ms (cache hit)
#12 481.7 npm http cache is-nan@https://registry.npmmirror.com/is-nan/-/is-nan-1.3.2.tgz 0ms (cache hit)
#12 481.7 npm http cache object-assign@https://registry.npmmirror.com/object-assign/-/object-assign-4.1.1.tgz 0ms (cache hit)
#12 481.7 npm http cache vary@https://registry.npmmirror.com/vary/-/vary-1.1.2.tgz 0ms (cache hit)
#12 481.7 npm http cache mime-db@https://registry.npmmirror.com/mime-db/-/mime-db-1.54.0.tgz 0ms (cache hit)
#12 481.7 npm http cache typical@https://registry.npmmirror.com/typical/-/typical-2.6.1.tgz 0ms (cache hit)
#12 481.7 npm http cache find-replace@https://registry.npmmirror.com/find-replace/-/find-replace-1.0.3.tgz 0ms (cache hit)
#12 481.7 npm http cache feature-detect-es6@https://registry.npmmirror.com/feature-detect-es6/-/feature-detect-es6-1.4.1.tgz 0ms (cache hit)
#12 481.7 npm http cache array-back@https://registry.npmmirror.com/array-back/-/array-back-1.0.4.tgz 0ms (cache hit)
#12 481.7 npm http cache color-name@https://registry.npmmirror.com/color-name/-/color-name-1.1.4.tgz 0ms (cache hit)
#12 481.7 npm http cache fill-range@https://registry.npmmirror.com/fill-range/-/fill-range-7.1.1.tgz 0ms (cache hit)
#12 481.7 npm http cache picomatch@https://registry.npmmirror.com/picomatch/-/picomatch-2.3.2.tgz 0ms (cache hit)
#12 481.7 npm http cache braces@https://registry.npmmirror.com/braces/-/braces-3.0.3.tgz 0ms (cache hit)
#12 481.7 npm http cache domelementtype@https://registry.npmmirror.com/domelementtype/-/domelementtype-2.3.0.tgz 0ms (cache hit)
#12 481.7 npm http cache htmlparser2@https://registry.npmmirror.com/htmlparser2/-/htmlparser2-10.1.0.tgz 0ms (cache hit)
#12 481.7 npm http cache domutils@https://registry.npmmirror.com/domutils/-/domutils-3.2.2.tgz 0ms (cache hit)
#12 481.7 npm http cache domhandler@https://registry.npmmirror.com/domhandler/-/domhandler-5.0.3.tgz 0ms (cache hit)
#12 481.7 npm http cache dom-serializer@https://registry.npmmirror.com/dom-serializer/-/dom-serializer-2.0.0.tgz 0ms (cache hit)
#12 481.7 npm http cache color-convert@https://registry.npmmirror.com/color-convert/-/color-convert-2.0.1.tgz 0ms (cache hit)
#12 481.7 npm http cache ansi-styles@https://registry.npmmirror.com/ansi-styles/-/ansi-styles-4.3.0.tgz 0ms (cache hit)
#12 481.7 npm http cache date-fns@https://registry.npmmirror.com/date-fns/-/date-fns-2.30.0.tgz 0ms (cache hit)
#12 481.7 npm http cache object-hash@https://registry.npmmirror.com/object-hash/-/object-hash-2.2.0.tgz 0ms (cache hit)
#12 481.7 npm http cache escape-html@https://registry.npmmirror.com/escape-html/-/escape-html-1.0.3.tgz 0ms (cache hit)
#12 481.7 npm http cache safe-json-stringify@https://registry.npmmirror.com/safe-json-stringify/-/safe-json-stringify-1.2.0.tgz 0ms (cache hit)
#12 481.7 npm http cache mv@https://registry.npmmirror.com/mv/-/mv-2.1.1.tgz 0ms (cache hit)
#12 481.7 npm http cache util.promisify@https://registry.npmmirror.com/util.promisify/-/util.promisify-1.1.3.tgz 0ms (cache hit)
#12 481.7 npm http cache dtrace-provider@https://registry.npmmirror.com/dtrace-provider/-/dtrace-provider-0.8.8.tgz 0ms (cache hit)
#12 481.7 npm http cache promise.prototype.finally@https://registry.npmmirror.com/promise.prototype.finally/-/promise.prototype.finally-3.1.8.tgz 0ms (cache hit)
#12 481.7 npm http cache p-timeout@https://registry.npmmirror.com/p-timeout/-/p-timeout-3.2.0.tgz 0ms (cache hit)
#12 481.7 npm http cache get-port@https://registry.npmmirror.com/get-port/-/get-port-5.1.1.tgz 0ms (cache hit)
#12 481.7 npm http cache cron-parser@https://registry.npmmirror.com/cron-parser/-/cron-parser-2.18.0.tgz 0ms (cache hit)
#12 481.7 npm http cache debuglog@https://registry.npmmirror.com/debuglog/-/debuglog-1.0.1.tgz 0ms (cache hit)
#12 481.7 npm http cache base64-js@https://registry.npmmirror.com/base64-js/-/base64-js-1.5.1.tgz 0ms (cache hit)
#12 481.7 npm http cache unpipe@https://registry.npmmirror.com/unpipe/-/unpipe-1.0.0.tgz 0ms (cache hit)
#12 481.7 npm http cache raw-body@https://registry.npmmirror.com/raw-body/-/raw-body-2.5.3.tgz 0ms (cache hit)
#12 481.7 npm http cache on-finished@https://registry.npmmirror.com/on-finished/-/on-finished-2.4.1.tgz 0ms (cache hit)
#12 481.7 npm http cache iconv-lite@https://registry.npmmirror.com/iconv-lite/-/iconv-lite-0.4.24.tgz 0ms (cache hit)
#12 481.7 npm http cache http-errors@https://registry.npmmirror.com/http-errors/-/http-errors-2.0.1.tgz 0ms (cache hit)
#12 481.7 npm http cache destroy@https://registry.npmmirror.com/destroy/-/destroy-1.2.0.tgz 0ms (cache hit)
#12 481.7 npm http cache content-type@https://registry.npmmirror.com/content-type/-/content-type-1.0.5.tgz 0ms (cache hit)
#12 481.7 npm http cache depd@https://registry.npmmirror.com/depd/-/depd-2.0.0.tgz 0ms (cache hit)
#12 481.7 npm http cache bytes@https://registry.npmmirror.com/bytes/-/bytes-3.1.2.tgz 0ms (cache hit)
#12 481.7 npm http cache tar@https://registry.npmmirror.com/tar/-/tar-6.2.1.tgz 0ms (cache hit)
#12 481.7 npm http cache rimraf@https://registry.npmmirror.com/rimraf/-/rimraf-3.0.2.tgz 1ms (cache hit)
#12 481.7 npm http cache npmlog@https://registry.npmmirror.com/npmlog/-/npmlog-5.0.1.tgz 0ms (cache hit)
#12 481.7 npm http cache nopt@https://registry.npmmirror.com/nopt/-/nopt-5.0.0.tgz 0ms (cache hit)
#12 481.7 npm http cache detect-libc@https://registry.npmmirror.com/detect-libc/-/detect-libc-2.1.2.tgz 0ms (cache hit)
#12 481.7 npm http cache node-addon-api@https://registry.npmmirror.com/node-addon-api/-/node-addon-api-5.1.0.tgz 0ms (cache hit)
#12 481.7 npm http cache @mapbox/node-pre-gyp@https://registry.npmmirror.com/@mapbox/node-pre-gyp/-/node-pre-gyp-1.0.11.tgz 0ms (cache hit)
#12 481.7 npm http cache safe-buffer@https://registry.npmmirror.com/safe-buffer/-/safe-buffer-5.1.2.tgz 0ms (cache hit)
#12 481.7 npm http cache sax@https://registry.npmmirror.com/sax/-/sax-1.2.1.tgz 0ms (cache hit)
#12 481.7 npm http cache querystring@https://registry.npmmirror.com/querystring/-/querystring-0.2.0.tgz 0ms (cache hit)
#12 481.7 npm http cache jmespath@https://registry.npmmirror.com/jmespath/-/jmespath-0.16.0.tgz 0ms (cache hit)
#12 481.7 npm http cache ieee754@https://registry.npmmirror.com/ieee754/-/ieee754-1.1.13.tgz 0ms (cache hit)
#12 481.7 npm http cache buffer@https://registry.npmmirror.com/buffer/-/buffer-4.9.2.tgz 0ms (cache hit)
#12 481.7 npm http cache retry@https://registry.npmmirror.com/retry/-/retry-0.13.1.tgz 0ms (cache hit)
#12 481.7 npm http cache normalize-path@https://registry.npmmirror.com/normalize-path/-/normalize-path-3.0.0.tgz 0ms (cache hit)
#12 481.7 npm http cache lodash.union@https://registry.npmmirror.com/lodash.union/-/lodash.union-4.6.0.tgz 0ms (cache hit)
#12 481.7 npm http cache lodash.isplainobject@https://registry.npmmirror.com/lodash.isplainobject/-/lodash.isplainobject-4.0.6.tgz 0ms (cache hit)
#12 481.7 npm http cache lodash.flatten@https://registry.npmmirror.com/lodash.flatten/-/lodash.flatten-4.4.0.tgz 0ms (cache hit)
#12 481.7 npm http cache lodash.difference@https://registry.npmmirror.com/lodash.difference/-/lodash.difference-4.5.0.tgz 0ms (cache hit)
#12 481.7 npm http cache lodash.defaults@https://registry.npmmirror.com/lodash.defaults/-/lodash.defaults-4.2.0.tgz 0ms (cache hit)
#12 481.7 npm http cache lazystream@https://registry.npmmirror.com/lazystream/-/lazystream-1.0.1.tgz 0ms (cache hit)
#12 481.7 npm http cache graceful-fs@https://registry.npmmirror.com/graceful-fs/-/graceful-fs-4.2.11.tgz 0ms (cache hit)
#12 481.7 npm http cache zip-stream@https://registry.npmmirror.com/zip-stream/-/zip-stream-4.1.1.tgz 0ms (cache hit)
#12 481.7 npm http cache tar-stream@https://registry.npmmirror.com/tar-stream/-/tar-stream-2.2.0.tgz 0ms (cache hit)
#12 481.7 npm http cache readable-stream@https://registry.npmmirror.com/readable-stream/-/readable-stream-3.6.2.tgz 0ms (cache hit)
#12 481.7 npm http cache readdir-glob@https://registry.npmmirror.com/readdir-glob/-/readdir-glob-1.1.3.tgz 0ms (cache hit)
#12 481.7 npm http cache buffer-crc32@https://registry.npmmirror.com/buffer-crc32/-/buffer-crc32-0.2.13.tgz 0ms (cache hit)
#12 481.7 npm http cache archiver-utils@https://registry.npmmirror.com/archiver-utils/-/archiver-utils-2.1.0.tgz 0ms (cache hit)
#12 481.7 npm http cache tunnel-agent@https://registry.npmmirror.com/tunnel-agent/-/tunnel-agent-0.6.0.tgz 0ms (cache hit)
#12 481.7 npm http cache object-keys@https://registry.npmmirror.com/object-keys/-/object-keys-1.1.1.tgz 0ms (cache hit)
#12 481.7 npm http cache isarray@https://registry.npmmirror.com/isarray/-/isarray-2.0.5.tgz 0ms (cache hit)
#12 481.7 npm http cache inherits@https://registry.npmmirror.com/inherits/-/inherits-2.0.4.tgz 0ms (cache hit)
#12 481.7 npm http cache require-from-string@https://registry.npmmirror.com/require-from-string/-/require-from-string-2.0.2.tgz 0ms (cache hit)
#12 481.7 npm http cache fast-uri@https://registry.npmmirror.com/fast-uri/-/fast-uri-3.1.2.tgz 0ms (cache hit)
#12 481.7 npm http cache json-schema-traverse@https://registry.npmmirror.com/json-schema-traverse/-/json-schema-traverse-1.0.0.tgz 0ms (cache hit)
#12 481.7 npm http cache fast-deep-equal@https://registry.npmmirror.com/fast-deep-equal/-/fast-deep-equal-3.1.3.tgz 0ms (cache hit)
#12 481.7 npm http cache negotiator@https://registry.npmmirror.com/negotiator/-/negotiator-0.6.3.tgz 0ms (cache hit)
#12 481.7 npm http cache event-target-shim@https://registry.npmmirror.com/event-target-shim/-/event-target-shim-5.0.1.tgz 0ms (cache hit)
#12 481.7 npm http cache pg-types@https://registry.npmmirror.com/pg-types/-/pg-types-2.2.0.tgz 0ms (cache hit)
#12 481.7 npm http cache pg-protocol@https://registry.npmmirror.com/pg-protocol/-/pg-protocol-1.14.0.tgz 0ms (cache hit)
#12 481.7 npm http cache @types/koa-compose@https://registry.npmmirror.com/@types/koa-compose/-/koa-compose-3.2.9.tgz 0ms (cache hit)
#12 481.7 npm http cache @types/keygrip@https://registry.npmmirror.com/@types/keygrip/-/keygrip-1.0.6.tgz 0ms (cache hit)
#12 481.7 npm http cache @types/http-errors@https://registry.npmmirror.com/@types/http-errors/-/http-errors-2.0.5.tgz 0ms (cache hit)
#12 481.7 npm http cache @types/http-assert@https://registry.npmmirror.com/@types/http-assert/-/http-assert-1.5.6.tgz 0ms (cache hit)
#12 481.7 npm http cache @types/cookies@https://registry.npmmirror.com/@types/cookies/-/cookies-0.9.2.tgz 0ms (cache hit)
#12 481.7 npm http cache @types/content-disposition@https://registry.npmmirror.com/@types/content-disposition/-/content-disposition-0.5.9.tgz 0ms (cache hit)
#12 481.7 npm http cache @types/accepts@https://registry.npmmirror.com/@types/accepts/-/accepts-1.3.7.tgz 0ms (cache hit)
#12 481.7 npm http cache @types/mime-db@https://registry.npmmirror.com/@types/mime-db/-/mime-db-1.43.6.tgz 0ms (cache hit)
#12 481.7 npm http cache @hapi/topo@https://registry.npmmirror.com/@hapi/topo/-/topo-5.1.0.tgz 0ms (cache hit)
#12 481.7 npm http cache @hapi/validate@https://registry.npmmirror.com/@hapi/validate/-/validate-1.1.3.tgz 0ms (cache hit)
#12 481.7 npm http cache @hapi/teamwork@https://registry.npmmirror.com/@hapi/teamwork/-/teamwork-5.1.1.tgz 1ms (cache hit)
#12 481.7 npm http cache @hapi/cryptiles@https://registry.npmmirror.com/@hapi/cryptiles/-/cryptiles-5.1.0.tgz 0ms (cache hit)
#12 481.7 npm http cache @hapi/bourne@https://registry.npmmirror.com/@hapi/bourne/-/bourne-2.1.0.tgz 0ms (cache hit)
#12 481.7 npm http cache @hapi/b64@https://registry.npmmirror.com/@hapi/b64/-/b64-5.0.0.tgz 0ms (cache hit)
#12 481.7 npm http cache @hapi/hoek@https://registry.npmmirror.com/@hapi/hoek/-/hoek-9.3.0.tgz 0ms (cache hit)
#12 481.7 npm http cache @types/hapi__shot@https://registry.npmmirror.com/@types/hapi__shot/-/hapi__shot-4.1.6.tgz 0ms (cache hit)
#12 481.7 npm http cache @types/hapi__catbox@https://registry.npmmirror.com/@types/hapi__catbox/-/hapi__catbox-10.2.6.tgz 0ms (cache hit)
#12 481.7 npm http cache @hapi/podium@https://registry.npmmirror.com/@hapi/podium/-/podium-4.1.3.tgz 0ms (cache hit)
#12 481.7 npm http cache @types/hapi__mimos@https://registry.npmmirror.com/@types/hapi__mimos/-/hapi__mimos-4.1.4.tgz 0ms (cache hit)
#12 481.7 npm http cache @hapi/iron@https://registry.npmmirror.com/@hapi/iron/-/iron-6.0.0.tgz 0ms (cache hit)
#12 481.7 npm http cache @types/send@https://registry.npmmirror.com/@types/send/-/send-1.2.1.tgz 0ms (cache hit)
#12 481.7 npm http cache @hapi/boom@https://registry.npmmirror.com/@hapi/boom/-/boom-9.1.4.tgz 0ms (cache hit)
#12 481.7 npm http cache @types/range-parser@https://registry.npmmirror.com/@types/range-parser/-/range-parser-1.2.7.tgz 0ms (cache hit)
#12 481.7 npm http cache @types/serve-static@https://registry.npmmirror.com/@types/serve-static/-/serve-static-1.15.10.tgz 0ms (cache hit)
#12 481.7 npm http cache @types/express-serve-static-core@https://registry.npmmirror.com/@types/express-serve-static-core/-/express-serve-static-core-4.19.8.tgz 0ms (cache hit)
#12 481.7 npm http cache @types/body-parser@https://registry.npmmirror.com/@types/body-parser/-/body-parser-1.19.6.tgz 0ms (cache hit)
#12 481.7 npm http cache @types/ms@https://registry.npmmirror.com/@types/ms/-/ms-2.1.0.tgz 0ms (cache hit)
#12 481.7 npm http cache @types/node@https://registry.npmmirror.com/@types/node/-/node-25.9.1.tgz 0ms (cache hit)
#12 481.7 npm http cache @babel/runtime@https://registry.npmmirror.com/@babel/runtime/-/runtime-7.29.7.tgz 0ms (cache hit)
#12 481.7 npm http cache micromatch@https://registry.npmmirror.com/micromatch/-/micromatch-4.0.8.tgz 0ms (cache hit)
#12 481.7 npm http cache resolve@https://registry.npmmirror.com/resolve/-/resolve-1.22.12.tgz 0ms (cache hit)
#12 481.7 npm http cache util-deprecate@https://registry.npmmirror.com/util-deprecate/-/util-deprecate-1.0.2.tgz 0ms (cache hit)
#12 481.7 npm http cache cjs-module-lexer@https://registry.npmmirror.com/cjs-module-lexer/-/cjs-module-lexer-1.4.3.tgz 0ms (cache hit)
#12 481.7 npm http cache util@https://registry.npmmirror.com/util/-/util-0.12.5.tgz 0ms (cache hit)
#12 481.7 npm http cache cross-spawn@https://registry.npmmirror.com/cross-spawn/-/cross-spawn-7.0.6.tgz 0ms (cache hit)
#12 481.7 npm http cache lodash.get@https://registry.npmmirror.com/lodash.get/-/lodash.get-4.4.2.tgz 0ms (cache hit)
#12 481.7 npm http cache url-parse@https://registry.npmmirror.com/url-parse/-/url-parse-1.5.10.tgz 0ms (cache hit)
#12 481.7 npm http cache qs@https://registry.npmmirror.com/qs/-/qs-6.15.2.tgz 0ms (cache hit)
#12 481.7 npm http cache fast-json-stable-stringify@https://registry.npmmirror.com/fast-json-stable-stringify/-/fast-json-stable-stringify-2.1.0.tgz 0ms (cache hit)
#12 481.7 npm http cache core-js-pure@https://registry.npmmirror.com/core-js-pure/-/core-js-pure-3.49.0.tgz 0ms (cache hit)
#12 481.7 npm http cache @opentelemetry/propagator-jaeger@https://registry.npmmirror.com/@opentelemetry/propagator-jaeger/-/propagator-jaeger-1.15.2.tgz 0ms (cache hit)
#12 481.7 npm http cache @noble/hashes@https://registry.npmmirror.com/@noble/hashes/-/hashes-1.8.0.tgz 0ms (cache hit)
#12 481.7 npm http cache @opentelemetry/propagator-b3@https://registry.npmmirror.com/@opentelemetry/propagator-b3/-/propagator-b3-1.15.2.tgz 0ms (cache hit)
#12 481.7 npm http cache @opentelemetry/context-async-hooks@https://registry.npmmirror.com/@opentelemetry/context-async-hooks/-/context-async-hooks-1.15.2.tgz 0ms (cache hit)
#12 481.7 npm http cache yargs@https://registry.npmmirror.com/yargs/-/yargs-17.7.2.tgz 0ms (cache hit)
#12 481.7 npm http cache @opentelemetry/otlp-proto-exporter-base@https://registry.npmmirror.com/@opentelemetry/otlp-proto-exporter-base/-/otlp-proto-exporter-base-0.41.2.tgz 0ms (cache hit)
#12 481.7 npm http cache protobufjs@https://registry.npmmirror.com/protobufjs/-/protobufjs-7.6.2.tgz 0ms (cache hit)
#12 481.7 npm http cache long@https://registry.npmmirror.com/long/-/long-5.3.2.tgz 0ms (cache hit)
#12 481.7 npm http cache lodash.camelcase@https://registry.npmmirror.com/lodash.camelcase/-/lodash.camelcase-4.3.0.tgz 0ms (cache hit)
#12 481.7 npm http cache @opentelemetry/otlp-grpc-exporter-base@https://registry.npmmirror.com/@opentelemetry/otlp-grpc-exporter-base/-/otlp-grpc-exporter-base-0.41.2.tgz 0ms (cache hit)
#12 481.7 npm http cache @js-sdsl/ordered-map@https://registry.npmmirror.com/@js-sdsl/ordered-map/-/ordered-map-4.4.2.tgz 0ms (cache hit)
#12 481.7 npm http cache @grpc/proto-loader@https://registry.npmmirror.com/@grpc/proto-loader/-/proto-loader-0.8.1.tgz 0ms (cache hit)
#12 481.7 npm http cache @grpc/grpc-js@https://registry.npmmirror.com/@grpc/grpc-js/-/grpc-js-1.14.4.tgz 0ms (cache hit)
#12 481.7 npm http cache jaeger-client@https://registry.npmmirror.com/jaeger-client/-/jaeger-client-3.19.0.tgz 0ms (cache hit)
#12 481.7 npm http cache @opentelemetry/exporter-zipkin@https://registry.npmmirror.com/@opentelemetry/exporter-zipkin/-/exporter-zipkin-1.15.2.tgz 0ms (cache hit)
#12 481.7 npm http cache @opentelemetry/exporter-trace-otlp-proto@https://registry.npmmirror.com/@opentelemetry/exporter-trace-otlp-proto/-/exporter-trace-otlp-proto-0.41.2.tgz 0ms (cache hit)
#12 481.7 npm http cache @opentelemetry/exporter-trace-otlp-grpc@https://registry.npmmirror.com/@opentelemetry/exporter-trace-otlp-grpc/-/exporter-trace-otlp-grpc-0.41.2.tgz 0ms (cache hit)
#12 481.7 npm http cache @opentelemetry/exporter-jaeger@https://registry.npmmirror.com/@opentelemetry/exporter-jaeger/-/exporter-jaeger-1.15.2.tgz 0ms (cache hit)
#12 481.7 npm http cache @opentelemetry/sdk-logs@https://registry.npmmirror.com/@opentelemetry/sdk-logs/-/sdk-logs-0.41.2.tgz 0ms (cache hit)
#12 481.7 npm http cache @opentelemetry/api-logs@https://registry.npmmirror.com/@opentelemetry/api-logs/-/api-logs-0.41.2.tgz 0ms (cache hit)
#12 481.7 npm http cache @types/tedious@https://registry.npmmirror.com/@types/tedious/-/tedious-4.0.14.tgz 0ms (cache hit)
#12 481.7 npm http cache @types/pg-pool@https://registry.npmmirror.com/@types/pg-pool/-/pg-pool-2.0.4.tgz 0ms (cache hit)
#12 481.7 npm http cache @types/pg@https://registry.npmmirror.com/@types/pg/-/pg-8.6.1.tgz 0ms (cache hit)
#12 481.7 npm http cache @opentelemetry/sql-common@https://registry.npmmirror.com/@opentelemetry/sql-common/-/sql-common-0.40.1.tgz 0ms (cache hit)
#12 481.7 npm http cache @types/mysql@https://registry.npmmirror.com/@types/mysql/-/mysql-2.15.22.tgz 0ms (cache hit)
#12 481.7 npm http cache @opentelemetry/sdk-metrics@https://registry.npmmirror.com/@opentelemetry/sdk-metrics/-/sdk-metrics-1.30.1.tgz 0ms (cache hit)
#12 481.7 npm http cache @types/memcached@https://registry.npmmirror.com/@types/memcached/-/memcached-2.2.10.tgz 0ms (cache hit)
#12 481.7 npm http cache @opentelemetry/sdk-trace-node@https://registry.npmmirror.com/@opentelemetry/sdk-trace-node/-/sdk-trace-node-1.15.2.tgz 0ms (cache hit)
#12 481.7 npm http cache @types/koa__router@https://registry.npmmirror.com/@types/koa__router/-/koa__router-12.0.3.tgz 0ms (cache hit)
#12 481.7 npm http cache @types/koa@https://registry.npmmirror.com/@types/koa/-/koa-2.13.9.tgz 0ms (cache hit)
#12 481.7 npm http cache @types/ioredis4@https://registry.npmmirror.com/@types/ioredis/-/ioredis-4.28.10.tgz 0ms (cache hit)
#12 481.7 npm http cache @opentelemetry/redis-common@https://registry.npmmirror.com/@opentelemetry/redis-common/-/redis-common-0.36.2.tgz 0ms (cache hit)
#12 481.7 npm http cache @types/hapi__hapi@https://registry.npmmirror.com/@types/hapi__hapi/-/hapi__hapi-20.0.13.tgz 0ms (cache hit)
#12 481.7 npm http cache @types/connect@https://registry.npmmirror.com/@types/connect/-/connect-3.4.36.tgz 0ms (cache hit)
#12 481.7 npm http cache @types/bunyan@https://registry.npmmirror.com/@types/bunyan/-/bunyan-1.8.9.tgz 0ms (cache hit)
#12 481.7 npm http cache @opentelemetry/propagation-utils@https://registry.npmmirror.com/@opentelemetry/propagation-utils/-/propagation-utils-0.30.16.tgz 0ms (cache hit)
#12 481.7 npm http cache @types/aws-lambda@https://registry.npmmirror.com/@types/aws-lambda/-/aws-lambda-8.10.122.tgz 0ms (cache hit)
#12 481.7 npm http cache @opentelemetry/propagator-aws-xray@https://registry.npmmirror.com/@opentelemetry/propagator-aws-xray/-/propagator-aws-xray-1.26.2.tgz 0ms (cache hit)
#12 481.7 npm http cache shimmer@https://registry.npmmirror.com/shimmer/-/shimmer-1.2.1.tgz 0ms (cache hit)
#12 481.7 npm http cache require-in-the-middle@https://registry.npmmirror.com/require-in-the-middle/-/require-in-the-middle-7.5.2.tgz 0ms (cache hit)
#12 481.7 npm http cache import-in-the-middle@https://registry.npmmirror.com/import-in-the-middle/-/import-in-the-middle-1.4.2.tgz 0ms (cache hit)
#12 481.7 npm http cache @types/shimmer@https://registry.npmmirror.com/@types/shimmer/-/shimmer-1.2.0.tgz 0ms (cache hit)
#12 481.7 npm http cache @opentelemetry/sdk-trace-base@https://registry.npmmirror.com/@opentelemetry/sdk-trace-base/-/sdk-trace-base-1.15.2.tgz 0ms (cache hit)
#12 481.7 npm http cache @opentelemetry/otlp-transformer@https://registry.npmmirror.com/@opentelemetry/otlp-transformer/-/otlp-transformer-0.41.2.tgz 0ms (cache hit)
#12 481.7 npm http cache @opentelemetry/otlp-exporter-base@https://registry.npmmirror.com/@opentelemetry/otlp-exporter-base/-/otlp-exporter-base-0.41.2.tgz 0ms (cache hit)
#12 481.7 npm http cache @opentelemetry/core@https://registry.npmmirror.com/@opentelemetry/core/-/core-1.15.2.tgz 0ms (cache hit)
#12 481.7 npm http cache @opentelemetry/resource-detector-gcp@https://registry.npmmirror.com/@opentelemetry/resource-detector-gcp/-/resource-detector-gcp-0.29.13.tgz 0ms (cache hit)
#12 481.7 npm http cache @opentelemetry/resource-detector-container@https://registry.npmmirror.com/@opentelemetry/resource-detector-container/-/resource-detector-container-0.3.11.tgz 0ms (cache hit)
#12 481.7 npm http cache @opentelemetry/resource-detector-aws@https://registry.npmmirror.com/@opentelemetry/resource-detector-aws/-/resource-detector-aws-1.12.0.tgz 0ms (cache hit)
#12 481.7 npm http cache @opentelemetry/resource-detector-alibaba-cloud@https://registry.npmmirror.com/@opentelemetry/resource-detector-alibaba-cloud/-/resource-detector-alibaba-cloud-0.28.10.tgz 0ms (cache hit)
#12 481.7 npm http cache @opentelemetry/instrumentation-winston@https://registry.npmmirror.com/@opentelemetry/instrumentation-winston/-/instrumentation-winston-0.32.2.tgz 0ms (cache hit)
#12 481.7 npm http cache @opentelemetry/instrumentation-tedious@https://registry.npmmirror.com/@opentelemetry/instrumentation-tedious/-/instrumentation-tedious-0.6.5.tgz 0ms (cache hit)
#12 481.7 npm http cache @opentelemetry/instrumentation-socket.io@https://registry.npmmirror.com/@opentelemetry/instrumentation-socket.io/-/instrumentation-socket.io-0.34.4.tgz 0ms (cache hit)
#12 481.7 npm http cache @opentelemetry/instrumentation-router@https://registry.npmmirror.com/@opentelemetry/instrumentation-router/-/instrumentation-router-0.33.4.tgz 0ms (cache hit)
#12 481.7 npm http cache @opentelemetry/instrumentation-restify@https://registry.npmmirror.com/@opentelemetry/instrumentation-restify/-/instrumentation-restify-0.34.3.tgz 0ms (cache hit)
#12 481.7 npm http cache @opentelemetry/instrumentation-redis-4@https://registry.npmmirror.com/@opentelemetry/instrumentation-redis-4/-/instrumentation-redis-4-0.35.6.tgz 0ms (cache hit)
#12 481.7 npm http cache @opentelemetry/instrumentation-redis@https://registry.npmmirror.com/@opentelemetry/instrumentation-redis/-/instrumentation-redis-0.35.5.tgz 0ms (cache hit)
#12 481.7 npm http cache @opentelemetry/instrumentation-pino@https://registry.npmmirror.com/@opentelemetry/instrumentation-pino/-/instrumentation-pino-0.34.5.tgz 0ms (cache hit)
#12 481.7 npm http cache @opentelemetry/instrumentation-pg@https://registry.npmmirror.com/@opentelemetry/instrumentation-pg/-/instrumentation-pg-0.36.2.tgz 0ms (cache hit)
#12 481.7 npm http cache @opentelemetry/instrumentation-net@https://registry.npmmirror.com/@opentelemetry/instrumentation-net/-/instrumentation-net-0.32.5.tgz 0ms (cache hit)
#12 481.7 npm http cache @opentelemetry/instrumentation-nestjs-core@https://registry.npmmirror.com/@opentelemetry/instrumentation-nestjs-core/-/instrumentation-nestjs-core-0.33.4.tgz 0ms (cache hit)
#12 481.7 npm http cache @opentelemetry/instrumentation-mysql2@https://registry.npmmirror.com/@opentelemetry/instrumentation-mysql2/-/instrumentation-mysql2-0.34.5.tgz 0ms (cache hit)
#12 481.7 npm http cache @opentelemetry/instrumentation-mysql@https://registry.npmmirror.com/@opentelemetry/instrumentation-mysql/-/instrumentation-mysql-0.34.5.tgz 0ms (cache hit)
#12 481.7 npm http cache @opentelemetry/instrumentation-mongoose@https://registry.npmmirror.com/@opentelemetry/instrumentation-mongoose/-/instrumentation-mongoose-0.33.4.tgz 0ms (cache hit)
#12 481.7 npm http cache @opentelemetry/instrumentation-mongodb@https://registry.npmmirror.com/@opentelemetry/instrumentation-mongodb/-/instrumentation-mongodb-0.37.3.tgz 0ms (cache hit)
#12 481.7 npm http cache @opentelemetry/instrumentation-memcached@https://registry.npmmirror.com/@opentelemetry/instrumentation-memcached/-/instrumentation-memcached-0.32.5.tgz 0ms (cache hit)
#12 481.7 npm http cache @opentelemetry/instrumentation-lru-memoizer@https://registry.npmmirror.com/@opentelemetry/instrumentation-lru-memoizer/-/instrumentation-lru-memoizer-0.33.5.tgz 0ms (cache hit)
#12 481.7 npm http cache @opentelemetry/instrumentation-koa@https://registry.npmmirror.com/@opentelemetry/instrumentation-koa/-/instrumentation-koa-0.36.4.tgz 0ms (cache hit)
#12 481.7 npm http cache @opentelemetry/instrumentation-knex@https://registry.npmmirror.com/@opentelemetry/instrumentation-knex/-/instrumentation-knex-0.32.4.tgz 0ms (cache hit)
#12 481.7 npm http cache @opentelemetry/instrumentation-ioredis@https://registry.npmmirror.com/@opentelemetry/instrumentation-ioredis/-/instrumentation-ioredis-0.35.3.tgz 0ms (cache hit)
#12 481.7 npm http cache @opentelemetry/instrumentation-http@https://registry.npmmirror.com/@opentelemetry/instrumentation-http/-/instrumentation-http-0.44.0.tgz 0ms (cache hit)
#12 481.7 npm http cache @opentelemetry/instrumentation-hapi@https://registry.npmmirror.com/@opentelemetry/instrumentation-hapi/-/instrumentation-hapi-0.33.3.tgz 0ms (cache hit)
#12 481.7 npm http cache @opentelemetry/instrumentation-grpc@https://registry.npmmirror.com/@opentelemetry/instrumentation-grpc/-/instrumentation-grpc-0.44.0.tgz 0ms (cache hit)
#12 481.7 npm http cache @opentelemetry/instrumentation-graphql@https://registry.npmmirror.com/@opentelemetry/instrumentation-graphql/-/instrumentation-graphql-0.35.2.tgz 0ms (cache hit)
#12 481.7 npm http cache @opentelemetry/instrumentation-generic-pool@https://registry.npmmirror.com/@opentelemetry/instrumentation-generic-pool/-/instrumentation-generic-pool-0.32.5.tgz 0ms (cache hit)
#12 481.7 npm http cache @opentelemetry/instrumentation-fs@https://registry.npmmirror.com/@opentelemetry/instrumentation-fs/-/instrumentation-fs-0.8.4.tgz 0ms (cache hit)
#12 481.7 npm http cache @opentelemetry/instrumentation-fastify@https://registry.npmmirror.com/@opentelemetry/instrumentation-fastify/-/instrumentation-fastify-0.32.6.tgz 0ms (cache hit)
#12 481.7 npm http cache @opentelemetry/instrumentation-dns@https://registry.npmmirror.com/@opentelemetry/instrumentation-dns/-/instrumentation-dns-0.32.5.tgz 0ms (cache hit)
#12 481.7 npm http cache @opentelemetry/instrumentation-express@https://registry.npmmirror.com/@opentelemetry/instrumentation-express/-/instrumentation-express-0.33.3.tgz 0ms (cache hit)
#12 481.7 npm http cache @opentelemetry/instrumentation-dataloader@https://registry.npmmirror.com/@opentelemetry/instrumentation-dataloader/-/instrumentation-dataloader-0.5.4.tgz 0ms (cache hit)
#12 481.7 npm http cache @opentelemetry/instrumentation-cucumber@https://registry.npmmirror.com/@opentelemetry/instrumentation-cucumber/-/instrumentation-cucumber-0.1.2.tgz 0ms (cache hit)
#12 481.7 npm http cache @opentelemetry/instrumentation-connect@https://registry.npmmirror.com/@opentelemetry/instrumentation-connect/-/instrumentation-connect-0.32.4.tgz 0ms (cache hit)
#12 481.7 npm http cache @opentelemetry/instrumentation-cassandra-driver@https://registry.npmmirror.com/@opentelemetry/instrumentation-cassandra-driver/-/instrumentation-cassandra-driver-0.33.2.tgz 0ms (cache hit)
#12 481.7 npm http cache @opentelemetry/instrumentation-bunyan@https://registry.npmmirror.com/@opentelemetry/instrumentation-bunyan/-/instrumentation-bunyan-0.32.2.tgz 0ms (cache hit)
#12 481.7 npm http cache @opentelemetry/instrumentation-aws-sdk@https://registry.npmmirror.com/@opentelemetry/instrumentation-aws-sdk/-/instrumentation-aws-sdk-0.36.2.tgz 0ms (cache hit)
#12 481.7 npm http cache @opentelemetry/instrumentation-aws-lambda@https://registry.npmmirror.com/@opentelemetry/instrumentation-aws-lambda/-/instrumentation-aws-lambda-0.37.4.tgz 0ms (cache hit)
#12 481.7 npm http cache @opentelemetry/instrumentation@https://registry.npmmirror.com/@opentelemetry/instrumentation/-/instrumentation-0.44.0.tgz 0ms (cache hit)
#12 481.7 npm http cache xpath@https://registry.npmmirror.com/xpath/-/xpath-0.0.34.tgz 0ms (cache hit)
#12 481.7 npm http cache xmlbuilder@https://registry.npmmirror.com/xmlbuilder/-/xmlbuilder-15.1.1.tgz 0ms (cache hit)
#12 481.7 npm http cache xml-encryption@https://registry.npmmirror.com/xml-encryption/-/xml-encryption-3.1.0.tgz 0ms (cache hit)
#12 481.7 npm http cache @xmldom/is-dom-node@https://registry.npmmirror.com/@xmldom/is-dom-node/-/is-dom-node-1.0.1.tgz 0ms (cache hit)
#12 481.7 npm http cache @types/xml2js@https://registry.npmmirror.com/@types/xml2js/-/xml2js-0.4.14.tgz 0ms (cache hit)
#12 481.7 npm http cache @types/xml-encryption@https://registry.npmmirror.com/@types/xml-encryption/-/xml-encryption-1.2.4.tgz 0ms (cache hit)
#12 481.7 npm http cache @types/qs@https://registry.npmmirror.com/@types/qs/-/qs-6.15.1.tgz 0ms (cache hit)
#12 481.7 npm http cache @types/debug@https://registry.npmmirror.com/@types/debug/-/debug-4.1.13.tgz 0ms (cache hit)
#12 481.7 npm http cache @opentelemetry/instrumentation-amqplib@https://registry.npmmirror.com/@opentelemetry/instrumentation-amqplib/-/instrumentation-amqplib-0.33.5.tgz 0ms (cache hit)
#12 481.7 npm http cache passport-strategy@https://registry.npmmirror.com/passport-strategy/-/passport-strategy-1.0.0.tgz 0ms (cache hit)
#12 481.7 npm http cache @types/passport@https://registry.npmmirror.com/@types/passport/-/passport-1.0.17.tgz 0ms (cache hit)
#12 481.7 npm http cache @types/passport-strategy@https://registry.npmmirror.com/@types/passport-strategy/-/passport-strategy-0.2.38.tgz 0ms (cache hit)
#12 481.7 npm http cache @node-saml/node-saml@https://registry.npmmirror.com/@node-saml/node-saml/-/node-saml-5.1.0.tgz 0ms (cache hit)
#12 481.7 npm http cache type-is@https://registry.npmmirror.com/type-is/-/type-is-2.0.1.tgz 1ms (cache hit)
#12 481.7 npm http cache mime-types@https://registry.npmmirror.com/mime-types/-/mime-types-2.1.35.tgz 0ms (cache hit)
#12 481.7 npm http cache @node-oauth/formats@https://registry.npmmirror.com/@node-oauth/formats/-/formats-1.0.0.tgz 0ms (cache hit)
#12 481.7 npm http cache gaxios@https://registry.npmmirror.com/gaxios/-/gaxios-5.1.3.tgz 0ms (cache hit)
#12 481.7 npm http cache mime@https://registry.npmmirror.com/mime/-/mime-3.0.0.tgz 0ms (cache hit)
#12 481.7 npm http cache fast-xml-parser@https://registry.npmmirror.com/fast-xml-parser/-/fast-xml-parser-4.5.6.tgz 0ms (cache hit)
#12 481.7 npm http cache compressible@https://registry.npmmirror.com/compressible/-/compressible-2.0.18.tgz 0ms (cache hit)
#12 481.7 npm http cache teeny-request@https://registry.npmmirror.com/teeny-request/-/teeny-request-8.0.3.tgz 0ms (cache hit)
#12 481.7 npm http cache async-retry@https://registry.npmmirror.com/async-retry/-/async-retry-1.3.3.tgz 0ms (cache hit)
#12 481.7 npm http cache retry-request@https://registry.npmmirror.com/retry-request/-/retry-request-5.0.2.tgz 0ms (cache hit)
#12 481.7 npm http cache google-auth-library@https://registry.npmmirror.com/google-auth-library/-/google-auth-library-8.9.0.tgz 0ms (cache hit)
#12 481.7 npm http cache ent@https://registry.npmmirror.com/ent/-/ent-2.2.2.tgz 0ms (cache hit)
#12 481.7 npm http cache @google-cloud/projectify@https://registry.npmmirror.com/@google-cloud/projectify/-/projectify-3.0.0.tgz 0ms (cache hit)
#12 481.7 npm http cache stream-events@https://registry.npmmirror.com/stream-events/-/stream-events-1.0.5.tgz 0ms (cache hit)
#12 481.7 npm http cache is@https://registry.npmmirror.com/is/-/is-3.3.2.tgz 0ms (cache hit)
#12 481.7 npm http cache extend@https://registry.npmmirror.com/extend/-/extend-3.0.2.tgz 0ms (cache hit)
#12 481.7 npm http cache duplexify@https://registry.npmmirror.com/duplexify/-/duplexify-4.1.3.tgz 0ms (cache hit)
#12 481.7 npm http cache big.js@https://registry.npmmirror.com/big.js/-/big.js-6.2.2.tgz 0ms (cache hit)
#12 481.7 npm http cache arrify@https://registry.npmmirror.com/arrify/-/arrify-2.0.1.tgz 0ms (cache hit)
#12 481.7 npm http cache @google-cloud/promisify@https://registry.npmmirror.com/@google-cloud/promisify/-/promisify-3.0.1.tgz 0ms (cache hit)
#12 481.7 npm http cache @google-cloud/precise-date@https://registry.npmmirror.com/@google-cloud/precise-date/-/precise-date-3.0.1.tgz 0ms (cache hit)
#12 481.7 npm http cache @google-cloud/paginator@https://registry.npmmirror.com/@google-cloud/paginator/-/paginator-4.0.1.tgz 0ms (cache hit)
#12 481.7 npm http cache @google-cloud/common@https://registry.npmmirror.com/@google-cloud/common/-/common-4.0.3.tgz 0ms (cache hit)
#12 481.7 npm http cache picocolors@https://registry.npmmirror.com/picocolors/-/picocolors-1.1.1.tgz 0ms (cache hit)
#12 481.7 npm http cache @babel/helper-string-parser@https://registry.npmmirror.com/@babel/helper-string-parser/-/helper-string-parser-7.29.7.tgz 0ms (cache hit)
#12 481.7 npm http cache js-tokens@https://registry.npmmirror.com/js-tokens/-/js-tokens-4.0.0.tgz 0ms (cache hit)
#12 481.7 npm http cache json5@https://registry.npmmirror.com/json5/-/json5-2.2.3.tgz 0ms (cache hit)
#12 481.7 npm http cache debug@https://registry.npmmirror.com/debug/-/debug-4.4.3.tgz 0ms (cache hit)
#12 481.7 npm http cache @babel/types@https://registry.npmmirror.com/@babel/types/-/types-7.29.7.tgz 0ms (cache hit)
#12 481.7 npm http cache @babel/helper-validator-identifier@https://registry.npmmirror.com/@babel/helper-validator-identifier/-/helper-validator-identifier-7.29.7.tgz 0ms (cache hit)
#12 481.7 npm http cache @babel/parser@https://registry.npmmirror.com/@babel/parser/-/parser-7.29.7.tgz 0ms (cache hit)
#12 481.7 npm http cache slash@https://registry.npmmirror.com/slash/-/slash-2.0.0.tgz 0ms (cache hit)
#12 481.7 npm http cache supports-color@https://registry.npmmirror.com/supports-color/-/supports-color-7.2.0.tgz 0ms (cache hit)
#12 481.7 npm http cache proxy-addr@https://registry.npmmirror.com/proxy-addr/-/proxy-addr-2.0.7.tgz 0ms (cache hit)
#12 481.7 npm http cache base64id@https://registry.npmmirror.com/base64id/-/base64id-0.1.0.tgz 0ms (cache hit)
#12 481.7 npm http cache throng@https://registry.npmmirror.com/throng/-/throng-4.0.0.tgz 0ms (cache hit)
#12 481.7 npm http cache temp@https://registry.npmmirror.com/temp/-/temp-0.8.4.tgz 0ms (cache hit)
#12 481.7 npm http cache swagger-tools@https://registry.npmmirror.com/swagger-tools/-/swagger-tools-0.10.4.tgz 0ms (cache hit)
#12 481.7 npm http cache pg-query-stream@https://registry.npmmirror.com/pg-query-stream/-/pg-query-stream-4.15.0.tgz 0ms (cache hit)
#12 481.7 npm http cache knex@https://registry.npmmirror.com/knex/-/knex-2.5.1.tgz 0ms (cache hit)
#12 481.7 npm http cache pg@https://registry.npmmirror.com/pg/-/pg-8.21.0.tgz 0ms (cache hit)
#12 481.7 npm http cache generic-pool@https://registry.npmmirror.com/generic-pool/-/generic-pool-2.5.4.tgz 0ms (cache hit)
#12 481.7 npm http cache http-status@https://registry.npmmirror.com/http-status/-/http-status-1.8.1.tgz 0ms (cache hit)
#12 481.7 npm http cache fs-extra@https://registry.npmmirror.com/fs-extra/-/fs-extra-9.1.0.tgz 0ms (cache hit)
#12 481.7 npm http cache command-line-args@https://registry.npmmirror.com/command-line-args/-/command-line-args-3.0.5.tgz 0ms (cache hit)
#12 481.7 npm http cache config@https://registry.npmmirror.com/config/-/config-3.3.12.tgz 0ms (cache hit)
#12 481.7 npm http cache bluebird@https://registry.npmmirror.com/bluebird/-/bluebird-3.7.2.tgz 0ms (cache hit)
#12 481.7 npm http cache @paralleldrive/cuid2@https://registry.npmmirror.com/@paralleldrive/cuid2/-/cuid2-2.3.1.tgz 0ms (cache hit)
#12 481.7 npm http cache lodash.once@https://registry.npmmirror.com/lodash.once/-/lodash.once-4.1.1.tgz 0ms (cache hit)
#12 481.7 npm http cache cluster-key-slot@https://registry.npmmirror.com/cluster-key-slot/-/cluster-key-slot-1.1.2.tgz 0ms (cache hit)
#12 481.7 npm http cache underscore@https://registry.npmmirror.com/underscore/-/underscore-1.13.8.tgz 0ms (cache hit)
#12 481.7 npm http cache workerpool@https://registry.npmmirror.com/workerpool/-/workerpool-6.5.1.tgz 0ms (cache hit)
#12 481.7 npm http cache tar-fs@https://registry.npmmirror.com/tar-fs/-/tar-fs-3.1.2.tgz 0ms (cache hit)
#12 481.7 npm http cache send@https://registry.npmmirror.com/send/-/send-0.19.2.tgz 0ms (cache hit)
#12 481.7 npm http cache dockerode@https://registry.npmmirror.com/dockerode/-/dockerode-4.0.12.tgz 0ms (cache hit)
#12 481.7 npm http cache exegesis-express@https://registry.npmmirror.com/exegesis-express/-/exegesis-express-4.0.0.tgz 0ms (cache hit)
#12 481.7 npm http cache ioredis@https://registry.npmmirror.com/ioredis/-/ioredis-4.27.11.tgz 0ms (cache hit)
#12 481.7 npm http cache path-browserify@https://registry.npmmirror.com/path-browserify/-/path-browserify-1.0.1.tgz 0ms (cache hit)
#12 481.7 npm http cache p-map@https://registry.npmmirror.com/p-map/-/p-map-4.0.0.tgz 0ms (cache hit)
#12 481.7 npm http cache check-types@https://registry.npmmirror.com/check-types/-/check-types-5.1.0.tgz 0ms (cache hit)
#12 481.7 npm http cache tiny-async-pool@https://registry.npmmirror.com/tiny-async-pool/-/tiny-async-pool-1.3.0.tgz 0ms (cache hit)
#12 481.7 npm http cache range-parser@https://registry.npmmirror.com/range-parser/-/range-parser-1.2.1.tgz 0ms (cache hit)
#12 481.7 npm http cache aws-sdk@https://registry.npmmirror.com/aws-sdk/-/aws-sdk-2.1692.0.tgz 0ms (cache hit)
#12 481.7 npm http cache @google-cloud/storage@https://registry.npmmirror.com/@google-cloud/storage/-/storage-6.12.0.tgz 0ms (cache hit)
#12 481.7 npm http cache mongodb@https://registry.npmmirror.com/mongodb/-/mongodb-6.12.0.tgz 0ms (cache hit)
#12 481.7 npm http cache yn@https://registry.npmmirror.com/yn/-/yn-3.1.1.tgz 0ms (cache hit)
#12 481.7 npm http cache compression@https://registry.npmmirror.com/compression/-/compression-1.8.1.tgz 0ms (cache hit)
#12 481.7 npm http cache prom-client@https://registry.npmmirror.com/prom-client/-/prom-client-14.2.0.tgz 0ms (cache hit)
#12 481.7 npm http cache @opentelemetry/semantic-conventions@https://registry.npmmirror.com/@opentelemetry/semantic-conventions/-/semantic-conventions-1.41.1.tgz 0ms (cache hit)
#12 481.7 npm http cache @opentelemetry/api@https://registry.npmmirror.com/@opentelemetry/api/-/api-1.4.1.tgz 0ms (cache hit)
#12 481.7 npm http cache @opentelemetry/sdk-node@https://registry.npmmirror.com/@opentelemetry/sdk-node/-/sdk-node-0.41.2.tgz 0ms (cache hit)
#12 481.7 npm http cache @opentelemetry/resources@https://registry.npmmirror.com/@opentelemetry/resources/-/resources-1.30.1.tgz 0ms (cache hit)
#12 481.7 npm http cache @opentelemetry/exporter-trace-otlp-http@https://registry.npmmirror.com/@opentelemetry/exporter-trace-otlp-http/-/exporter-trace-otlp-http-0.41.2.tgz 0ms (cache hit)
#12 481.7 npm http cache @opentelemetry/auto-instrumentations-node@https://registry.npmmirror.com/@opentelemetry/auto-instrumentations-node/-/auto-instrumentations-node-0.39.4.tgz 0ms (cache hit)
#12 481.7 npm http cache yauzl@https://registry.npmmirror.com/yauzl/-/yauzl-2.10.0.tgz 0ms (cache hit)
#12 481.7 npm http cache xregexp@https://registry.npmmirror.com/xregexp/-/xregexp-4.4.1.tgz 0ms (cache hit)
#12 481.7 npm http cache xml2js@https://registry.npmmirror.com/xml2js/-/xml2js-0.6.2.tgz 0ms (cache hit)
#12 481.7 npm http cache valid-url@https://registry.npmmirror.com/valid-url/-/valid-url-1.0.9.tgz 0ms (cache hit)
#12 481.7 npm http cache valid-data-url@https://registry.npmmirror.com/valid-data-url/-/valid-data-url-2.0.0.tgz 0ms (cache hit)
#12 481.7 npm http cache uuid@https://registry.npmmirror.com/uuid/-/uuid-9.0.1.tgz 0ms (cache hit)
#12 481.7 npm http cache utf-8-validate@https://registry.npmmirror.com/utf-8-validate/-/utf-8-validate-5.0.10.tgz 0ms (cache hit)
#12 481.7 npm http cache uid-safe@https://registry.npmmirror.com/uid-safe/-/uid-safe-2.1.5.tgz 0ms (cache hit)
#12 481.7 npm http cache tsscmp@https://registry.npmmirror.com/tsscmp/-/tsscmp-1.0.6.tgz 0ms (cache hit)
#12 481.7 npm http cache tough-cookie@https://registry.npmmirror.com/tough-cookie/-/tough-cookie-4.1.4.tgz 0ms (cache hit)
#12 481.7 npm http cache stripe@https://registry.npmmirror.com/stripe/-/stripe-18.5.0.tgz 0ms (cache hit)
#12 481.7 npm http cache sanitize-html@https://registry.npmmirror.com/sanitize-html/-/sanitize-html-2.17.4.tgz 0ms (cache hit)
#12 481.7 npm http cache request@https://registry.npmmirror.com/request/-/request-2.88.2.tgz 0ms (cache hit)
#12 481.7 npm http cache requestretry@https://registry.npmmirror.com/requestretry/-/requestretry-7.1.0.tgz 0ms (cache hit)
#12 481.7 npm http cache xml-crypto@https://registry.npmmirror.com/xml-crypto/-/xml-crypto-2.1.6.tgz 0ms (cache hit)
#12 481.7 npm http cache recurly@https://registry.npmmirror.com/recurly/-/recurly-4.75.0.tgz 0ms (cache hit)
#12 481.7 npm http cache rate-limiter-flexible@https://registry.npmmirror.com/rate-limiter-flexible/-/rate-limiter-flexible-2.4.2.tgz 0ms (cache hit)
#12 481.7 npm http cache pug-runtime@https://registry.npmmirror.com/pug-runtime/-/pug-runtime-3.0.1.tgz 0ms (cache hit)
#12 481.7 npm http cache pug@https://registry.npmmirror.com/pug/-/pug-3.0.4.tgz 0ms (cache hit)
#12 481.7 npm http cache prop-types@https://registry.npmmirror.com/prop-types/-/prop-types-15.8.1.tgz 0ms (cache hit)
#12 481.7 npm http cache passport-orcid@https://registry.npmmirror.com/passport-orcid/-/passport-orcid-0.0.4.tgz 0ms (cache hit)
#12 481.7 npm http cache passport-oauth2@https://registry.npmmirror.com/passport-oauth2/-/passport-oauth2-1.8.0.tgz 0ms (cache hit)
#12 481.7 npm http cache passport-local@https://registry.npmmirror.com/passport-local/-/passport-local-1.0.0.tgz 0ms (cache hit)
#12 481.7 npm http cache passport-ldapauth@https://registry.npmmirror.com/passport-ldapauth/-/passport-ldapauth-2.1.4.tgz 0ms (cache hit)
#12 481.7 npm http cache passport-google-oauth20@https://registry.npmmirror.com/passport-google-oauth20/-/passport-google-oauth20-2.0.0.tgz 0ms (cache hit)
#12 481.7 npm http cache passport@https://registry.npmmirror.com/passport/-/passport-0.6.0.tgz 0ms (cache hit)
#12 481.7 npm http cache parse-data-url@https://registry.npmmirror.com/parse-data-url/-/parse-data-url-2.0.0.tgz 0ms (cache hit)
#12 481.7 npm http cache p-queue@https://registry.npmmirror.com/p-queue/-/p-queue-8.1.1.tgz 0ms (cache hit)
#12 481.7 npm http cache p-props@https://registry.npmmirror.com/p-props/-/p-props-4.0.0.tgz 0ms (cache hit)
#12 481.7 npm http cache p-limit@https://registry.npmmirror.com/p-limit/-/p-limit-2.3.0.tgz 0ms (cache hit)
#12 481.7 npm http cache otplib@https://registry.npmmirror.com/otplib/-/otplib-12.0.1.tgz 0ms (cache hit)
#12 481.7 npm http cache on-headers@https://registry.npmmirror.com/on-headers/-/on-headers-1.1.0.tgz 0ms (cache hit)
#12 481.7 npm http cache nodemailer-ses-transport@https://registry.npmmirror.com/nodemailer-ses-transport/-/nodemailer-ses-transport-1.5.1.tgz 0ms (cache hit)
#12 481.7 npm http cache nodemailer@https://registry.npmmirror.com/nodemailer/-/nodemailer-6.10.1.tgz 0ms (cache hit)
#12 481.7 npm http cache node-fetch@https://registry.npmmirror.com/node-fetch/-/node-fetch-2.7.0.tgz 0ms (cache hit)
#12 481.7 npm http cache nocache@https://registry.npmmirror.com/nocache/-/nocache-2.1.0.tgz 0ms (cache hit)
#12 481.7 npm http cache multer@https://registry.npmmirror.com/multer/-/multer-2.1.1.tgz 0ms (cache hit)
#12 481.7 npm http cache mongoose@https://registry.npmmirror.com/mongoose/-/mongoose-8.9.5.tgz 0ms (cache hit)
#12 481.7 npm http cache mongodb-legacy@https://registry.npmmirror.com/mongodb-legacy/-/mongodb-legacy-6.1.3.tgz 0ms (cache hit)
#12 481.7 npm http cache mmmagic@https://registry.npmmirror.com/mmmagic/-/mmmagic-0.5.3.tgz 0ms (cache hit)
#12 481.7 npm http cache minimist@https://registry.npmmirror.com/minimist/-/minimist-1.2.8.tgz 0ms (cache hit)
#12 481.7 npm http cache minimatch@https://registry.npmmirror.com/minimatch/-/minimatch-7.4.9.tgz 0ms (cache hit)
#12 481.7 npm http cache method-override@https://registry.npmmirror.com/method-override/-/method-override-2.3.10.tgz 0ms (cache hit)
#12 481.7 npm http cache marked@https://registry.npmmirror.com/marked/-/marked-4.3.0.tgz 0ms (cache hit)
#12 481.7 npm http cache lru-cache@https://registry.npmmirror.com/lru-cache/-/lru-cache-7.18.3.tgz 0ms (cache hit)
#12 481.7 npm http cache json2csv@https://registry.npmmirror.com/json2csv/-/json2csv-4.5.4.tgz 0ms (cache hit)
#12 481.7 npm http cache jsonwebtoken@https://registry.npmmirror.com/jsonwebtoken/-/jsonwebtoken-9.0.3.tgz 0ms (cache hit)
#12 481.7 npm http cache lodash@https://registry.npmmirror.com/lodash/-/lodash-4.18.1.tgz 0ms (cache hit)
#12 481.7 npm http cache jose@https://registry.npmmirror.com/jose/-/jose-4.15.9.tgz 0ms (cache hit)
#12 481.7 npm http cache joi@https://registry.npmmirror.com/joi/-/joi-17.13.3.tgz 0ms (cache hit)
#12 481.7 npm http cache i18next-http-middleware@https://registry.npmmirror.com/i18next-http-middleware/-/i18next-http-middleware-3.9.7.tgz 0ms (cache hit)
#12 481.7 npm http cache i18next@https://registry.npmmirror.com/i18next/-/i18next-23.16.8.tgz 0ms (cache hit)
#12 481.7 npm http cache i18next-fs-backend@https://registry.npmmirror.com/i18next-fs-backend/-/i18next-fs-backend-2.6.6.tgz 0ms (cache hit)
#12 481.7 npm http cache https-proxy-agent@https://registry.npmmirror.com/https-proxy-agent/-/https-proxy-agent-7.0.6.tgz 0ms (cache hit)
#12 481.7 npm http cache glob@https://registry.npmmirror.com/glob/-/glob-7.2.3.tgz 0ms (cache hit)
#12 481.7 npm http cache globby@https://registry.npmmirror.com/globby/-/globby-5.0.0.tgz 0ms (cache hit)
#12 481.7 npm http cache helmet@https://registry.npmmirror.com/helmet/-/helmet-6.2.0.tgz 0ms (cache hit)
#12 481.7 npm http cache express-session@https://registry.npmmirror.com/express-session/-/express-session-1.19.0.tgz 0ms (cache hit)
#12 481.7 npm http cache express-http-proxy@https://registry.npmmirror.com/express-http-proxy/-/express-http-proxy-1.6.3.tgz 0ms (cache hit)
#12 481.7 npm http cache express@https://registry.npmmirror.com/express/-/express-4.22.2.tgz 0ms (cache hit)
#12 481.7 npm http cache express-bearer-token@https://registry.npmmirror.com/express-bearer-token/-/express-bearer-token-2.4.0.tgz 0ms (cache hit)
#12 481.7 npm http cache eventsource-parser@https://registry.npmmirror.com/eventsource-parser/-/eventsource-parser-1.1.2.tgz 0ms (cache hit)
#12 481.7 npm http cache esmock@https://registry.npmmirror.com/esmock/-/esmock-2.7.6.tgz 0ms (cache hit)
#12 481.7 npm http cache es6-promise@https://registry.npmmirror.com/es6-promise/-/es6-promise-4.2.8.tgz 0ms (cache hit)
#12 481.7 npm http cache email-addresses@https://registry.npmmirror.com/email-addresses/-/email-addresses-5.0.0.tgz 0ms (cache hit)
#12 481.7 npm http cache ejs@https://registry.npmmirror.com/ejs/-/ejs-3.1.10.tgz 0ms (cache hit)
#12 481.7 npm http cache east@https://registry.npmmirror.com/east/-/east-2.0.3.tgz 0ms (cache hit)
#12 481.7 npm http cache dateformat@https://registry.npmmirror.com/dateformat/-/dateformat-1.0.4-1.2.3.tgz 0ms (cache hit)
#12 481.7 npm http cache csv@https://registry.npmmirror.com/csv/-/csv-6.5.1.tgz 0ms (cache hit)
#12 481.7 npm http cache csurf@https://registry.npmmirror.com/csurf/-/csurf-1.11.0.tgz 0ms (cache hit)
#12 481.7 npm http cache cookie-parser@https://registry.npmmirror.com/cookie-parser/-/cookie-parser-1.4.6.tgz 0ms (cache hit)
#12 481.7 npm http cache crc-32@https://registry.npmmirror.com/crc-32/-/crc-32-1.2.2.tgz 0ms (cache hit)
#12 481.7 npm http cache content-disposition@https://registry.npmmirror.com/content-disposition/-/content-disposition-0.5.4.tgz 0ms (cache hit)
#12 481.7 npm http cache cookie@https://registry.npmmirror.com/cookie/-/cookie-0.2.4.tgz 0ms (cache hit)
#12 481.7 npm http cache connect-redis@https://registry.npmmirror.com/connect-redis/-/connect-redis-6.1.3.tgz 0ms (cache hit)
#12 481.7 npm http cache celebrate@https://registry.npmmirror.com/celebrate/-/celebrate-15.0.3.tgz 0ms (cache hit)
#12 481.7 npm http cache cache-flow@https://registry.npmmirror.com/cache-flow/-/cache-flow-1.10.0.tgz 0ms (cache hit)
#12 481.7 npm http cache bunyan@https://registry.npmmirror.com/bunyan/-/bunyan-1.8.15.tgz 0ms (cache hit)
#12 481.7 npm http cache bull@https://registry.npmmirror.com/bull/-/bull-3.29.3.tgz 0ms (cache hit)
#12 481.7 npm http cache moment@https://registry.npmmirror.com/moment/-/moment-2.30.1.tgz 0ms (cache hit)
#12 481.7 npm http cache body-parser@https://registry.npmmirror.com/body-parser/-/body-parser-1.20.5.tgz 0ms (cache hit)
#12 481.7 npm http cache bowser@https://registry.npmmirror.com/bowser/-/bowser-2.14.1.tgz 0ms (cache hit)
#12 481.7 npm http cache bcrypt@https://registry.npmmirror.com/bcrypt/-/bcrypt-5.1.1.tgz 0ms (cache hit)
#12 481.7 npm http cache basic-auth@https://registry.npmmirror.com/basic-auth/-/basic-auth-2.0.1.tgz 0ms (cache hit)
#12 481.7 npm http cache base-x@https://registry.npmmirror.com/base-x/-/base-x-4.0.1.tgz 0ms (cache hit)
#12 481.7 npm http cache async@https://registry.npmmirror.com/async/-/async-3.2.6.tgz 0ms (cache hit)
#12 481.7 npm http cache postcss@https://registry.npmmirror.com/postcss/-/postcss-8.5.15.tgz 0ms (cache hit)
#12 481.7 npm http cache archiver@https://registry.npmmirror.com/archiver/-/archiver-5.3.2.tgz 0ms (cache hit)
#12 481.7 npm http cache ajv@https://registry.npmmirror.com/ajv/-/ajv-8.20.0.tgz 0ms (cache hit)
#12 481.7 npm http cache acorn@https://registry.npmmirror.com/acorn/-/acorn-7.4.1.tgz 0ms (cache hit)
#12 481.7 npm http cache accepts@https://registry.npmmirror.com/accepts/-/accepts-1.3.8.tgz 0ms (cache hit)
#12 481.7 npm http cache abort-controller@https://registry.npmmirror.com/abort-controller/-/abort-controller-3.0.0.tgz 0ms (cache hit)
#12 481.7 npm http cache @xmldom/xmldom@https://registry.npmmirror.com/@xmldom/xmldom/-/xmldom-0.7.13.tgz 0ms (cache hit)
#12 481.7 npm http cache @types/express@https://registry.npmmirror.com/@types/express/-/express-4.17.25.tgz 0ms (cache hit)
#12 481.7 npm http cache @stripe/stripe-js@https://registry.npmmirror.com/@stripe/stripe-js/-/stripe-js-5.10.0.tgz 0ms (cache hit)
#12 481.7 npm http cache @stripe/react-stripe-js@https://registry.npmmirror.com/@stripe/react-stripe-js/-/react-stripe-js-3.10.0.tgz 0ms (cache hit)
#12 481.7 npm http cache react-dom@https://registry.npmmirror.com/react-dom/-/react-dom-18.3.1.tgz 0ms (cache hit)
#12 481.7 npm http cache react@https://registry.npmmirror.com/react/-/react-18.3.1.tgz 0ms (cache hit)
#12 481.7 npm http cache @node-saml/passport-saml@https://registry.npmmirror.com/@node-saml/passport-saml/-/passport-saml-5.1.0.tgz 0ms (cache hit)
#12 481.7 npm http cache @phosphor-icons/react@https://registry.npmmirror.com/@phosphor-icons/react/-/react-2.1.10.tgz 0ms (cache hit)
#12 481.7 npm http cache @node-oauth/oauth2-server@https://registry.npmmirror.com/@node-oauth/oauth2-server/-/oauth2-server-5.3.0.tgz 0ms (cache hit)
#12 481.7 npm http cache @google-cloud/bigquery@https://registry.npmmirror.com/@google-cloud/bigquery/-/bigquery-6.2.1.tgz 0ms (cache hit)
#12 481.7 npm http cache patch-package@https://registry.npmmirror.com/patch-package/-/patch-package-8.0.1.tgz 0ms (cache hit)
#12 481.7 npm http cache @types/chai-as-promised@https://registry.npmmirror.com/@types/chai-as-promised/-/chai-as-promised-7.1.8.tgz 0ms (cache hit)
#12 481.7 npm http cache @types/chai@https://registry.npmmirror.com/@types/chai/-/chai-4.3.20.tgz 0ms (cache hit)
#12 481.7 npm http cache ms@https://registry.npmmirror.com/ms/-/ms-2.0.0.tgz 0ms (cache hit)
#12 481.7 npm http cache debug@https://registry.npmmirror.com/debug/-/debug-3.1.0.tgz 0ms (cache hit)
#12 481.7 npm http cache denque@https://registry.npmmirror.com/denque/-/denque-2.1.0.tgz 0ms (cache hit)
#12 481.7 npm http cache yocto-queue@https://registry.npmmirror.com/yocto-queue/-/yocto-queue-1.2.2.tgz 0ms (cache hit)
#12 481.7 npm http cache cluster-key-slot@https://registry.npmmirror.com/cluster-key-slot/-/cluster-key-slot-1.1.1.tgz 0ms (cache hit)
#12 481.7 npm http cache uuid@https://registry.npmmirror.com/uuid/-/uuid-8.3.2.tgz 0ms (cache hit)
#12 481.7 npm http cache semver@https://registry.npmmirror.com/semver/-/semver-7.8.2.tgz 0ms (cache hit)
#12 481.7 npm http cache ioredis@https://registry.npmmirror.com/ioredis/-/ioredis-5.11.1.tgz 0ms (cache hit)
#12 481.7 npm http cache cron-parser@https://registry.npmmirror.com/cron-parser/-/cron-parser-4.9.0.tgz 0ms (cache hit)
#12 481.7 npm http cache p-limit@https://registry.npmmirror.com/p-limit/-/p-limit-6.2.0.tgz 0ms (cache hit)
#12 481.7 npm http cache helmet@https://registry.npmmirror.com/helmet/-/helmet-3.23.3.tgz 0ms (cache hit)
#12 481.7 npm http cache method-override@https://registry.npmmirror.com/method-override/-/method-override-3.0.0.tgz 0ms (cache hit)
#12 481.7 npm http cache bull@https://registry.npmmirror.com/bull/-/bull-4.16.5.tgz 0ms (cache hit)
#12 481.7 npm http cache p-limit@https://registry.npmmirror.com/p-limit/-/p-limit-3.1.0.tgz 0ms (cache hit)
#12 481.7 npm http cache check-types@https://registry.npmmirror.com/check-types/-/check-types-11.2.3.tgz 0ms (cache hit)
#12 481.7 npm http cache selfsigned@https://registry.npmmirror.com/selfsigned/-/selfsigned-2.4.1.tgz 0ms (cache hit)
#12 481.7 npm http cache emoji-regex@https://registry.npmmirror.com/emoji-regex/-/emoji-regex-8.0.0.tgz 0ms (cache hit)
#12 481.7 npm http cache ansi-styles@https://registry.npmmirror.com/ansi-styles/-/ansi-styles-6.2.3.tgz 0ms (cache hit)
#12 481.7 npm http cache strip-ansi@https://registry.npmmirror.com/strip-ansi/-/strip-ansi-7.2.0.tgz 0ms (cache hit)
#12 481.7 npm http cache ansi-regex@https://registry.npmmirror.com/ansi-regex/-/ansi-regex-6.2.2.tgz 0ms (cache hit)
#12 481.7 npm http cache wrap-ansi@https://registry.npmmirror.com/wrap-ansi/-/wrap-ansi-8.1.0.tgz 0ms (cache hit)
#12 481.7 npm http cache string-width@https://registry.npmmirror.com/string-width/-/string-width-5.1.2.tgz 0ms (cache hit)
#12 481.7 npm http cache lru-cache@https://registry.npmmirror.com/lru-cache/-/lru-cache-10.4.3.tgz 0ms (cache hit)
#12 481.7 npm http cache bowser@https://registry.npmmirror.com/bowser/-/bowser-2.9.0.tgz 0ms (cache hit)
#12 481.7 npm http cache punycode@https://registry.npmmirror.com/punycode/-/punycode-2.3.1.tgz 0ms (cache hit)
#12 481.7 npm http cache process@https://registry.npmmirror.com/process/-/process-0.10.1.tgz 0ms (cache hit)
#12 481.7 npm http cache buffer@https://registry.npmmirror.com/buffer/-/buffer-5.7.1.tgz 0ms (cache hit)
#12 481.7 npm http cache b4a@https://registry.npmmirror.com/b4a/-/b4a-1.8.1.tgz 0ms (cache hit)
#12 481.7 npm http cache minipass@https://registry.npmmirror.com/minipass/-/minipass-3.3.6.tgz 0ms (cache hit)
#12 481.7 npm http cache minipass@https://registry.npmmirror.com/minipass/-/minipass-3.3.6.tgz 0ms (cache hit)
#12 481.7 npm http cache punycode@https://registry.npmmirror.com/punycode/-/punycode-2.3.1.tgz 0ms (cache hit)
#12 481.7 npm http cache semver@https://registry.npmmirror.com/semver/-/semver-7.8.2.tgz 0ms (cache hit)
#12 481.7 npm http cache mime@https://registry.npmmirror.com/mime/-/mime-2.6.0.tgz 0ms (cache hit)
#12 481.7 npm http cache formidable@https://registry.npmmirror.com/formidable/-/formidable-2.1.5.tgz 0ms (cache hit)
#12 481.7 npm http cache superagent@https://registry.npmmirror.com/superagent/-/superagent-7.1.6.tgz 0ms (cache hit)
#12 481.7 npm http cache form-data@https://registry.npmmirror.com/form-data/-/form-data-4.0.4.tgz 0ms (cache hit)
#12 481.7 npm http cache core-js@https://registry.npmmirror.com/core-js/-/core-js-2.6.12.tgz 0ms (cache hit)
#12 481.7 npm http cache commander@https://registry.npmmirror.com/commander/-/commander-2.20.3.tgz 0ms (cache hit)
#12 481.7 npm http cache isarray@https://registry.npmmirror.com/isarray/-/isarray-1.0.0.tgz 0ms (cache hit)
#12 481.7 npm http cache string_decoder@https://registry.npmmirror.com/string_decoder/-/string_decoder-1.1.1.tgz 0ms (cache hit)
#12 481.7 npm http cache mime@https://registry.npmmirror.com/mime/-/mime-1.6.0.tgz 0ms (cache hit)
#12 481.7 npm http cache form-data@https://registry.npmmirror.com/form-data/-/form-data-2.5.5.tgz 0ms (cache hit)
#12 481.7 npm http cache readable-stream@https://registry.npmmirror.com/readable-stream/-/readable-stream-2.3.8.tgz 0ms (cache hit)
#12 481.7 npm http cache debug@https://registry.npmmirror.com/debug/-/debug-3.2.7.tgz 0ms (cache hit)
#12 481.7 npm http cache safe-buffer@https://registry.npmmirror.com/safe-buffer/-/safe-buffer-5.2.1.tgz 0ms (cache hit)
#12 481.7 npm http cache sprintf-js@https://registry.npmmirror.com/sprintf-js/-/sprintf-js-1.0.3.tgz 0ms (cache hit)
#12 481.7 npm http cache argparse@https://registry.npmmirror.com/argparse/-/argparse-1.0.10.tgz 0ms (cache hit)
#12 481.7 npm http cache slash@https://registry.npmmirror.com/slash/-/slash-3.0.0.tgz 0ms (cache hit)
#12 481.7 npm http cache js-yaml@https://registry.npmmirror.com/js-yaml/-/js-yaml-3.14.2.tgz 0ms (cache hit)
#12 481.7 npm http cache commander@https://registry.npmmirror.com/commander/-/commander-4.1.1.tgz 0ms (cache hit)
#12 481.7 npm http cache ajv@https://registry.npmmirror.com/ajv/-/ajv-6.15.0.tgz 0ms (cache hit)
#12 481.7 npm http cache json-schema-traverse@https://registry.npmmirror.com/json-schema-traverse/-/json-schema-traverse-0.4.1.tgz 0ms (cache hit)
#12 481.7 npm http cache safe-buffer@https://registry.npmmirror.com/safe-buffer/-/safe-buffer-5.2.1.tgz 0ms (cache hit)
#12 481.7 npm http cache extsprintf@https://registry.npmmirror.com/extsprintf/-/extsprintf-1.2.0.tgz 0ms (cache hit)
#12 481.7 npm http cache verror@https://registry.npmmirror.com/verror/-/verror-1.6.0.tgz 0ms (cache hit)
#12 481.7 npm http cache yallist@https://registry.npmmirror.com/yallist/-/yallist-3.1.1.tgz 0ms (cache hit)
#12 481.7 npm http cache lru-cache@https://registry.npmmirror.com/lru-cache/-/lru-cache-5.1.1.tgz 0ms (cache hit)
#12 481.7 npm http cache assert-plus@https://registry.npmmirror.com/assert-plus/-/assert-plus-0.1.5.tgz 0ms (cache hit)
#12 481.7 npm http cache punycode@https://registry.npmmirror.com/punycode/-/punycode-2.3.1.tgz 0ms (cache hit)
#12 481.7 npm http cache tr46@https://registry.npmmirror.com/tr46/-/tr46-5.1.1.tgz 0ms (cache hit)
#12 481.7 npm http cache whatwg-url@https://registry.npmmirror.com/whatwg-url/-/whatwg-url-14.2.0.tgz 0ms (cache hit)
#12 481.7 npm http cache agent-base@https://registry.npmmirror.com/agent-base/-/agent-base-6.0.2.tgz 0ms (cache hit)
#12 481.7 npm http cache minimatch@https://registry.npmmirror.com/minimatch/-/minimatch-5.1.9.tgz 0ms (cache hit)
#12 481.7 npm http cache long@https://registry.npmmirror.com/long/-/long-2.4.0.tgz 0ms (cache hit)
#12 481.7 npm http cache tslib@https://registry.npmmirror.com/tslib/-/tslib-2.8.1.tgz 0ms (cache hit)
#12 481.7 npm http cache ms@https://registry.npmmirror.com/ms/-/ms-2.0.0.tgz 0ms (cache hit)
#12 481.7 npm http cache debug@https://registry.npmmirror.com/debug/-/debug-2.6.9.tgz 0ms (cache hit)
#12 481.7 npm http cache yaml@https://registry.npmmirror.com/yaml/-/yaml-2.9.0.tgz 0ms (cache hit)
#12 481.7 npm http cache minimatch@https://registry.npmmirror.com/minimatch/-/minimatch-9.0.9.tgz 0ms (cache hit)
#12 481.7 npm http cache signal-exit@https://registry.npmmirror.com/signal-exit/-/signal-exit-4.1.0.tgz 0ms (cache hit)
#12 481.7 npm http cache minipass@https://registry.npmmirror.com/minipass/-/minipass-7.1.3.tgz 0ms (cache hit)
#12 481.7 npm http cache foreground-child@https://registry.npmmirror.com/foreground-child/-/foreground-child-3.3.1.tgz 0ms (cache hit)
#12 481.7 npm http cache semver@https://registry.npmmirror.com/semver/-/semver-7.8.2.tgz 0ms (cache hit)
#12 481.7 npm http cache glob@https://registry.npmmirror.com/glob/-/glob-10.4.5.tgz 0ms (cache hit)
#12 481.7 npm http cache asn1@https://registry.npmmirror.com/asn1/-/asn1-0.2.6.tgz 0ms (cache hit)
#12 481.7 npm http cache emoji-regex@https://registry.npmmirror.com/emoji-regex/-/emoji-regex-8.0.0.tgz 0ms (cache hit)
#12 481.7 npm http cache brace-expansion@https://registry.npmmirror.com/brace-expansion/-/brace-expansion-1.1.15.tgz 0ms (cache hit)
#12 481.7 npm http cache entities@https://registry.npmmirror.com/entities/-/entities-7.0.1.tgz 0ms (cache hit)
#12 481.7 npm http cache minimatch@https://registry.npmmirror.com/minimatch/-/minimatch-3.1.5.tgz 0ms (cache hit)
#12 481.7 npm http cache glob@https://registry.npmmirror.com/glob/-/glob-6.0.4.tgz 0ms (cache hit)
#12 481.7 npm http cache rimraf@https://registry.npmmirror.com/rimraf/-/rimraf-2.4.5.tgz 0ms (cache hit)
#12 481.7 npm http cache mkdirp@https://registry.npmmirror.com/mkdirp/-/mkdirp-1.0.4.tgz 0ms (cache hit)
#12 481.7 npm http cache agent-base@https://registry.npmmirror.com/agent-base/-/agent-base-6.0.2.tgz 0ms (cache hit)
#12 481.7 npm http cache semver@https://registry.npmmirror.com/semver/-/semver-7.8.2.tgz 0ms (cache hit)
#12 481.7 npm http cache make-dir@https://registry.npmmirror.com/make-dir/-/make-dir-3.1.0.tgz 0ms (cache hit)
#12 481.7 npm http cache https-proxy-agent@https://registry.npmmirror.com/https-proxy-agent/-/https-proxy-agent-5.0.1.tgz 0ms (cache hit)
#12 481.7 npm http cache semver@https://registry.npmmirror.com/semver/-/semver-6.3.1.tgz 0ms (cache hit)
#12 481.7 npm http cache isarray@https://registry.npmmirror.com/isarray/-/isarray-1.0.0.tgz 0ms (cache hit)
#12 481.7 npm http cache string_decoder@https://registry.npmmirror.com/string_decoder/-/string_decoder-1.1.1.tgz 0ms (cache hit)
#12 481.7 npm http cache isarray@https://registry.npmmirror.com/isarray/-/isarray-1.0.0.tgz 0ms (cache hit)
#12 481.7 npm http cache readable-stream@https://registry.npmmirror.com/readable-stream/-/readable-stream-2.3.8.tgz 0ms (cache hit)
#12 481.7 npm http cache archiver-utils@https://registry.npmmirror.com/archiver-utils/-/archiver-utils-3.0.4.tgz 0ms (cache hit)
#12 481.7 npm http cache minimatch@https://registry.npmmirror.com/minimatch/-/minimatch-5.1.9.tgz 0ms (cache hit)
#12 481.7 npm http cache string_decoder@https://registry.npmmirror.com/string_decoder/-/string_decoder-1.1.1.tgz 0ms (cache hit)
#12 481.7 npm http cache isarray@https://registry.npmmirror.com/isarray/-/isarray-1.0.0.tgz 0ms (cache hit)
#12 481.7 npm http cache readable-stream@https://registry.npmmirror.com/readable-stream/-/readable-stream-2.3.8.tgz 0ms (cache hit)
#12 481.7 npm http cache undici-types@https://registry.npmmirror.com/undici-types/-/undici-types-7.24.6.tgz 0ms (cache hit)
#12 481.8 npm http cache @types/send@https://registry.npmmirror.com/@types/send/-/send-0.17.6.tgz 0ms (cache hit)
#12 481.8 npm http cache uuid@https://registry.npmmirror.com/uuid/-/uuid-8.3.2.tgz 0ms (cache hit)
#12 481.8 npm http cache semver@https://registry.npmmirror.com/semver/-/semver-7.8.2.tgz 0ms (cache hit)
#12 481.8 npm http cache @opentelemetry/semantic-conventions@https://registry.npmmirror.com/@opentelemetry/semantic-conventions/-/semantic-conventions-1.15.2.tgz 0ms (cache hit)
#12 481.8 npm http cache @opentelemetry/resources@https://registry.npmmirror.com/@opentelemetry/resources/-/resources-1.15.2.tgz 0ms (cache hit)
#12 481.8 npm http cache yargs-parser@https://registry.npmmirror.com/yargs-parser/-/yargs-parser-21.1.1.tgz 0ms (cache hit)
#12 481.8 npm http cache @opentelemetry/resources@https://registry.npmmirror.com/@opentelemetry/resources/-/resources-1.15.2.tgz 0ms (cache hit)
#12 481.8 npm http cache @opentelemetry/semantic-conventions@https://registry.npmmirror.com/@opentelemetry/semantic-conventions/-/semantic-conventions-1.15.2.tgz 0ms (cache hit)
#12 481.8 npm http cache @opentelemetry/semantic-conventions@https://registry.npmmirror.com/@opentelemetry/semantic-conventions/-/semantic-conventions-1.15.2.tgz 0ms (cache hit)
#12 481.8 npm http cache @opentelemetry/resources@https://registry.npmmirror.com/@opentelemetry/resources/-/resources-1.15.2.tgz 0ms (cache hit)
#12 481.8 npm http cache @opentelemetry/semantic-conventions@https://registry.npmmirror.com/@opentelemetry/semantic-conventions/-/semantic-conventions-1.15.2.tgz 0ms (cache hit)
#12 481.8 npm http cache @opentelemetry/semantic-conventions@https://registry.npmmirror.com/@opentelemetry/semantic-conventions/-/semantic-conventions-1.15.2.tgz 0ms (cache hit)
#12 481.8 npm http cache @opentelemetry/semantic-conventions@https://registry.npmmirror.com/@opentelemetry/semantic-conventions/-/semantic-conventions-1.28.0.tgz 0ms (cache hit)
#12 481.8 npm http cache @opentelemetry/resources@https://registry.npmmirror.com/@opentelemetry/resources/-/resources-1.15.2.tgz 0ms (cache hit)
#12 481.8 npm http cache @opentelemetry/core@https://registry.npmmirror.com/@opentelemetry/core/-/core-1.30.1.tgz 0ms (cache hit)
#12 481.8 npm http cache acorn-import-assertions@https://registry.npmmirror.com/acorn-import-assertions/-/acorn-import-assertions-1.9.0.tgz 0ms (cache hit)
#12 481.8 npm http cache acorn@https://registry.npmmirror.com/acorn/-/acorn-8.16.0.tgz 0ms (cache hit)
#12 481.8 npm http cache @opentelemetry/semantic-conventions@https://registry.npmmirror.com/@opentelemetry/semantic-conventions/-/semantic-conventions-1.15.2.tgz 0ms (cache hit)
#12 481.8 npm http cache @opentelemetry/resources@https://registry.npmmirror.com/@opentelemetry/resources/-/resources-1.15.2.tgz 0ms (cache hit)
#12 481.8 npm http cache @opentelemetry/sdk-metrics@https://registry.npmmirror.com/@opentelemetry/sdk-metrics/-/sdk-metrics-1.15.2.tgz 0ms (cache hit)
#12 481.8 npm http cache @opentelemetry/semantic-conventions@https://registry.npmmirror.com/@opentelemetry/semantic-conventions/-/semantic-conventions-1.15.2.tgz 0ms (cache hit)
#12 481.8 npm http cache @opentelemetry/resources@https://registry.npmmirror.com/@opentelemetry/resources/-/resources-1.15.2.tgz 0ms (cache hit)
#12 481.8 npm http cache @opentelemetry/semantic-conventions@https://registry.npmmirror.com/@opentelemetry/semantic-conventions/-/semantic-conventions-1.15.2.tgz 0ms (cache hit)
#12 481.8 npm http cache gaxios@https://registry.npmmirror.com/gaxios/-/gaxios-6.7.1.tgz 0ms (cache hit)
#12 481.8 npm http cache gcp-metadata@https://registry.npmmirror.com/gcp-metadata/-/gcp-metadata-6.1.1.tgz 0ms (cache hit)
#12 481.8 npm http cache acorn-import-assertions@https://registry.npmmirror.com/acorn-import-assertions/-/acorn-import-assertions-1.9.0.tgz 0ms (cache hit)
#12 481.8 npm http cache acorn@https://registry.npmmirror.com/acorn/-/acorn-8.16.0.tgz 1ms (cache hit)
#12 481.8 npm http cache import-in-the-middle@https://registry.npmmirror.com/import-in-the-middle/-/import-in-the-middle-1.7.1.tgz 0ms (cache hit)
#12 481.8 npm http cache semver@https://registry.npmmirror.com/semver/-/semver-7.8.2.tgz 0ms (cache hit)
#12 481.8 npm http cache @opentelemetry/instrumentation@https://registry.npmmirror.com/@opentelemetry/instrumentation/-/instrumentation-0.46.0.tgz 0ms (cache hit)
#12 481.8 npm http cache semver@https://registry.npmmirror.com/semver/-/semver-7.8.2.tgz 0ms (cache hit)
#12 481.8 npm http cache acorn@https://registry.npmmirror.com/acorn/-/acorn-8.16.0.tgz 0ms (cache hit)
#12 481.8 npm http cache @opentelemetry/instrumentation@https://registry.npmmirror.com/@opentelemetry/instrumentation/-/instrumentation-0.45.1.tgz 0ms (cache hit)
#12 481.8 npm http cache acorn-import-assertions@https://registry.npmmirror.com/acorn-import-assertions/-/acorn-import-assertions-1.9.0.tgz 0ms (cache hit)
#12 481.8 npm http cache semver@https://registry.npmmirror.com/semver/-/semver-7.8.2.tgz 0ms (cache hit)
#12 481.8 npm http cache import-in-the-middle@https://registry.npmmirror.com/import-in-the-middle/-/import-in-the-middle-1.7.1.tgz 0ms (cache hit)
#12 481.8 npm http cache @opentelemetry/instrumentation@https://registry.npmmirror.com/@opentelemetry/instrumentation/-/instrumentation-0.46.0.tgz 0ms (cache hit)
#12 481.8 npm http cache acorn-import-assertions@https://registry.npmmirror.com/acorn-import-assertions/-/acorn-import-assertions-1.9.0.tgz 0ms (cache hit)
#12 481.8 npm http cache acorn@https://registry.npmmirror.com/acorn/-/acorn-8.16.0.tgz 0ms (cache hit)
#12 481.8 npm http cache semver@https://registry.npmmirror.com/semver/-/semver-7.8.2.tgz 0ms (cache hit)
#12 481.8 npm http cache import-in-the-middle@https://registry.npmmirror.com/import-in-the-middle/-/import-in-the-middle-1.7.1.tgz 0ms (cache hit)
#12 481.8 npm http cache @opentelemetry/instrumentation@https://registry.npmmirror.com/@opentelemetry/instrumentation/-/instrumentation-0.46.0.tgz 0ms (cache hit)
#12 481.8 npm http cache acorn-import-assertions@https://registry.npmmirror.com/acorn-import-assertions/-/acorn-import-assertions-1.9.0.tgz 0ms (cache hit)
#12 481.8 npm http cache acorn@https://registry.npmmirror.com/acorn/-/acorn-8.16.0.tgz 0ms (cache hit)
#12 481.8 npm http cache semver@https://registry.npmmirror.com/semver/-/semver-7.8.2.tgz 0ms (cache hit)
#12 481.8 npm http cache import-in-the-middle@https://registry.npmmirror.com/import-in-the-middle/-/import-in-the-middle-1.7.1.tgz 0ms (cache hit)
#12 481.8 npm http cache @opentelemetry/instrumentation@https://registry.npmmirror.com/@opentelemetry/instrumentation/-/instrumentation-0.46.0.tgz 0ms (cache hit)
#12 481.8 npm http cache acorn-import-assertions@https://registry.npmmirror.com/acorn-import-assertions/-/acorn-import-assertions-1.9.0.tgz 0ms (cache hit)
#12 481.8 npm http cache acorn@https://registry.npmmirror.com/acorn/-/acorn-8.16.0.tgz 0ms (cache hit)
#12 481.8 npm http cache semver@https://registry.npmmirror.com/semver/-/semver-7.8.2.tgz 0ms (cache hit)
#12 481.8 npm http cache import-in-the-middle@https://registry.npmmirror.com/import-in-the-middle/-/import-in-the-middle-1.7.1.tgz 0ms (cache hit)
#12 481.8 npm http cache @opentelemetry/instrumentation@https://registry.npmmirror.com/@opentelemetry/instrumentation/-/instrumentation-0.46.0.tgz 0ms (cache hit)
#12 481.8 npm http cache acorn@https://registry.npmmirror.com/acorn/-/acorn-8.16.0.tgz 0ms (cache hit)
#12 481.8 npm http cache acorn-import-assertions@https://registry.npmmirror.com/acorn-import-assertions/-/acorn-import-assertions-1.9.0.tgz 0ms (cache hit)
#12 481.8 npm http cache semver@https://registry.npmmirror.com/semver/-/semver-7.8.2.tgz 0ms (cache hit)
#12 481.8 npm http cache import-in-the-middle@https://registry.npmmirror.com/import-in-the-middle/-/import-in-the-middle-1.7.1.tgz 0ms (cache hit)
#12 481.8 npm http cache @opentelemetry/instrumentation@https://registry.npmmirror.com/@opentelemetry/instrumentation/-/instrumentation-0.46.0.tgz 0ms (cache hit)
#12 481.8 npm http cache acorn-import-assertions@https://registry.npmmirror.com/acorn-import-assertions/-/acorn-import-assertions-1.9.0.tgz 0ms (cache hit)
#12 481.8 npm http cache acorn@https://registry.npmmirror.com/acorn/-/acorn-8.16.0.tgz 0ms (cache hit)
#12 481.8 npm http cache semver@https://registry.npmmirror.com/semver/-/semver-7.8.2.tgz 0ms (cache hit)
#12 481.8 npm http cache import-in-the-middle@https://registry.npmmirror.com/import-in-the-middle/-/import-in-the-middle-1.7.1.tgz 0ms (cache hit)
#12 481.8 npm http cache @opentelemetry/instrumentation@https://registry.npmmirror.com/@opentelemetry/instrumentation/-/instrumentation-0.46.0.tgz 0ms (cache hit)
#12 481.8 npm http cache acorn-import-assertions@https://registry.npmmirror.com/acorn-import-assertions/-/acorn-import-assertions-1.9.0.tgz 0ms (cache hit)
#12 481.8 npm http cache acorn@https://registry.npmmirror.com/acorn/-/acorn-8.16.0.tgz 0ms (cache hit)
#12 481.8 npm http cache semver@https://registry.npmmirror.com/semver/-/semver-7.8.2.tgz 0ms (cache hit)
#12 481.8 npm http cache import-in-the-middle@https://registry.npmmirror.com/import-in-the-middle/-/import-in-the-middle-1.7.1.tgz 0ms (cache hit)
#12 481.8 npm http cache @opentelemetry/instrumentation@https://registry.npmmirror.com/@opentelemetry/instrumentation/-/instrumentation-0.46.0.tgz 0ms (cache hit)
#12 481.8 npm http cache acorn-import-assertions@https://registry.npmmirror.com/acorn-import-assertions/-/acorn-import-assertions-1.9.0.tgz 0ms (cache hit)
#12 481.8 npm http cache semver@https://registry.npmmirror.com/semver/-/semver-7.8.2.tgz 0ms (cache hit)
#12 481.8 npm http cache acorn@https://registry.npmmirror.com/acorn/-/acorn-8.16.0.tgz 0ms (cache hit)
#12 481.8 npm http cache import-in-the-middle@https://registry.npmmirror.com/import-in-the-middle/-/import-in-the-middle-1.7.1.tgz 0ms (cache hit)
#12 481.8 npm http cache @opentelemetry/instrumentation@https://registry.npmmirror.com/@opentelemetry/instrumentation/-/instrumentation-0.46.0.tgz 0ms (cache hit)
#12 481.8 npm http cache acorn-import-assertions@https://registry.npmmirror.com/acorn-import-assertions/-/acorn-import-assertions-1.9.0.tgz 0ms (cache hit)
#12 481.8 npm http cache acorn@https://registry.npmmirror.com/acorn/-/acorn-8.16.0.tgz 0ms (cache hit)
#12 481.8 npm http cache semver@https://registry.npmmirror.com/semver/-/semver-7.8.2.tgz 0ms (cache hit)
#12 481.8 npm http cache import-in-the-middle@https://registry.npmmirror.com/import-in-the-middle/-/import-in-the-middle-1.7.1.tgz 0ms (cache hit)
#12 481.8 npm http cache @opentelemetry/instrumentation@https://registry.npmmirror.com/@opentelemetry/instrumentation/-/instrumentation-0.46.0.tgz 0ms (cache hit)
#12 481.8 npm http cache semver@https://registry.npmmirror.com/semver/-/semver-7.8.2.tgz 0ms (cache hit)
#12 481.8 npm http cache @opentelemetry/instrumentation@https://registry.npmmirror.com/@opentelemetry/instrumentation/-/instrumentation-0.45.1.tgz 0ms (cache hit)
#12 481.8 npm http cache semver@https://registry.npmmirror.com/semver/-/semver-7.8.2.tgz 0ms (cache hit)
#12 481.8 npm http cache @opentelemetry/instrumentation@https://registry.npmmirror.com/@opentelemetry/instrumentation/-/instrumentation-0.45.1.tgz 0ms (cache hit)
#12 481.8 npm http cache acorn-import-assertions@https://registry.npmmirror.com/acorn-import-assertions/-/acorn-import-assertions-1.9.0.tgz 0ms (cache hit)
#12 481.8 npm http cache acorn@https://registry.npmmirror.com/acorn/-/acorn-8.16.0.tgz 0ms (cache hit)
#12 481.8 npm http cache semver@https://registry.npmmirror.com/semver/-/semver-7.8.2.tgz 0ms (cache hit)
#12 481.8 npm http cache import-in-the-middle@https://registry.npmmirror.com/import-in-the-middle/-/import-in-the-middle-1.7.1.tgz 0ms (cache hit)
#12 481.8 npm http cache @opentelemetry/instrumentation@https://registry.npmmirror.com/@opentelemetry/instrumentation/-/instrumentation-0.46.0.tgz 0ms (cache hit)
#12 481.8 npm http cache acorn-import-assertions@https://registry.npmmirror.com/acorn-import-assertions/-/acorn-import-assertions-1.9.0.tgz 0ms (cache hit)
#12 481.8 npm http cache acorn@https://registry.npmmirror.com/acorn/-/acorn-8.16.0.tgz 0ms (cache hit)
#12 481.8 npm http cache semver@https://registry.npmmirror.com/semver/-/semver-7.8.2.tgz 0ms (cache hit)
#12 481.8 npm http cache import-in-the-middle@https://registry.npmmirror.com/import-in-the-middle/-/import-in-the-middle-1.7.1.tgz 0ms (cache hit)
#12 481.8 npm http cache acorn-import-assertions@https://registry.npmmirror.com/acorn-import-assertions/-/acorn-import-assertions-1.9.0.tgz 0ms (cache hit)
#12 481.8 npm http cache @opentelemetry/instrumentation@https://registry.npmmirror.com/@opentelemetry/instrumentation/-/instrumentation-0.46.0.tgz 0ms (cache hit)
#12 481.8 npm http cache acorn@https://registry.npmmirror.com/acorn/-/acorn-8.16.0.tgz 0ms (cache hit)
#12 481.8 npm http cache semver@https://registry.npmmirror.com/semver/-/semver-7.8.2.tgz 0ms (cache hit)
#12 481.8 npm http cache import-in-the-middle@https://registry.npmmirror.com/import-in-the-middle/-/import-in-the-middle-1.7.1.tgz 0ms (cache hit)
#12 481.8 npm http cache @opentelemetry/instrumentation@https://registry.npmmirror.com/@opentelemetry/instrumentation/-/instrumentation-0.46.0.tgz 0ms (cache hit)
#12 481.8 npm http cache acorn-import-assertions@https://registry.npmmirror.com/acorn-import-assertions/-/acorn-import-assertions-1.9.0.tgz 0ms (cache hit)
#12 481.8 npm http cache acorn@https://registry.npmmirror.com/acorn/-/acorn-8.16.0.tgz 0ms (cache hit)
#12 481.8 npm http cache semver@https://registry.npmmirror.com/semver/-/semver-7.8.2.tgz 0ms (cache hit)
#12 481.8 npm http cache import-in-the-middle@https://registry.npmmirror.com/import-in-the-middle/-/import-in-the-middle-1.7.1.tgz 0ms (cache hit)
#12 481.8 npm http cache @opentelemetry/instrumentation@https://registry.npmmirror.com/@opentelemetry/instrumentation/-/instrumentation-0.46.0.tgz 0ms (cache hit)
#12 481.8 npm http cache semver@https://registry.npmmirror.com/semver/-/semver-7.8.2.tgz 0ms (cache hit)
#12 481.8 npm http cache @opentelemetry/instrumentation@https://registry.npmmirror.com/@opentelemetry/instrumentation/-/instrumentation-0.45.1.tgz 0ms (cache hit)
#12 481.8 npm http cache semver@https://registry.npmmirror.com/semver/-/semver-7.8.2.tgz 0ms (cache hit)
#12 481.8 npm http cache @opentelemetry/semantic-conventions@https://registry.npmmirror.com/@opentelemetry/semantic-conventions/-/semantic-conventions-1.17.1.tgz 0ms (cache hit)
#12 481.8 npm http cache @opentelemetry/core@https://registry.npmmirror.com/@opentelemetry/core/-/core-1.17.1.tgz 0ms (cache hit)
#12 481.8 npm http cache acorn-import-assertions@https://registry.npmmirror.com/acorn-import-assertions/-/acorn-import-assertions-1.9.0.tgz 0ms (cache hit)
#12 481.8 npm http cache acorn@https://registry.npmmirror.com/acorn/-/acorn-8.16.0.tgz 0ms (cache hit)
#12 481.8 npm http cache semver@https://registry.npmmirror.com/semver/-/semver-7.8.2.tgz 0ms (cache hit)
#12 481.8 npm http cache import-in-the-middle@https://registry.npmmirror.com/import-in-the-middle/-/import-in-the-middle-1.7.1.tgz 0ms (cache hit)
#12 481.8 npm http cache @opentelemetry/instrumentation@https://registry.npmmirror.com/@opentelemetry/instrumentation/-/instrumentation-0.46.0.tgz 0ms (cache hit)
#12 481.8 npm http cache @opentelemetry/semantic-conventions@https://registry.npmmirror.com/@opentelemetry/semantic-conventions/-/semantic-conventions-1.17.1.tgz 0ms (cache hit)
#12 481.8 npm http cache acorn-import-assertions@https://registry.npmmirror.com/acorn-import-assertions/-/acorn-import-assertions-1.9.0.tgz 0ms (cache hit)
#12 481.8 npm http cache acorn@https://registry.npmmirror.com/acorn/-/acorn-8.16.0.tgz 0ms (cache hit)
#12 481.8 npm http cache semver@https://registry.npmmirror.com/semver/-/semver-7.8.2.tgz 0ms (cache hit)
#12 481.8 npm http cache import-in-the-middle@https://registry.npmmirror.com/import-in-the-middle/-/import-in-the-middle-1.7.1.tgz 0ms (cache hit)
#12 481.8 npm http cache @opentelemetry/instrumentation@https://registry.npmmirror.com/@opentelemetry/instrumentation/-/instrumentation-0.46.0.tgz 0ms (cache hit)
#12 481.8 npm http cache acorn@https://registry.npmmirror.com/acorn/-/acorn-8.16.0.tgz 0ms (cache hit)
#12 481.8 npm http cache acorn-import-assertions@https://registry.npmmirror.com/acorn-import-assertions/-/acorn-import-assertions-1.9.0.tgz 1ms (cache hit)
#12 481.8 npm http cache semver@https://registry.npmmirror.com/semver/-/semver-7.8.2.tgz 0ms (cache hit)
#12 481.8 npm http cache import-in-the-middle@https://registry.npmmirror.com/import-in-the-middle/-/import-in-the-middle-1.7.1.tgz 0ms (cache hit)
#12 481.8 npm http cache @opentelemetry/instrumentation@https://registry.npmmirror.com/@opentelemetry/instrumentation/-/instrumentation-0.46.0.tgz 0ms (cache hit)
#12 481.8 npm http cache acorn-import-assertions@https://registry.npmmirror.com/acorn-import-assertions/-/acorn-import-assertions-1.9.0.tgz 0ms (cache hit)
#12 481.8 npm http cache acorn@https://registry.npmmirror.com/acorn/-/acorn-8.16.0.tgz 0ms (cache hit)
#12 481.8 npm http cache semver@https://registry.npmmirror.com/semver/-/semver-7.8.2.tgz 0ms (cache hit)
#12 481.8 npm http cache import-in-the-middle@https://registry.npmmirror.com/import-in-the-middle/-/import-in-the-middle-1.7.1.tgz 0ms (cache hit)
#12 481.8 npm http cache @opentelemetry/instrumentation@https://registry.npmmirror.com/@opentelemetry/instrumentation/-/instrumentation-0.46.0.tgz 0ms (cache hit)
#12 481.8 npm http cache semver@https://registry.npmmirror.com/semver/-/semver-7.8.2.tgz 0ms (cache hit)
#12 481.8 npm http cache @types/express@https://registry.npmmirror.com/@types/express/-/express-4.17.18.tgz 0ms (cache hit)
#12 481.8 npm http cache @opentelemetry/instrumentation@https://registry.npmmirror.com/@opentelemetry/instrumentation/-/instrumentation-0.45.1.tgz 0ms (cache hit)
#12 481.8 npm http cache acorn-import-assertions@https://registry.npmmirror.com/acorn-import-assertions/-/acorn-import-assertions-1.9.0.tgz 0ms (cache hit)
#12 481.8 npm http cache acorn@https://registry.npmmirror.com/acorn/-/acorn-8.16.0.tgz 0ms (cache hit)
#12 481.8 npm http cache import-in-the-middle@https://registry.npmmirror.com/import-in-the-middle/-/import-in-the-middle-1.7.1.tgz 0ms (cache hit)
#12 481.8 npm http cache semver@https://registry.npmmirror.com/semver/-/semver-7.8.2.tgz 0ms (cache hit)
#12 481.8 npm http cache @opentelemetry/instrumentation@https://registry.npmmirror.com/@opentelemetry/instrumentation/-/instrumentation-0.46.0.tgz 0ms (cache hit)
#12 481.8 npm http cache acorn-import-assertions@https://registry.npmmirror.com/acorn-import-assertions/-/acorn-import-assertions-1.9.0.tgz 1ms (cache hit)
#12 481.8 npm http cache acorn@https://registry.npmmirror.com/acorn/-/acorn-8.16.0.tgz 0ms (cache hit)
#12 481.8 npm http cache semver@https://registry.npmmirror.com/semver/-/semver-7.8.2.tgz 0ms (cache hit)
#12 481.8 npm http cache import-in-the-middle@https://registry.npmmirror.com/import-in-the-middle/-/import-in-the-middle-1.7.1.tgz 0ms (cache hit)
#12 481.8 npm http cache @opentelemetry/instrumentation@https://registry.npmmirror.com/@opentelemetry/instrumentation/-/instrumentation-0.46.0.tgz 0ms (cache hit)
#12 481.8 npm http cache semver@https://registry.npmmirror.com/semver/-/semver-7.8.2.tgz 0ms (cache hit)
#12 481.8 npm http cache acorn-import-assertions@https://registry.npmmirror.com/acorn-import-assertions/-/acorn-import-assertions-1.9.0.tgz 0ms (cache hit)
#12 481.8 npm http cache @opentelemetry/instrumentation@https://registry.npmmirror.com/@opentelemetry/instrumentation/-/instrumentation-0.45.1.tgz 0ms (cache hit)
#12 481.8 npm http cache acorn@https://registry.npmmirror.com/acorn/-/acorn-8.16.0.tgz 0ms (cache hit)
#12 481.8 npm http cache semver@https://registry.npmmirror.com/semver/-/semver-7.8.2.tgz 0ms (cache hit)
#12 481.8 npm http cache import-in-the-middle@https://registry.npmmirror.com/import-in-the-middle/-/import-in-the-middle-1.7.1.tgz 0ms (cache hit)
#12 481.8 npm http cache semver@https://registry.npmmirror.com/semver/-/semver-7.8.2.tgz 0ms (cache hit)
#12 481.8 npm http cache @opentelemetry/instrumentation@https://registry.npmmirror.com/@opentelemetry/instrumentation/-/instrumentation-0.46.0.tgz 0ms (cache hit)
#12 481.8 npm http cache @opentelemetry/instrumentation@https://registry.npmmirror.com/@opentelemetry/instrumentation/-/instrumentation-0.45.1.tgz 0ms (cache hit)
#12 481.8 npm http cache acorn-import-assertions@https://registry.npmmirror.com/acorn-import-assertions/-/acorn-import-assertions-1.9.0.tgz 0ms (cache hit)
#12 481.8 npm http cache semver@https://registry.npmmirror.com/semver/-/semver-7.8.2.tgz 0ms (cache hit)
#12 481.8 npm http cache acorn@https://registry.npmmirror.com/acorn/-/acorn-8.16.0.tgz 0ms (cache hit)
#12 481.8 npm http cache import-in-the-middle@https://registry.npmmirror.com/import-in-the-middle/-/import-in-the-middle-1.7.1.tgz 0ms (cache hit)
#12 481.8 npm http cache @opentelemetry/instrumentation@https://registry.npmmirror.com/@opentelemetry/instrumentation/-/instrumentation-0.46.0.tgz 0ms (cache hit)
#12 481.8 npm http cache acorn-import-assertions@https://registry.npmmirror.com/acorn-import-assertions/-/acorn-import-assertions-1.9.0.tgz 0ms (cache hit)
#12 481.8 npm http cache acorn@https://registry.npmmirror.com/acorn/-/acorn-8.16.0.tgz 0ms (cache hit)
#12 481.8 npm http cache semver@https://registry.npmmirror.com/semver/-/semver-7.8.2.tgz 0ms (cache hit)
#12 481.8 npm http cache import-in-the-middle@https://registry.npmmirror.com/import-in-the-middle/-/import-in-the-middle-1.7.1.tgz 0ms (cache hit)
#12 481.8 npm http cache @opentelemetry/instrumentation@https://registry.npmmirror.com/@opentelemetry/instrumentation/-/instrumentation-0.46.0.tgz 0ms (cache hit)
#12 481.8 npm http cache semver@https://registry.npmmirror.com/semver/-/semver-7.8.2.tgz 0ms (cache hit)
#12 481.8 npm http cache xpath@https://registry.npmmirror.com/xpath/-/xpath-0.0.32.tgz 0ms (cache hit)
#12 481.8 npm http cache @xmldom/xmldom@https://registry.npmmirror.com/@xmldom/xmldom/-/xmldom-0.8.13.tgz 0ms (cache hit)
#12 481.8 npm http cache xml-crypto@https://registry.npmmirror.com/xml-crypto/-/xml-crypto-6.1.2.tgz 0ms (cache hit)
#12 481.8 npm http cache @xmldom/xmldom@https://registry.npmmirror.com/@xmldom/xmldom/-/xmldom-0.8.13.tgz 0ms (cache hit)
#12 481.8 npm http cache xpath@https://registry.npmmirror.com/xpath/-/xpath-0.0.33.tgz 0ms (cache hit)
#12 481.8 npm http cache mime-types@https://registry.npmmirror.com/mime-types/-/mime-types-3.0.2.tgz 0ms (cache hit)
#12 481.8 npm http cache mime-db@https://registry.npmmirror.com/mime-db/-/mime-db-1.52.0.tgz 0ms (cache hit)
#12 481.8 npm http cache agent-base@https://registry.npmmirror.com/agent-base/-/agent-base-6.0.2.tgz 0ms (cache hit)
#12 481.8 npm http cache https-proxy-agent@https://registry.npmmirror.com/https-proxy-agent/-/https-proxy-agent-5.0.1.tgz 0ms (cache hit)
#12 481.8 npm http cache agent-base@https://registry.npmmirror.com/agent-base/-/agent-base-6.0.2.tgz 0ms (cache hit)
#12 481.8 npm http cache https-proxy-agent@https://registry.npmmirror.com/https-proxy-agent/-/https-proxy-agent-5.0.1.tgz 0ms (cache hit)
#12 481.8 npm http cache lru-cache@https://registry.npmmirror.com/lru-cache/-/lru-cache-6.0.0.tgz 0ms (cache hit)
#12 481.8 npm http cache ws@https://registry.npmmirror.com/ws/-/ws-1.1.5.tgz 0ms (cache hit)
#12 481.8 npm http cache rimraf@https://registry.npmmirror.com/rimraf/-/rimraf-2.6.3.tgz 0ms (cache hit)
#12 481.8 npm http cache media-typer@https://registry.npmmirror.com/media-typer/-/media-typer-0.3.0.tgz 0ms (cache hit)
#12 481.8 npm http cache sprintf-js@https://registry.npmmirror.com/sprintf-js/-/sprintf-js-1.0.3.tgz 0ms (cache hit)
#12 481.8 npm http cache argparse@https://registry.npmmirror.com/argparse/-/argparse-1.0.10.tgz 0ms (cache hit)
#12 481.8 npm http cache type-is@https://registry.npmmirror.com/type-is/-/type-is-1.6.18.tgz 0ms (cache hit)
#12 481.8 npm http cache statuses@https://registry.npmmirror.com/statuses/-/statuses-2.0.1.tgz 0ms (cache hit)
#12 481.8 npm http cache raw-body@https://registry.npmmirror.com/raw-body/-/raw-body-2.5.2.tgz 0ms (cache hit)
#12 481.8 npm http cache http-errors@https://registry.npmmirror.com/http-errors/-/http-errors-2.0.0.tgz 0ms (cache hit)
#12 481.8 npm http cache path-to-regexp@https://registry.npmmirror.com/path-to-regexp/-/path-to-regexp-3.3.0.tgz 0ms (cache hit)
#12 481.8 npm http cache qs@https://registry.npmmirror.com/qs/-/qs-6.13.0.tgz 0ms (cache hit)
#12 481.8 npm http cache multer@https://registry.npmmirror.com/multer/-/multer-2.0.2.tgz 0ms (cache hit)
#12 481.8 npm http cache js-yaml@https://registry.npmmirror.com/js-yaml/-/js-yaml-3.14.2.tgz 0ms (cache hit)
#12 481.8 npm http cache debug@https://registry.npmmirror.com/debug/-/debug-3.2.7.tgz 0ms (cache hit)
#12 481.8 npm http cache commander@https://registry.npmmirror.com/commander/-/commander-2.11.0.tgz 0ms (cache hit)
#12 481.8 npm http cache body-parser@https://registry.npmmirror.com/body-parser/-/body-parser-1.20.3.tgz 0ms (cache hit)
#12 481.8 npm http cache async@https://registry.npmmirror.com/async/-/async-2.6.4.tgz 0ms (cache hit)
#12 481.8 npm http cache ms@https://registry.npmmirror.com/ms/-/ms-2.0.0.tgz 0ms (cache hit)
#12 481.8 npm http cache debug@https://registry.npmmirror.com/debug/-/debug-2.6.9.tgz 0ms (cache hit)
#12 481.8 npm http cache pg-connection-string@https://registry.npmmirror.com/pg-connection-string/-/pg-connection-string-2.13.0.tgz 0ms (cache hit)
#12 481.8 npm http cache ms@https://registry.npmmirror.com/ms/-/ms-2.1.2.tgz 0ms (cache hit)
#12 481.8 npm http cache resolve-from@https://registry.npmmirror.com/resolve-from/-/resolve-from-5.0.0.tgz 0ms (cache hit)
#12 481.8 npm http cache commander@https://registry.npmmirror.com/commander/-/commander-10.0.1.tgz 0ms (cache hit)
#12 481.8 npm http cache debug@https://registry.npmmirror.com/debug/-/debug-4.3.4.tgz 0ms (cache hit)
#12 481.8 npm http cache mime@https://registry.npmmirror.com/mime/-/mime-1.6.0.tgz 0ms (cache hit)
#12 481.8 npm http cache tar-stream@https://registry.npmmirror.com/tar-stream/-/tar-stream-3.2.0.tgz 0ms (cache hit)
#12 481.8 npm http cache b4a@https://registry.npmmirror.com/b4a/-/b4a-1.8.1.tgz 0ms (cache hit)
#12 481.8 npm http cache debug@https://registry.npmmirror.com/debug/-/debug-2.6.9.tgz 0ms (cache hit)
#12 481.8 npm http cache ms@https://registry.npmmirror.com/ms/-/ms-2.0.0.tgz 0ms (cache hit)
#12 481.8 npm http cache chownr@https://registry.npmmirror.com/chownr/-/chownr-1.1.4.tgz 0ms (cache hit)
#12 481.8 npm http cache tar-fs@https://registry.npmmirror.com/tar-fs/-/tar-fs-2.1.4.tgz 0ms (cache hit)
#12 481.8 npm http cache uuid@https://registry.npmmirror.com/uuid/-/uuid-10.0.0.tgz 0ms (cache hit)
#12 481.8 npm http cache p-map@https://registry.npmmirror.com/p-map/-/p-map-2.1.0.tgz 0ms (cache hit)
#12 481.8 npm http cache @grpc/proto-loader@https://registry.npmmirror.com/@grpc/proto-loader/-/proto-loader-0.7.15.tgz 0ms (cache hit)
#12 481.8 npm http cache punycode@https://registry.npmmirror.com/punycode/-/punycode-1.3.2.tgz 0ms (cache hit)
#12 481.8 npm http cache semver@https://registry.npmmirror.com/semver/-/semver-5.7.2.tgz 0ms (cache hit)
#12 481.8 npm http cache uuid@https://registry.npmmirror.com/uuid/-/uuid-8.0.0.tgz 0ms (cache hit)
#12 481.8 npm http cache url@https://registry.npmmirror.com/url/-/url-0.10.3.tgz 0ms (cache hit)
#12 481.8 npm http cache events@https://registry.npmmirror.com/events/-/events-1.1.1.tgz 0ms (cache hit)
#12 481.8 npm http cache p-limit@https://registry.npmmirror.com/p-limit/-/p-limit-3.1.0.tgz 0ms (cache hit)
#12 481.8 npm http cache uuid@https://registry.npmmirror.com/uuid/-/uuid-8.3.2.tgz 0ms (cache hit)
#12 481.8 npm http cache ms@https://registry.npmmirror.com/ms/-/ms-2.0.0.tgz 0ms (cache hit)
#12 481.8 npm http cache @google-cloud/paginator@https://registry.npmmirror.com/@google-cloud/paginator/-/paginator-3.0.7.tgz 0ms (cache hit)
#12 481.8 npm http cache safe-buffer@https://registry.npmmirror.com/safe-buffer/-/safe-buffer-5.2.1.tgz 0ms (cache hit)
#12 481.8 npm http cache negotiator@https://registry.npmmirror.com/negotiator/-/negotiator-0.6.4.tgz 0ms (cache hit)
#12 481.8 npm http cache debug@https://registry.npmmirror.com/debug/-/debug-2.6.9.tgz 0ms (cache hit)
#12 481.8 npm http cache semver@https://registry.npmmirror.com/semver/-/semver-7.8.2.tgz 0ms (cache hit)
#12 481.8 npm http cache @opentelemetry/semantic-conventions@https://registry.npmmirror.com/@opentelemetry/semantic-conventions/-/semantic-conventions-1.15.2.tgz 0ms (cache hit)
#12 481.8 npm http cache @opentelemetry/sdk-metrics@https://registry.npmmirror.com/@opentelemetry/sdk-metrics/-/sdk-metrics-1.15.2.tgz 0ms (cache hit)
#12 481.8 npm http cache @opentelemetry/resources@https://registry.npmmirror.com/@opentelemetry/resources/-/resources-1.15.2.tgz 0ms (cache hit)
#12 481.8 npm http cache @opentelemetry/instrumentation@https://registry.npmmirror.com/@opentelemetry/instrumentation/-/instrumentation-0.41.2.tgz 0ms (cache hit)
#12 481.8 npm http cache @opentelemetry/core@https://registry.npmmirror.com/@opentelemetry/core/-/core-1.30.1.tgz 0ms (cache hit)
#12 481.8 npm http cache @opentelemetry/semantic-conventions@https://registry.npmmirror.com/@opentelemetry/semantic-conventions/-/semantic-conventions-1.28.0.tgz 0ms (cache hit)
#12 481.8 npm http cache @opentelemetry/semantic-conventions@https://registry.npmmirror.com/@opentelemetry/semantic-conventions/-/semantic-conventions-1.15.2.tgz 0ms (cache hit)
#12 481.8 npm http cache @opentelemetry/resources@https://registry.npmmirror.com/@opentelemetry/resources/-/resources-1.15.2.tgz 0ms (cache hit)
#12 481.8 npm http cache semver@https://registry.npmmirror.com/semver/-/semver-7.8.2.tgz 0ms (cache hit)
#12 481.8 npm http cache @opentelemetry/propagator-jaeger@https://registry.npmmirror.com/@opentelemetry/propagator-jaeger/-/propagator-jaeger-1.17.1.tgz 0ms (cache hit)
#12 481.8 npm http cache @opentelemetry/propagator-b3@https://registry.npmmirror.com/@opentelemetry/propagator-b3/-/propagator-b3-1.17.1.tgz 0ms (cache hit)
#12 481.8 npm http cache @opentelemetry/context-async-hooks@https://registry.npmmirror.com/@opentelemetry/context-async-hooks/-/context-async-hooks-1.17.1.tgz 0ms (cache hit)
#12 481.8 npm http cache @opentelemetry/otlp-proto-exporter-base@https://registry.npmmirror.com/@opentelemetry/otlp-proto-exporter-base/-/otlp-proto-exporter-base-0.44.0.tgz 0ms (cache hit)
#12 481.8 npm http cache @opentelemetry/otlp-exporter-base@https://registry.npmmirror.com/@opentelemetry/otlp-exporter-base/-/otlp-exporter-base-0.44.0.tgz 0ms (cache hit)
#12 481.8 npm http cache @opentelemetry/otlp-transformer@https://registry.npmmirror.com/@opentelemetry/otlp-transformer/-/otlp-transformer-0.44.0.tgz 0ms (cache hit)
#12 481.8 npm http cache @opentelemetry/otlp-grpc-exporter-base@https://registry.npmmirror.com/@opentelemetry/otlp-grpc-exporter-base/-/otlp-grpc-exporter-base-0.44.0.tgz 0ms (cache hit)
#12 481.8 npm http cache @opentelemetry/semantic-conventions@https://registry.npmmirror.com/@opentelemetry/semantic-conventions/-/semantic-conventions-1.17.1.tgz 0ms (cache hit)
#12 481.8 npm http cache @opentelemetry/sdk-trace-node@https://registry.npmmirror.com/@opentelemetry/sdk-trace-node/-/sdk-trace-node-1.17.1.tgz 0ms (cache hit)
#12 481.8 npm http cache @opentelemetry/sdk-trace-base@https://registry.npmmirror.com/@opentelemetry/sdk-trace-base/-/sdk-trace-base-1.17.1.tgz 0ms (cache hit)
#12 481.8 npm http cache @opentelemetry/sdk-metrics@https://registry.npmmirror.com/@opentelemetry/sdk-metrics/-/sdk-metrics-1.17.1.tgz 0ms (cache hit)
#12 481.8 npm http cache @opentelemetry/sdk-logs@https://registry.npmmirror.com/@opentelemetry/sdk-logs/-/sdk-logs-0.44.0.tgz 0ms (cache hit)
#12 481.8 npm http cache @opentelemetry/resources@https://registry.npmmirror.com/@opentelemetry/resources/-/resources-1.17.1.tgz 0ms (cache hit)
#12 481.8 npm http cache @opentelemetry/exporter-zipkin@https://registry.npmmirror.com/@opentelemetry/exporter-zipkin/-/exporter-zipkin-1.17.1.tgz 0ms (cache hit)
#12 481.8 npm http cache @opentelemetry/exporter-trace-otlp-proto@https://registry.npmmirror.com/@opentelemetry/exporter-trace-otlp-proto/-/exporter-trace-otlp-proto-0.44.0.tgz 0ms (cache hit)
#12 481.8 npm http cache @opentelemetry/exporter-trace-otlp-http@https://registry.npmmirror.com/@opentelemetry/exporter-trace-otlp-http/-/exporter-trace-otlp-http-0.44.0.tgz 0ms (cache hit)
#12 481.8 npm http cache @opentelemetry/exporter-trace-otlp-grpc@https://registry.npmmirror.com/@opentelemetry/exporter-trace-otlp-grpc/-/exporter-trace-otlp-grpc-0.44.0.tgz 0ms (cache hit)
#12 481.8 npm http cache @opentelemetry/exporter-jaeger@https://registry.npmmirror.com/@opentelemetry/exporter-jaeger/-/exporter-jaeger-1.17.1.tgz 0ms (cache hit)
#12 481.8 npm http cache @opentelemetry/core@https://registry.npmmirror.com/@opentelemetry/core/-/core-1.17.1.tgz 0ms (cache hit)
#12 481.8 npm http cache @opentelemetry/api-logs@https://registry.npmmirror.com/@opentelemetry/api-logs/-/api-logs-0.44.0.tgz 0ms (cache hit)
#12 481.8 npm http cache @opentelemetry/sdk-node@https://registry.npmmirror.com/@opentelemetry/sdk-node/-/sdk-node-0.44.0.tgz 0ms (cache hit)
#12 481.8 npm http cache xpath@https://registry.npmmirror.com/xpath/-/xpath-0.0.32.tgz 0ms (cache hit)
#12 481.8 npm http cache xmlbuilder@https://registry.npmmirror.com/xmlbuilder/-/xmlbuilder-11.0.1.tgz 0ms (cache hit)
#12 481.8 npm http cache universalify@https://registry.npmmirror.com/universalify/-/universalify-0.2.0.tgz 0ms (cache hit)
#12 481.8 npm http cache punycode@https://registry.npmmirror.com/punycode/-/punycode-2.3.1.tgz 0ms (cache hit)
#12 481.8 npm http cache is-plain-object@https://registry.npmmirror.com/is-plain-object/-/is-plain-object-5.0.0.tgz 0ms (cache hit)
#12 481.8 npm http cache jsprim@https://registry.npmmirror.com/jsprim/-/jsprim-1.4.2.tgz 0ms (cache hit)
#12 481.8 npm http cache safe-buffer@https://registry.npmmirror.com/safe-buffer/-/safe-buffer-5.2.1.tgz 0ms (cache hit)
#12 481.8 npm http cache uuid@https://registry.npmmirror.com/uuid/-/uuid-3.4.0.tgz 0ms (cache hit)
#12 481.8 npm http cache tough-cookie@https://registry.npmmirror.com/tough-cookie/-/tough-cookie-5.1.2.tgz 0ms (cache hit)
#12 481.8 npm http cache qs@https://registry.npmmirror.com/qs/-/qs-6.5.5.tgz 0ms (cache hit)
#12 481.8 npm http cache http-signature@https://registry.npmmirror.com/http-signature/-/http-signature-1.2.0.tgz 0ms (cache hit)
#12 481.8 npm http cache form-data@https://registry.npmmirror.com/form-data/-/form-data-2.5.5.tgz 0ms (cache hit)
#12 481.8 npm http cache react-is@https://registry.npmmirror.com/react-is/-/react-is-16.13.1.tgz 0ms (cache hit)
#12 481.8 npm http cache webidl-conversions@https://registry.npmmirror.com/webidl-conversions/-/webidl-conversions-3.0.1.tgz 0ms (cache hit)
#12 481.8 npm http cache p-timeout@https://registry.npmmirror.com/p-timeout/-/p-timeout-6.1.4.tgz 0ms (cache hit)
#12 481.8 npm http cache tr46@https://registry.npmmirror.com/tr46/-/tr46-0.0.3.tgz 0ms (cache hit)
#12 481.8 npm http cache whatwg-url@https://registry.npmmirror.com/whatwg-url/-/whatwg-url-5.0.0.tgz 0ms (cache hit)
#12 481.8 npm http cache type-is@https://registry.npmmirror.com/type-is/-/type-is-1.6.18.tgz 0ms (cache hit)
#12 481.8 npm http cache media-typer@https://registry.npmmirror.com/media-typer/-/media-typer-0.3.0.tgz 0ms (cache hit)
#12 481.8 npm http cache ms@https://registry.npmmirror.com/ms/-/ms-2.0.0.tgz 0ms (cache hit)
#12 481.8 npm http cache debug@https://registry.npmmirror.com/debug/-/debug-2.6.9.tgz 0ms (cache hit)
#12 481.8 npm http cache commander@https://registry.npmmirror.com/commander/-/commander-2.20.3.tgz 0ms (cache hit)
#12 481.8 npm http cache semver@https://registry.npmmirror.com/semver/-/semver-7.8.2.tgz 0ms (cache hit)
#12 481.8 npm http cache arrify@https://registry.npmmirror.com/arrify/-/arrify-1.0.1.tgz 0ms (cache hit)
#12 481.8 npm http cache brace-expansion@https://registry.npmmirror.com/brace-expansion/-/brace-expansion-1.1.15.tgz 0ms (cache hit)
#12 481.8 npm http cache minimatch@https://registry.npmmirror.com/minimatch/-/minimatch-3.1.5.tgz 0ms (cache hit)
#12 481.8 npm http cache safe-buffer@https://registry.npmmirror.com/safe-buffer/-/safe-buffer-5.2.1.tgz 0ms (cache hit)
#12 481.8 npm http cache ms@https://registry.npmmirror.com/ms/-/ms-2.0.0.tgz 0ms (cache hit)
#12 481.8 npm http cache debug@https://registry.npmmirror.com/debug/-/debug-2.6.9.tgz 0ms (cache hit)
#12 481.8 npm http cache cookie-signature@https://registry.npmmirror.com/cookie-signature/-/cookie-signature-1.0.7.tgz 0ms (cache hit)
#12 481.8 npm http cache cookie@https://registry.npmmirror.com/cookie/-/cookie-0.7.2.tgz 0ms (cache hit)
#12 481.8 npm http cache debug@https://registry.npmmirror.com/debug/-/debug-3.2.7.tgz 1ms (cache hit)
#12 481.8 npm http cache cookie@https://registry.npmmirror.com/cookie/-/cookie-0.3.1.tgz 0ms (cache hit)
#12 481.8 npm http cache media-typer@https://registry.npmmirror.com/media-typer/-/media-typer-0.3.0.tgz 0ms (cache hit)
#12 481.8 npm http cache ms@https://registry.npmmirror.com/ms/-/ms-2.0.0.tgz 0ms (cache hit)
#12 481.8 npm http cache type-is@https://registry.npmmirror.com/type-is/-/type-is-1.6.18.tgz 0ms (cache hit)
#12 481.8 npm http cache safe-buffer@https://registry.npmmirror.com/safe-buffer/-/safe-buffer-5.2.1.tgz 0ms (cache hit)
#12 481.8 npm http cache debug@https://registry.npmmirror.com/debug/-/debug-2.6.9.tgz 0ms (cache hit)
#12 481.8 npm http cache cookie@https://registry.npmmirror.com/cookie/-/cookie-0.7.2.tgz 0ms (cache hit)
#12 481.8 npm http cache cookie-signature@https://registry.npmmirror.com/cookie-signature/-/cookie-signature-1.0.7.tgz 0ms (cache hit)
#12 481.8 npm http cache underscore@https://registry.npmmirror.com/underscore/-/underscore-1.12.1.tgz 0ms (cache hit)
#12 481.8 npm http cache commander@https://registry.npmmirror.com/commander/-/commander-5.1.0.tgz 0ms (cache hit)
#12 481.8 npm http cache setprototypeof@https://registry.npmmirror.com/setprototypeof/-/setprototypeof-1.1.1.tgz 0ms (cache hit)
#12 481.8 npm http cache toidentifier@https://registry.npmmirror.com/toidentifier/-/toidentifier-1.0.0.tgz 0ms (cache hit)
#12 481.8 npm http cache statuses@https://registry.npmmirror.com/statuses/-/statuses-1.5.0.tgz 0ms (cache hit)
#12 481.8 npm http cache depd@https://registry.npmmirror.com/depd/-/depd-1.1.2.tgz 0ms (cache hit)
#12 481.8 npm http cache http-errors@https://registry.npmmirror.com/http-errors/-/http-errors-1.7.3.tgz 0ms (cache hit)
#12 481.8 npm http cache cookie-signature@https://registry.npmmirror.com/cookie-signature/-/cookie-signature-1.0.6.tgz 0ms (cache hit)
#12 481.8 npm http cache cookie@https://registry.npmmirror.com/cookie/-/cookie-0.4.0.tgz 0ms (cache hit)
#12 481.8 npm http cache cookie-signature@https://registry.npmmirror.com/cookie-signature/-/cookie-signature-1.0.6.tgz 0ms (cache hit)
#12 481.8 npm http cache cookie@https://registry.npmmirror.com/cookie/-/cookie-0.4.1.tgz 0ms (cache hit)
#12 481.8 npm http cache safe-buffer@https://registry.npmmirror.com/safe-buffer/-/safe-buffer-5.2.1.tgz 0ms (cache hit)
#12 481.8 npm http cache lodash@https://registry.npmmirror.com/lodash/-/lodash-4.17.23.tgz 0ms (cache hit)
#12 481.8 npm http cache lru-cache@https://registry.npmmirror.com/lru-cache/-/lru-cache-10.4.3.tgz 0ms (cache hit)
#12 481.8 npm http cache semver@https://registry.npmmirror.com/semver/-/semver-7.8.2.tgz 0ms (cache hit)
#12 481.8 npm http cache uuid@https://registry.npmmirror.com/uuid/-/uuid-8.3.2.tgz 0ms (cache hit)
#12 481.8 npm http cache media-typer@https://registry.npmmirror.com/media-typer/-/media-typer-0.3.0.tgz 0ms (cache hit)
#12 481.8 npm http cache ms@https://registry.npmmirror.com/ms/-/ms-2.0.0.tgz 0ms (cache hit)
#12 481.8 npm http cache type-is@https://registry.npmmirror.com/type-is/-/type-is-1.6.18.tgz 0ms (cache hit)
#12 481.8 npm http cache debug@https://registry.npmmirror.com/debug/-/debug-2.6.9.tgz 0ms (cache hit)
#12 481.8 npm http cache nanoid@https://registry.npmmirror.com/nanoid/-/nanoid-3.3.12.tgz 0ms (cache hit)
#12 481.8 npm http cache yaml@https://registry.npmmirror.com/yaml/-/yaml-2.9.0.tgz 0ms (cache hit)
#12 481.8 npm http cache open@https://registry.npmmirror.com/open/-/open-7.4.2.tgz 0ms (cache hit)
#12 481.8 npm http cache semver@https://registry.npmmirror.com/semver/-/semver-7.8.2.tgz 0ms (cache hit)
#12 481.8 npm http cache passport@https://registry.npmmirror.com/passport/-/passport-0.7.0.tgz 0ms (cache hit)
#12 481.8 npm http cache fs-extra@https://registry.npmmirror.com/fs-extra/-/fs-extra-10.1.0.tgz 0ms (cache hit)
#12 481.8 npm http cache ci-info@https://registry.npmmirror.com/ci-info/-/ci-info-3.9.0.tgz 0ms (cache hit)
#12 481.8 npm http cache chalk@https://registry.npmmirror.com/chalk/-/chalk-4.1.2.tgz 0ms (cache hit)
#12 482.1 npm http fetch POST 404 https://registry.npmmirror.com/-/npm/v1/security/audits/quick 546ms
#12 482.1 npm verbose audit error HttpErrorGeneral: 404 Not Found - POST https://registry.npmmirror.com/-/npm/v1/security/audits/quick - [NOT_IMPLEMENTED] /-/npm/v1/security/* not implemented yet
#12 482.1 npm verbose audit error     at /usr/lib/node_modules/npm/node_modules/npm-registry-fetch/lib/check-response.js:103:15
#12 482.1 npm verbose audit error     at process.processTicksAndRejections (node:internal/process/task_queues:103:5)
#12 482.1 npm verbose audit error     at async [getReport] (/usr/lib/node_modules/npm/node_modules/@npmcli/arborist/lib/audit-report.js:336:21)
#12 482.1 npm verbose audit error     at async AuditReport.run (/usr/lib/node_modules/npm/node_modules/@npmcli/arborist/lib/audit-report.js:106:19) {
#12 482.1 npm verbose audit error   headers: [Object: null prototype] {
#12 482.1 npm verbose audit error     server: [ 'Tengine' ],
#12 482.1 npm verbose audit error     date: [ 'Fri, 05 Jun 2026 16:39:41 GMT' ],
#12 482.1 npm verbose audit error     'content-type': [ 'application/json' ],
#12 482.1 npm verbose audit error     'transfer-encoding': [ 'chunked' ],
#12 482.1 npm verbose audit error     connection: [ 'keep-alive' ],
#12 482.1 npm verbose audit error     'strict-transport-security': [ 'max-age=5184000' ],
#12 482.1 npm verbose audit error     via: [ 'ens-cache13.tw17[,404666]' ],
#12 482.1 npm verbose audit error     'timing-allow-origin': [ '*' ],
#12 482.1 npm verbose audit error     eagleid: [ '2b6d6fa117806775815063093e' ],
#12 482.1 npm verbose audit error     'x-fetch-attempts': [ '1' ]
#12 482.1 npm verbose audit error   },
#12 482.1 npm verbose audit error   statusCode: 404,
#12 482.1 npm verbose audit error   code: 'E404',
#12 482.1 npm verbose audit error   method: 'POST',
#12 482.1 npm verbose audit error   uri: 'https://registry.npmmirror.com/-/npm/v1/security/audits/quick',
#12 482.1 npm verbose audit error   body: {
#12 482.1 npm verbose audit error     error: '[NOT_IMPLEMENTED] /-/npm/v1/security/* not implemented yet'
#12 482.1 npm verbose audit error   },
#12 482.1 npm verbose audit error   pkgid: undefined
#12 482.1 npm verbose audit error }
#12 482.7 npm warn deprecated inflight@1.0.6: This module is not supported, and leaks memory. Do not use it. Check out lru-cache if you want a good and tested way to coalesce async requests by a key value, which is much more comprehensive and powerful.
#12 482.7 npm warn deprecated rimraf@3.0.2: Rimraf versions prior to v4 are no longer supported
#12 483.7 npm http fetch GET 200 https://cdn.npmmirror.com/packages/dezalgo/1.0.4/dezalgo-1.0.4.tgz 1893ms (cache miss)
#12 483.8 npm http fetch GET 200 https://cdn.npmmirror.com/packages/hsts/2.2.0/hsts-2.2.0.tgz 1982ms (cache miss)
#12 483.8 npm http fetch GET 200 https://cdn.npmmirror.com/packages/mkdirp-classic/0.5.3/mkdirp-classic-0.5.3.tgz 2006ms (cache miss)
#12 483.8 npm http fetch GET 200 https://cdn.npmmirror.com/packages/dasherize/2.0.0/dasherize-2.0.0.tgz 2006ms (cache miss)
#12 483.8 npm http fetch GET 200 https://cdn.npmmirror.com/packages/content-security-policy-builder/2.1.0/content-security-policy-builder-2.1.0.tgz 2007ms (cache miss)
#12 483.8 npm http fetch GET 200 https://cdn.npmmirror.com/packages/x-xss-protection/1.3.0/x-xss-protection-1.3.0.tgz 2006ms (cache miss)
#12 483.9 npm http fetch GET 200 https://codeload.github.com/overleaf/node-fast-crc32c/tar.gz/aae6b2a4c7a7a159395df9cc6c38dfde702d6f51 1190ms (cache revalidated)
#12 483.9 npm http fetch GET 200 https://codeload.github.com/overleaf/nodejs-referer-parser/tar.gz/8b8b103762d05b7be4cfa2f810e1d408be67d7bb 1206ms (cache revalidated)
#12 483.9 npm http fetch GET 200 https://cdn.npmmirror.com/packages/referrer-policy/1.2.0/referrer-policy-1.2.0.tgz 2049ms (cache miss)
#12 483.9 npm http fetch GET 200 https://cdn.npmmirror.com/packages/fast-safe-stringify/2.1.1/fast-safe-stringify-2.1.1.tgz 2054ms (cache miss)
#12 483.9 npm http fetch GET 200 https://cdn.npmmirror.com/packages/hpkp/2.0.0/hpkp-2.0.0.tgz 2051ms (cache miss)
#12 483.9 npm http fetch GET 200 https://cdn.npmmirror.com/packages/dont-sniff-mimetype/1.1.0/dont-sniff-mimetype-1.1.0.tgz 2071ms (cache miss)
#12 483.9 npm http fetch GET 200 https://cdn.npmmirror.com/packages/options/0.0.6/options-0.0.6.tgz 2080ms (cache miss)
#12 484.0 npm http fetch GET 200 https://codeload.github.com/overleaf/diff-match-patch/tar.gz/89805f9c671a77a263fc53461acd62aa7498f688 1299ms (cache revalidated)
#12 484.0 npm http fetch GET 200 https://cdn.npmmirror.com/packages/hide-powered-by/1.1.0/hide-powered-by-1.1.0.tgz 2166ms (cache miss)
#12 484.0 npm http fetch GET 200 https://cdn.npmmirror.com/packages/feature-policy/0.3.0/feature-policy-0.3.0.tgz 2166ms (cache miss)
#12 484.0 npm http fetch GET 200 https://cdn.npmmirror.com/packages/helmet-crossdomain/0.4.0/helmet-crossdomain-0.4.0.tgz 2166ms (cache miss)
#12 484.0 npm http fetch GET 200 https://cdn.npmmirror.com/packages/%40isaacs/cliui/8.0.2/cliui-8.0.2.tgz 2177ms (cache miss)
#12 484.0 npm http fetch GET 200 https://cdn.npmmirror.com/packages/msgpackr-extract/3.0.4/msgpackr-extract-3.0.4.tgz 2174ms (cache miss)
#12 484.0 npm http fetch GET 200 https://cdn.npmmirror.com/packages/node-gyp-build-optional-packages/5.2.2/node-gyp-build-optional-packages-5.2.2.tgz 2177ms (cache miss)
#12 484.0 npm http fetch GET 200 https://cdn.npmmirror.com/packages/crc32-stream/4.0.3/crc32-stream-4.0.3.tgz 2177ms (cache miss)
#12 484.0 npm http fetch GET 200 https://cdn.npmmirror.com/packages/%40pkgjs/parseargs/0.11.0/parseargs-0.11.0.tgz 2212ms (cache miss)
#12 484.1 npm http fetch GET 200 https://cdn.npmmirror.com/packages/%40types/mime/1.3.5/mime-1.3.5.tgz 2236ms (cache miss)
#12 484.1 npm http fetch GET 200 https://cdn.npmmirror.com/packages/%40msgpackr-extract/msgpackr-extract-linux-x64/3.0.4/msgpackr-extract-linux-x64-3.0.4.tgz 2231ms (cache miss)
#12 484.1 npm http fetch GET 200 https://cdn.npmmirror.com/packages/ultron/1.0.2/ultron-1.0.2.tgz 2242ms (cache miss)
#12 484.1 npm http fetch GET 200 https://cdn.npmmirror.com/packages/package-json-from-dist/1.0.1/package-json-from-dist-1.0.1.tgz 2292ms (cache miss)
#12 484.2 npm http fetch GET 200 https://cdn.npmmirror.com/packages/camelize/1.0.0/camelize-1.0.0.tgz 2334ms (cache miss)
#12 484.2 npm http fetch GET 200 https://cdn.npmmirror.com/packages/eastasianwidth/0.2.0/eastasianwidth-0.2.0.tgz 2342ms (cache miss)
#12 484.2 npm http fetch GET 200 https://cdn.npmmirror.com/packages/%40ioredis/commands/1.10.0/commands-1.10.0.tgz 2356ms (cache miss)
#12 484.2 npm http fetch GET 200 https://cdn.npmmirror.com/packages/pend/1.2.0/pend-1.2.0.tgz 2350ms (cache miss)
#12 484.2 npm http fetch GET 200 https://cdn.npmmirror.com/packages/helmet-csp/2.10.0/helmet-csp-2.10.0.tgz 2402ms (cache miss)
#12 484.3 npm http fetch GET 200 https://cdn.npmmirror.com/packages/lodash.isequal/4.5.0/lodash.isequal-4.5.0.tgz 2420ms (cache miss)
#12 484.3 npm warn deprecated lodash.isequal@4.5.0: This package is deprecated. Use require('node:util').isDeepStrictEqual instead.
#12 484.3 npm http fetch GET 200 https://cdn.npmmirror.com/packages/compress-commons/4.1.2/compress-commons-4.1.2.tgz 2439ms (cache miss)
#12 484.3 npm http fetch GET 200 https://cdn.npmmirror.com/packages/assert-never/1.4.0/assert-never-1.4.0.tgz 2483ms (cache miss)
#12 484.3 npm http fetch GET 200 https://cdn.npmmirror.com/packages/async-function/1.0.0/async-function-1.0.0.tgz 2483ms (cache miss)
#12 484.4 npm http fetch GET 200 https://cdn.npmmirror.com/packages/babel-walk/3.0.0-canary-5/babel-walk-3.0.0-canary-5.tgz 2540ms (cache miss)
#12 484.4 npm http fetch GET 200 https://cdn.npmmirror.com/packages/validator/10.11.0/validator-10.11.0.tgz 2560ms (cache miss)
#12 484.4 npm http fetch GET 200 https://cdn.npmmirror.com/packages/which-collection/1.0.2/which-collection-1.0.2.tgz 2573ms (cache miss)
#12 484.4 npm http fetch GET 200 https://cdn.npmmirror.com/packages/is-weakmap/2.0.2/is-weakmap-2.0.2.tgz 2608ms (cache miss)
#12 484.5 npm http fetch GET 200 https://cdn.npmmirror.com/packages/cliui/8.0.1/cliui-8.0.1.tgz 2643ms (cache miss)
#12 484.5 npm http fetch GET 200 https://codeload.github.com/overleaf/socket.io/tar.gz/7814a16800a7accb646bd34ed0995cd474fb82f6 1824ms (cache miss)
#12 484.5 npm http fetch GET 200 https://cdn.npmmirror.com/packages/msgpackr/1.11.12/msgpackr-1.11.12.tgz 2662ms (cache miss)
#12 484.5 npm http fetch GET 200 https://cdn.npmmirror.com/packages/tldts-core/6.1.86/tldts-core-6.1.86.tgz 2679ms (cache miss)
#12 484.6 npm http fetch GET 200 https://cdn.npmmirror.com/packages/google-logging-utils/0.0.2/google-logging-utils-0.0.2.tgz 2727ms (cache miss)
#12 484.6 npm http fetch GET 200 https://cdn.npmmirror.com/packages/is-map/2.0.3/is-map-2.0.3.tgz 2779ms (cache miss)
#12 484.7 npm http fetch GET 200 https://cdn.npmmirror.com/packages/is-async-function/2.1.1/is-async-function-2.1.1.tgz 2881ms (cache miss)
#12 484.7 npm http fetch GET 200 https://cdn.npmmirror.com/packages/es-array-method-boxes-properly/1.0.0/es-array-method-boxes-properly-1.0.0.tgz 2881ms (cache miss)
#12 484.7 npm http fetch GET 200 https://cdn.npmmirror.com/packages/isexe/2.0.0/isexe-2.0.0.tgz 2883ms (cache miss)
#12 484.7 npm http fetch GET 200 https://cdn.npmmirror.com/packages/%40types/node-forge/1.3.14/node-forge-1.3.14.tgz 2885ms (cache miss)
#12 484.7 npm http fetch GET 200 https://cdn.npmmirror.com/packages/is-boolean-object/1.2.2/is-boolean-object-1.2.2.tgz 2886ms (cache miss)
#12 484.7 npm http fetch GET 200 https://cdn.npmmirror.com/packages/is-bigint/1.1.0/is-bigint-1.1.0.tgz 2887ms (cache miss)
#12 484.7 npm http fetch GET 200 https://cdn.npmmirror.com/packages/path-scurry/1.11.1/path-scurry-1.11.1.tgz 2904ms (cache miss)
#12 484.7 npm http fetch GET 200 https://cdn.npmmirror.com/packages/object.getownpropertydescriptors/2.1.9/object.getownpropertydescriptors-2.1.9.tgz 2893ms (cache miss)
#12 484.7 npm http fetch GET 200 https://cdn.npmmirror.com/packages/tldts/6.1.86/tldts-6.1.86.tgz 2913ms (cache miss)
#12 484.7 npm http fetch GET 200 https://cdn.npmmirror.com/packages/jackspeak/3.4.3/jackspeak-3.4.3.tgz 2918ms (cache miss)
#12 484.7 npm http fetch GET 200 https://cdn.npmmirror.com/packages/generator-function/2.0.1/generator-function-2.0.1.tgz 2911ms (cache miss)
#12 484.8 npm http fetch GET 200 https://cdn.npmmirror.com/packages/is-number-object/1.1.1/is-number-object-1.1.1.tgz 2996ms (cache miss)
#12 484.9 npm http fetch GET 200 https://cdn.npmmirror.com/packages/luxon/3.7.2/luxon-3.7.2.tgz 3040ms (cache miss)
#12 484.9 npm http fetch GET 200 https://cdn.npmmirror.com/packages/fd-slicer/1.1.0/fd-slicer-1.1.0.tgz 3042ms (cache miss)
#12 484.9 npm http fetch GET 200 https://cdn.npmmirror.com/packages/is-finalizationregistry/1.1.1/is-finalizationregistry-1.1.1.tgz 3051ms (cache miss)
#12 484.9 npm http fetch GET 200 https://cdn.npmmirror.com/packages/core-util-is/1.0.2/core-util-is-1.0.2.tgz 3064ms (cache miss)
#12 484.9 npm http fetch GET 200 https://cdn.npmmirror.com/packages/array.prototype.reduce/1.0.8/array.prototype.reduce-1.0.8.tgz 3065ms (cache miss)
#12 484.9 npm http fetch GET 200 https://codeload.github.com/overleaf/socket.io-client/tar.gz/805a73d2a2e2408982597d5986a401088b7aa588 2244ms (cache miss)
#12 485.2 npm http fetch GET 200 https://cdn.npmmirror.com/packages/reflect.getprototypeof/1.0.10/reflect.getprototypeof-1.0.10.tgz 3329ms (cache miss)
#12 485.2 npm http fetch GET 200 https://cdn.npmmirror.com/packages/querystringify/2.2.0/querystringify-2.2.0.tgz 3330ms (cache miss)
#12 485.2 npm http fetch GET 200 https://cdn.npmmirror.com/packages/which-builtin-type/1.2.1/which-builtin-type-1.2.1.tgz 3330ms (cache miss)
#12 485.3 npm http fetch GET 200 https://cdn.npmmirror.com/packages/is-arguments/1.2.0/is-arguments-1.2.0.tgz 3415ms (cache miss)
#12 485.3 npm http fetch GET 200 https://cdn.npmmirror.com/packages/node-gyp-build/4.8.4/node-gyp-build-4.8.4.tgz 3413ms (cache miss)
#12 485.3 npm http fetch GET 200 https://cdn.npmmirror.com/packages/which-boxed-primitive/1.1.1/which-boxed-primitive-1.1.1.tgz 3416ms (cache miss)
#12 485.3 npm http fetch GET 200 https://cdn.npmmirror.com/packages/has-bigints/1.1.0/has-bigints-1.1.0.tgz 3416ms (cache miss)
#12 485.3 npm http fetch GET 200 https://cdn.npmmirror.com/packages/random-bytes/1.0.0/random-bytes-1.0.0.tgz 3417ms (cache miss)
#12 485.3 npm http fetch GET 200 https://cdn.npmmirror.com/packages/is-generator-function/1.1.2/is-generator-function-1.1.2.tgz 3421ms (cache miss)
#12 485.3 npm http fetch GET 200 https://cdn.npmmirror.com/packages/for-each/0.3.5/for-each-0.3.5.tgz 3420ms (cache miss)
#12 485.3 npm http fetch GET 200 https://cdn.npmmirror.com/packages/typedarray.prototype.slice/1.0.5/typedarray.prototype.slice-1.0.5.tgz 3421ms (cache miss)
#12 485.3 npm http fetch GET 200 https://cdn.npmmirror.com/packages/media-typer/1.1.0/media-typer-1.1.0.tgz 3473ms (cache miss)
#12 485.4 npm http fetch GET 200 https://cdn.npmmirror.com/packages/is-weakset/2.0.4/is-weakset-2.0.4.tgz 3536ms (cache miss)
#12 485.4 npm http fetch GET 200 https://cdn.npmmirror.com/packages/string-template/0.2.1/string-template-0.2.1.tgz 3580ms (cache miss)
#12 485.5 npm http fetch GET 200 https://cdn.npmmirror.com/packages/error/7.0.2/error-7.0.2.tgz 3648ms (cache miss)
#12 485.5 npm http fetch GET 200 https://cdn.npmmirror.com/packages/hexer/1.5.0/hexer-1.5.0.tgz 3651ms (cache miss)
#12 485.7 npm http fetch GET 200 https://cdn.npmmirror.com/packages/events-universal/1.0.1/events-universal-1.0.1.tgz 3806ms (cache miss)
#12 485.7 npm http fetch GET 200 https://cdn.npmmirror.com/packages/bufrw/1.4.0/bufrw-1.4.0.tgz 3821ms (cache miss)
#12 485.7 npm http fetch GET 200 https://cdn.npmmirror.com/packages/ansi-color/0.2.2/ansi-color-0.2.2.tgz 3837ms (cache miss)
#12 485.7 npm http fetch GET 200 https://cdn.npmmirror.com/packages/fs-constants/1.0.0/fs-constants-1.0.0.tgz 3843ms (cache miss)
#12 485.7 npm http fetch GET 200 https://cdn.npmmirror.com/packages/teex/1.0.1/teex-1.0.1.tgz 3866ms (cache miss)
#12 485.7 npm http fetch GET 200 https://cdn.npmmirror.com/packages/bl/4.1.0/bl-4.1.0.tgz 3867ms (cache miss)
#12 485.7 npm http fetch GET 200 https://cdn.npmmirror.com/packages/streamx/2.26.0/streamx-2.26.0.tgz 3865ms (cache miss)
#12 485.7 npm http fetch GET 200 https://cdn.npmmirror.com/packages/text-decoder/1.2.7/text-decoder-1.2.7.tgz 3872ms (cache miss)
#12 485.8 npm http fetch GET 200 https://cdn.npmmirror.com/packages/psl/1.15.0/psl-1.15.0.tgz 3923ms (cache miss)
#12 485.8 npm http fetch GET 200 https://cdn.npmmirror.com/packages/bare-stream/2.13.1/bare-stream-2.13.1.tgz 3966ms (cache miss)
#12 485.8 npm http fetch GET 200 https://cdn.npmmirror.com/packages/fast-fifo/1.3.2/fast-fifo-1.3.2.tgz 3983ms (cache miss)
#12 485.8 npm http fetch GET 200 https://cdn.npmmirror.com/packages/bare-events/2.9.1/bare-events-2.9.1.tgz 3986ms (cache miss)
#12 485.8 npm http fetch GET 200 https://cdn.npmmirror.com/packages/bare-os/3.9.1/bare-os-3.9.1.tgz 3990ms (cache miss)
#12 485.9 npm http fetch GET 200 https://cdn.npmmirror.com/packages/requires-port/1.0.0/requires-port-1.0.0.tgz 4025ms (cache miss)
#12 485.9 npm http fetch GET 200 https://cdn.npmmirror.com/packages/bare-path/3.0.1/bare-path-3.0.1.tgz 4033ms (cache miss)
#12 486.0 npm http fetch GET 200 https://cdn.npmmirror.com/packages/bintrees/1.0.2/bintrees-1.0.2.tgz 4155ms (cache miss)
#12 486.0 npm http fetch GET 200 https://cdn.npmmirror.com/packages/yallist/4.0.0/yallist-4.0.0.tgz 4177ms (cache miss)
#12 486.1 npm http fetch GET 200 https://cdn.npmmirror.com/packages/lodash._basecreate/2.4.1/lodash._basecreate-2.4.1.tgz 4246ms (cache miss)
#12 486.1 npm http fetch GET 200 https://cdn.npmmirror.com/packages/minizlib/2.1.2/minizlib-2.1.2.tgz 4248ms (cache miss)
#12 486.1 npm http fetch GET 200 https://cdn.npmmirror.com/packages/fs-minipass/2.1.0/fs-minipass-2.1.0.tgz 4248ms (cache miss)
#12 486.2 npm http fetch GET 200 https://cdn.npmmirror.com/packages/lodash._shimkeys/2.4.1/lodash._shimkeys-2.4.1.tgz 4316ms (cache miss)
#12 486.2 npm http fetch GET 200 https://cdn.npmmirror.com/packages/chownr/2.0.0/chownr-2.0.0.tgz 4319ms (cache miss)
#12 486.2 npm http fetch GET 200 https://cdn.npmmirror.com/packages/lodash.isfunction/2.4.1/lodash.isfunction-2.4.1.tgz 4319ms (cache miss)
#12 486.2 npm http fetch GET 200 https://cdn.npmmirror.com/packages/lodash._basecreatewrapper/2.4.1/lodash._basecreatewrapper-2.4.1.tgz 4319ms (cache miss)
#12 486.3 npm http fetch GET 200 https://cdn.npmmirror.com/packages/lodash._createwrapper/2.4.1/lodash._createwrapper-2.4.1.tgz 4418ms (cache miss)
#12 486.3 npm http fetch GET 200 https://cdn.npmmirror.com/packages/lodash._basebind/2.4.1/lodash._basebind-2.4.1.tgz 4419ms (cache miss)
#12 486.3 npm http fetch GET 200 https://cdn.npmmirror.com/packages/lodash._objecttypes/2.4.1/lodash._objecttypes-2.4.1.tgz 4459ms (cache miss)
#12 486.3 npm http fetch GET 200 https://cdn.npmmirror.com/packages/lodash.keys/2.4.1/lodash.keys-2.4.1.tgz 4467ms (cache miss)
#12 486.3 npm http fetch GET 200 https://cdn.npmmirror.com/packages/minipass/5.0.0/minipass-5.0.0.tgz 4503ms (cache miss)
#12 486.4 npm http fetch GET 200 https://cdn.npmmirror.com/packages/lodash.noop/2.4.1/lodash.noop-2.4.1.tgz 4539ms (cache miss)
#12 486.4 npm http fetch GET 200 https://cdn.npmmirror.com/packages/lodash._maxpoolsize/2.4.1/lodash._maxpoolsize-2.4.1.tgz 4575ms (cache miss)
#12 486.4 npm http fetch GET 200 https://cdn.npmmirror.com/packages/lodash._isnative/2.4.1/lodash._isnative-2.4.1.tgz 4582ms (cache miss)
#12 486.4 npm http fetch GET 200 https://cdn.npmmirror.com/packages/bare-url/2.4.3/bare-url-2.4.3.tgz 4593ms (cache miss)
#12 486.5 npm http fetch GET 200 https://cdn.npmmirror.com/packages/lodash._arraypool/2.4.1/lodash._arraypool-2.4.1.tgz 4689ms (cache miss)
#12 486.6 npm http fetch GET 200 https://cdn.npmmirror.com/packages/bare-fs/4.7.2/bare-fs-4.7.2.tgz 4705ms (cache miss)
#12 486.6 npm http fetch GET 200 https://cdn.npmmirror.com/packages/lodash.isarray/2.4.1/lodash.isarray-2.4.1.tgz 4734ms (cache miss)
#12 486.6 npm http fetch GET 200 https://cdn.npmmirror.com/packages/lodash.foreach/2.4.1/lodash.foreach-2.4.1.tgz 4754ms (cache miss)
#12 486.6 npm http fetch GET 200 https://cdn.npmmirror.com/packages/lodash.bind/2.4.1/lodash.bind-2.4.1.tgz 4756ms (cache miss)
#12 486.6 npm http fetch GET 200 https://cdn.npmmirror.com/packages/lodash.identity/2.4.1/lodash.identity-2.4.1.tgz 4779ms (cache miss)
#12 486.6 npm http fetch GET 200 https://cdn.npmmirror.com/packages/lodash.support/2.4.1/lodash.support-2.4.1.tgz 4779ms (cache miss)
#12 486.6 npm http fetch GET 200 https://cdn.npmmirror.com/packages/lodash._setbinddata/2.4.1/lodash._setbinddata-2.4.1.tgz 4779ms (cache miss)
#12 486.6 npm http fetch GET 200 https://cdn.npmmirror.com/packages/lodash.isobject/2.4.1/lodash.isobject-2.4.1.tgz 4779ms (cache miss)
#12 486.7 npm http fetch GET 200 https://cdn.npmmirror.com/packages/lodash.assign/2.4.1/lodash.assign-2.4.1.tgz 4845ms (cache miss)
#12 486.8 npm http fetch GET 200 https://cdn.npmmirror.com/packages/lodash._releasearray/2.4.1/lodash._releasearray-2.4.1.tgz 4893ms (cache miss)
#12 486.8 npm http fetch GET 200 https://cdn.npmmirror.com/packages/lodash._slice/2.4.1/lodash._slice-2.4.1.tgz 4907ms (cache miss)
#12 486.8 npm http fetch GET 200 https://cdn.npmmirror.com/packages/lodash._getarray/2.4.1/lodash._getarray-2.4.1.tgz 4923ms (cache miss)
#12 486.8 npm http fetch GET 200 https://cdn.npmmirror.com/packages/lodash._baseclone/2.4.1/lodash._baseclone-2.4.1.tgz 4946ms (cache miss)
#12 486.9 npm http fetch GET 200 https://cdn.npmmirror.com/packages/lodash.forown/2.4.1/lodash.forown-2.4.1.tgz 5018ms (cache miss)
#12 486.9 npm http fetch GET 200 https://cdn.npmmirror.com/packages/cookiejar/2.1.4/cookiejar-2.1.4.tgz 5087ms (cache miss)
#12 487.0 npm http fetch GET 200 https://cdn.npmmirror.com/packages/lodash._basecreatecallback/2.4.1/lodash._basecreatecallback-2.4.1.tgz 5095ms (cache miss)
#12 487.0 npm http fetch GET 200 https://cdn.npmmirror.com/packages/formidable/1.2.6/formidable-1.2.6.tgz 5114ms (cache miss)
#12 487.0 npm warn deprecated formidable@1.2.6: Please upgrade to latest, formidable@v2 or formidable@v3! Check these notes: https://bit.ly/2ZEqIau
#12 487.0 npm http fetch GET 200 https://cdn.npmmirror.com/packages/native-promise-only/0.8.1/native-promise-only-0.8.1.tgz 5120ms (cache miss)
#12 487.0 npm http fetch GET 200 https://cdn.npmmirror.com/packages/uri-js/4.4.1/uri-js-4.4.1.tgz 5184ms (cache miss)
#12 487.1 npm http fetch GET 200 https://cdn.npmmirror.com/packages/lodash.clonedeep/2.4.1/lodash.clonedeep-2.4.1.tgz 5217ms (cache miss)
#12 487.1 npm http fetch GET 200 https://cdn.npmmirror.com/packages/traverse/0.6.11/traverse-0.6.11.tgz 5250ms (cache miss)
#12 487.2 npm http fetch GET 200 https://cdn.npmmirror.com/packages/graphlib/2.1.8/graphlib-2.1.8.tgz 5332ms (cache miss)
#12 487.4 npm http fetch GET 200 https://cdn.npmmirror.com/packages/stubs/3.0.0/stubs-3.0.0.tgz 5540ms (cache miss)
#12 487.4 npm http fetch GET 200 https://cdn.npmmirror.com/packages/swagger-converter/0.1.7/swagger-converter-0.1.7.tgz 5541ms (cache miss)
#12 487.4 npm http fetch GET 200 https://cdn.npmmirror.com/packages/getpass/0.1.7/getpass-0.1.7.tgz 5541ms (cache miss)
#12 487.4 npm http fetch GET 200 https://cdn.npmmirror.com/packages/jsbn/0.1.1/jsbn-0.1.1.tgz 5548ms (cache miss)
#12 487.4 npm http fetch GET 200 https://cdn.npmmirror.com/packages/superagent/3.8.3/superagent-3.8.3.tgz 5569ms (cache miss)
#12 487.4 npm warn deprecated superagent@3.8.3: Please upgrade to superagent v10.2.2+, see release notes at https://github.com/forwardemail/superagent/releases/tag/v10.2.2 - maintenance is supported by Forward Email @ https://forwardemail.net
#12 487.5 npm http fetch GET 200 https://cdn.npmmirror.com/packages/ecc-jsbn/0.1.2/ecc-jsbn-0.1.2.tgz 5605ms (cache miss)
#12 487.5 npm http fetch GET 200 https://cdn.npmmirror.com/packages/bcrypt-pbkdf/1.0.2/bcrypt-pbkdf-1.0.2.tgz 5606ms (cache miss)
#12 487.5 npm http fetch GET 200 https://cdn.npmmirror.com/packages/tweetnacl/0.14.5/tweetnacl-0.14.5.tgz 5622ms (cache miss)
#12 487.6 npm http fetch GET 200 https://cdn.npmmirror.com/packages/xmlhttprequest/1.8.0/xmlhttprequest-1.8.0.tgz 5723ms (cache miss)
#12 487.6 npm http fetch GET 200 https://cdn.npmmirror.com/packages/path-loader/1.0.12/path-loader-1.0.12.tgz 5731ms (cache miss)
#12 487.7 npm http fetch GET 200 https://cdn.npmmirror.com/packages/memory-pager/1.5.0/memory-pager-1.5.0.tgz 5801ms (cache miss)
#12 487.7 npm http fetch GET 200 https://cdn.npmmirror.com/packages/cpu-features/0.0.10/cpu-features-0.0.10.tgz 5807ms (cache miss)
#12 487.7 npm http fetch GET 200 https://cdn.npmmirror.com/packages/policyfile/0.0.4/policyfile-0.0.4.tgz 5813ms (cache miss)
#12 487.7 npm http fetch GET 200 https://cdn.npmmirror.com/packages/redis/0.7.3/redis-0.7.3.tgz 5863ms (cache miss)
#12 487.8 npm http fetch GET 200 https://cdn.npmmirror.com/packages/side-channel-weakmap/1.0.2/side-channel-weakmap-1.0.2.tgz 5884ms (cache miss)
#12 487.8 npm http fetch GET 200 https://cdn.npmmirror.com/packages/%40babel/runtime-corejs3/7.29.7/runtime-corejs3-7.29.7.tgz 5891ms (cache miss)
#12 487.8 npm http fetch GET 200 https://cdn.npmmirror.com/packages/side-channel-map/1.0.1/side-channel-map-1.0.1.tgz 5922ms (cache miss)
#12 487.9 npm http fetch GET 200 https://cdn.npmmirror.com/packages/side-channel-list/1.0.1/side-channel-list-1.0.1.tgz 6000ms (cache miss)
#12 487.9 npm http fetch GET 200 https://cdn.npmmirror.com/packages/parse-srcset/1.0.2/parse-srcset-1.0.2.tgz 6019ms (cache miss)
#12 487.9 npm http fetch GET 200 https://cdn.npmmirror.com/packages/shebang-regex/3.0.0/shebang-regex-3.0.0.tgz 6024ms (cache miss)
#12 487.9 npm http fetch GET 200 https://cdn.npmmirror.com/packages/component-emitter/1.3.1/component-emitter-1.3.1.tgz 6037ms (cache miss)
#12 487.9 npm http fetch GET 200 https://cdn.npmmirror.com/packages/oauth-sign/0.9.0/oauth-sign-0.9.0.tgz 6060ms (cache miss)
#12 488.0 npm http fetch GET 200 https://cdn.npmmirror.com/packages/launder/1.7.1/launder-1.7.1.tgz 6114ms (cache miss)
#12 488.0 npm http fetch GET 200 https://cdn.npmmirror.com/packages/har-schema/2.0.0/har-schema-2.0.0.tgz 6128ms (cache miss)
#12 488.1 npm http fetch GET 200 https://cdn.npmmirror.com/packages/har-validator/5.1.5/har-validator-5.1.5.tgz 6197ms (cache miss)
#12 488.1 npm warn deprecated har-validator@5.1.5: this library is no longer supported
#12 488.1 npm http fetch GET 200 https://cdn.npmmirror.com/packages/json-refs/3.0.15/json-refs-3.0.15.tgz 6216ms (cache miss)
#12 488.1 npm http fetch GET 200 https://cdn.npmmirror.com/packages/string_decoder/1.3.0/string_decoder-1.3.0.tgz 6211ms (cache miss)
#12 488.1 npm http fetch GET 200 https://cdn.npmmirror.com/packages/spark-md5/3.0.2/spark-md5-3.0.2.tgz 6225ms (cache miss)
#12 488.1 npm http fetch GET 200 https://cdn.npmmirror.com/packages/buildcheck/0.0.7/buildcheck-0.0.7.tgz 6225ms (cache miss)
#12 488.2 npm http fetch GET 200 https://cdn.npmmirror.com/packages/token-stream/1.0.0/token-stream-1.0.0.tgz 6307ms (cache miss)
#12 488.2 npm http fetch GET 200 https://cdn.npmmirror.com/packages/is-expression/4.0.0/is-expression-4.0.0.tgz 6315ms (cache miss)
#12 488.2 npm http fetch GET 200 https://cdn.npmmirror.com/packages/character-parser/2.2.0/character-parser-2.2.0.tgz 6347ms (cache miss)
#12 488.2 npm http fetch GET 200 https://cdn.npmmirror.com/packages/asap/2.0.6/asap-2.0.6.tgz 6360ms (cache miss)
#12 488.3 npm http fetch GET 200 https://cdn.npmmirror.com/packages/is-promise/2.2.2/is-promise-2.2.2.tgz 6433ms (cache miss)
#12 488.3 npm http fetch GET 200 https://cdn.npmmirror.com/packages/scheduler/0.23.2/scheduler-0.23.2.tgz 6466ms (cache miss)
#12 488.4 npm http fetch GET 200 https://cdn.npmmirror.com/packages/jstransformer/1.0.0/jstransformer-1.0.0.tgz 6501ms (cache miss)
#12 488.4 npm http fetch GET 200 https://cdn.npmmirror.com/packages/pug-walk/2.0.0/pug-walk-2.0.0.tgz 6509ms (cache miss)
#12 488.4 npm http fetch GET 200 https://cdn.npmmirror.com/packages/promise/7.3.1/promise-7.3.1.tgz 6517ms (cache miss)
#12 488.4 npm http fetch GET 200 https://cdn.npmmirror.com/packages/z-schema/3.25.1/z-schema-3.25.1.tgz 6551ms (cache miss)
#12 488.5 npm http fetch GET 200 https://cdn.npmmirror.com/packages/pug-attrs/3.0.0/pug-attrs-3.0.0.tgz 6599ms (cache miss)
#12 488.5 npm http fetch GET 200 https://cdn.npmmirror.com/packages/doctypes/1.1.0/doctypes-1.1.0.tgz 6599ms (cache miss)
#12 488.5 npm http fetch GET 200 https://cdn.npmmirror.com/packages/with/7.0.2/with-7.0.2.tgz 6602ms (cache miss)
#12 488.5 npm http fetch GET 200 https://cdn.npmmirror.com/packages/pug-strip-comments/2.0.0/pug-strip-comments-2.0.0.tgz 6670ms (cache miss)
#12 488.6 npm http fetch GET 200 https://cdn.npmmirror.com/packages/pug-parser/6.0.0/pug-parser-6.0.0.tgz 6701ms (cache miss)
#12 488.7 npm http fetch GET 200 https://cdn.npmmirror.com/packages/pug-error/2.1.0/pug-error-2.1.0.tgz 6806ms (cache miss)
#12 488.7 npm http fetch GET 200 https://cdn.npmmirror.com/packages/pug-filters/4.0.0/pug-filters-4.0.0.tgz 6811ms (cache miss)
#12 488.7 npm http fetch GET 200 https://cdn.npmmirror.com/packages/pug-code-gen/3.0.4/pug-code-gen-3.0.4.tgz 6839ms (cache miss)
#12 488.8 npm http fetch GET 200 https://cdn.npmmirror.com/packages/constantinople/4.0.1/constantinople-4.0.1.tgz 6881ms (cache miss)
#12 488.8 npm http fetch GET 200 https://cdn.npmmirror.com/packages/ipaddr.js/1.9.1/ipaddr.js-1.9.1.tgz 6946ms (cache miss)
#12 488.8 npm http fetch GET 200 https://cdn.npmmirror.com/packages/%40protobufjs/utf8/1.1.1/utf8-1.1.1.tgz 6969ms (cache miss)
#12 488.8 npm http fetch GET 200 https://cdn.npmmirror.com/packages/%40protobufjs/path/1.1.2/path-1.1.2.tgz 6969ms (cache miss)
#12 488.9 npm http fetch GET 200 https://cdn.npmmirror.com/packages/pug-load/3.0.0/pug-load-3.0.0.tgz 7003ms (cache miss)
#12 488.9 npm http fetch GET 200 https://cdn.npmmirror.com/packages/%40protobufjs/pool/1.1.0/pool-1.1.0.tgz 7002ms (cache miss)
#12 488.9 npm http fetch GET 200 https://cdn.npmmirror.com/packages/pug-linker/4.0.0/pug-linker-4.0.0.tgz 7008ms (cache miss)
#12 488.9 npm http fetch GET 200 https://cdn.npmmirror.com/packages/forwarded/0.2.0/forwarded-0.2.0.tgz 7034ms (cache miss)
#12 488.9 npm http fetch GET 200 https://cdn.npmmirror.com/packages/%40protobufjs/inquire/1.1.2/inquire-1.1.2.tgz 7046ms (cache miss)
#12 489.0 npm http fetch GET 200 https://cdn.npmmirror.com/packages/%40protobufjs/float/1.0.2/float-1.0.2.tgz 7086ms (cache miss)
#12 489.1 npm http fetch GET 200 https://cdn.npmmirror.com/packages/pug-lexer/5.0.1/pug-lexer-5.0.1.tgz 7175ms (cache miss)
#12 489.1 npm http fetch GET 200 https://cdn.npmmirror.com/packages/%40protobufjs/eventemitter/1.1.1/eventemitter-1.1.1.tgz 7186ms (cache miss)
#12 489.1 npm http fetch GET 200 https://cdn.npmmirror.com/packages/%40protobufjs/codegen/2.0.5/codegen-2.0.5.tgz 7227ms (cache miss)
#12 489.1 npm http fetch GET 200 https://cdn.npmmirror.com/packages/%40protobufjs/base64/1.1.2/base64-1.1.2.tgz 7259ms (cache miss)
#12 489.2 npm http fetch GET 200 https://cdn.npmmirror.com/packages/%40protobufjs/aspromise/1.1.2/aspromise-1.1.2.tgz 7288ms (cache miss)
#12 489.3 npm http fetch GET 200 https://cdn.npmmirror.com/packages/pinkie/2.0.4/pinkie-2.0.4.tgz 7375ms (cache miss)
#12 489.3 npm http fetch GET 200 https://cdn.npmmirror.com/packages/tdigest/0.1.2/tdigest-0.1.2.tgz 7406ms (cache miss)
#12 489.3 npm http fetch GET 200 https://cdn.npmmirror.com/packages/xtend/4.0.2/xtend-4.0.2.tgz 7426ms (cache miss)
#12 489.3 npm http fetch GET 200 https://cdn.npmmirror.com/packages/void-elements/3.1.0/void-elements-3.1.0.tgz 7451ms (cache miss)
#12 489.3 npm http fetch GET 200 https://cdn.npmmirror.com/packages/source-map-js/1.2.1/source-map-js-1.2.1.tgz 7447ms (cache miss)
#12 489.3 npm http fetch GET 200 https://cdn.npmmirror.com/packages/postgres-interval/1.2.0/postgres-interval-1.2.0.tgz 7448ms (cache miss)
#12 489.3 npm http fetch GET 200 https://cdn.npmmirror.com/packages/split2/4.2.0/split2-4.2.0.tgz 7450ms (cache miss)
#12 489.3 npm http fetch GET 200 https://cdn.npmmirror.com/packages/%40protobufjs/fetch/1.1.1/fetch-1.1.1.tgz 7458ms (cache miss)
#12 489.3 npm http fetch GET 200 https://cdn.npmmirror.com/packages/js-stringify/1.0.2/js-stringify-1.0.2.tgz 7472ms (cache miss)
#12 489.4 npm http fetch GET 200 https://cdn.npmmirror.com/packages/postgres-date/1.0.7/postgres-date-1.0.7.tgz 7487ms (cache miss)
#12 489.4 npm http fetch GET 200 https://cdn.npmmirror.com/packages/loose-envify/1.4.0/loose-envify-1.4.0.tgz 7565ms (cache miss)
#12 489.4 npm http fetch GET 200 https://cdn.npmmirror.com/packages/postgres-bytea/1.0.1/postgres-bytea-1.0.1.tgz 7563ms (cache miss)
#12 489.5 npm http fetch GET 200 https://cdn.npmmirror.com/packages/postgres-array/2.0.0/postgres-array-2.0.0.tgz 7577ms (cache miss)
#12 489.5 npm http fetch GET 200 https://cdn.npmmirror.com/packages/pg-cursor/2.20.0/pg-cursor-2.20.0.tgz 7634ms (cache miss)
#12 489.6 npm http fetch GET 200 https://cdn.npmmirror.com/packages/pgpass/1.0.5/pgpass-1.0.5.tgz 7686ms (cache miss)
#12 489.6 npm http fetch GET 200 https://cdn.npmmirror.com/packages/pg-cloudflare/1.4.0/pg-cloudflare-1.4.0.tgz 7754ms (cache miss)
#12 489.7 npm http fetch GET 200 https://cdn.npmmirror.com/packages/json-stable-stringify/1.3.0/json-stable-stringify-1.3.0.tgz 7784ms (cache miss)
#12 489.7 npm http fetch GET 200 https://cdn.npmmirror.com/packages/find-yarn-workspace-root/2.0.0/find-yarn-workspace-root-2.0.0.tgz 7803ms (cache miss)
#12 489.7 npm http fetch GET 200 https://cdn.npmmirror.com/packages/pg-pool/3.14.0/pg-pool-3.14.0.tgz 7848ms (cache miss)
#12 489.8 npm http fetch GET 200 https://cdn.npmmirror.com/packages/jsonify/0.0.1/jsonify-0.0.1.tgz 7872ms (cache miss)
#12 489.8 npm http fetch GET 200 https://cdn.npmmirror.com/packages/pg-int8/1.0.1/pg-int8-1.0.1.tgz 7886ms (cache miss)
#12 489.8 npm http fetch GET 200 https://cdn.npmmirror.com/packages/uid2/0.0.4/uid2-0.0.4.tgz 7886ms (cache miss)
#12 489.8 npm http fetch GET 200 https://cdn.npmmirror.com/packages/oauth/0.10.2/oauth-0.10.2.tgz 7905ms (cache miss)
#12 489.9 npm http fetch GET 200 https://cdn.npmmirror.com/packages/dashdash/1.14.1/dashdash-1.14.1.tgz 7972ms (cache miss)
#12 489.9 npm http fetch GET 200 https://cdn.npmmirror.com/packages/base64url/3.0.1/base64url-3.0.1.tgz 8019ms (cache miss)
#12 489.9 npm http fetch GET 200 https://cdn.npmmirror.com/packages/%40yarnpkg/lockfile/1.1.0/lockfile-1.1.0.tgz 8059ms (cache miss)
#12 490.0 npm http fetch GET 200 https://cdn.npmmirror.com/packages/ldap-filter/0.2.2/ldap-filter-0.2.2.tgz 8114ms (cache miss)
#12 490.0 npm http fetch GET 200 https://cdn.npmmirror.com/packages/backoff/2.5.0/backoff-2.5.0.tgz 8130ms (cache miss)
#12 490.1 npm http fetch GET 200 https://cdn.npmmirror.com/packages/asn1/0.2.3/asn1-0.2.3.tgz 8194ms (cache miss)
#12 490.1 npm http fetch GET 200 https://cdn.npmmirror.com/packages/p-finally/1.0.0/p-finally-1.0.0.tgz 8240ms (cache miss)
#12 490.1 npm http fetch GET 200 https://cdn.npmmirror.com/packages/bcryptjs/2.4.3/bcryptjs-2.4.3.tgz 8254ms (cache miss)
#12 490.2 npm http fetch GET 200 https://cdn.npmmirror.com/packages/%40types/ldapjs/1.0.11/ldapjs-1.0.11.tgz 8298ms (cache miss)
#12 490.2 npm http fetch GET 200 https://cdn.npmmirror.com/packages/ldapjs/1.0.2/ldapjs-1.0.2.tgz 8307ms (cache miss)
#12 490.2 npm warn deprecated ldapjs@1.0.2: This package has been decomissioned. See https://github.com/ldapjs/node-ldapjs/blob/8ffd0bc9c149088a10ec4c1ec6a18450f76ad05d/README.md
#12 490.2 npm http fetch GET 200 https://cdn.npmmirror.com/packages/pause/0.0.1/pause-0.0.1.tgz 8317ms (cache miss)
#12 490.3 npm http fetch GET 200 https://cdn.npmmirror.com/packages/clean-stack/2.2.0/clean-stack-2.2.0.tgz 8382ms (cache miss)
#12 490.3 npm http fetch GET 200 https://cdn.npmmirror.com/packages/aggregate-error/3.1.0/aggregate-error-3.1.0.tgz 8450ms (cache miss)
#12 490.4 npm http fetch GET 200 https://cdn.npmmirror.com/packages/%40otplib/plugin-crypto/12.0.1/plugin-crypto-12.0.1.tgz 8498ms (cache miss)
#12 490.4 npm http fetch GET 200 https://cdn.npmmirror.com/packages/ldapauth-fork/4.3.3/ldapauth-fork-4.3.3.tgz 8505ms (cache miss)
#12 490.4 npm http fetch GET 200 https://cdn.npmmirror.com/packages/thirty-two/1.0.2/thirty-two-1.0.2.tgz 8543ms (cache miss)
#12 490.5 npm http fetch GET 200 https://cdn.npmmirror.com/packages/klaw-sync/6.0.0/klaw-sync-6.0.0.tgz 8622ms (cache miss)
#12 490.5 npm http fetch GET 200 https://cdn.npmmirror.com/packages/%40otplib/plugin-thirty-two/12.0.1/plugin-thirty-two-12.0.1.tgz 8617ms (cache miss)
#12 490.5 npm http fetch GET 200 https://cdn.npmmirror.com/packages/%40otplib/preset-default/12.0.1/preset-default-12.0.1.tgz 8617ms (cache miss)
#12 490.6 npm http fetch GET 200 https://cdn.npmmirror.com/packages/precond/0.2.3/precond-0.2.3.tgz 8673ms (cache miss)
#12 490.6 npm http fetch GET 200 https://cdn.npmmirror.com/packages/%40otplib/preset-v11/12.0.1/preset-v11-12.0.1.tgz 8678ms (cache miss)
#12 490.6 npm http fetch GET 200 https://cdn.npmmirror.com/packages/is-wsl/2.2.0/is-wsl-2.2.0.tgz 8683ms (cache miss)
#12 490.7 npm http fetch GET 200 https://cdn.npmmirror.com/packages/p-try/2.2.0/p-try-2.2.0.tgz 8773ms (cache miss)
#12 490.7 npm http fetch GET 200 https://cdn.npmmirror.com/packages/is-docker/2.2.1/is-docker-2.2.1.tgz 8771ms (cache miss)
#12 490.7 npm http fetch GET 200 https://cdn.npmmirror.com/packages/%40otplib/core/12.0.1/core-12.0.1.tgz 8773ms (cache miss)
#12 490.8 npm http fetch GET 200 https://cdn.npmmirror.com/packages/wide-align/1.1.5/wide-align-1.1.5.tgz 8861ms (cache miss)
#12 490.8 npm http fetch GET 200 https://cdn.npmmirror.com/packages/aproba/2.1.0/aproba-2.1.0.tgz 8871ms (cache miss)
#12 490.8 npm http fetch GET 200 https://cdn.npmmirror.com/packages/color-support/1.1.3/color-support-1.1.3.tgz 8876ms (cache miss)
#12 490.8 npm http fetch GET 200 https://cdn.npmmirror.com/packages/has-unicode/2.0.1/has-unicode-2.0.1.tgz 8876ms (cache miss)
#12 490.8 npm http fetch GET 200 https://cdn.npmmirror.com/packages/vasync/1.6.4/vasync-1.6.4.tgz 8918ms (cache miss)
#12 490.8 npm http fetch GET 200 https://cdn.npmmirror.com/packages/delegates/1.0.0/delegates-1.0.0.tgz 8926ms (cache miss)
#12 490.8 npm http fetch GET 200 https://cdn.npmmirror.com/packages/set-blocking/2.0.0/set-blocking-2.0.0.tgz 8950ms (cache miss)
#12 490.9 npm http fetch GET 200 https://cdn.npmmirror.com/packages/console-control-strings/1.1.0/console-control-strings-1.1.0.tgz 8999ms (cache miss)
#12 490.9 npm http fetch GET 200 https://cdn.npmmirror.com/packages/are-we-there-yet/2.0.0/are-we-there-yet-2.0.0.tgz 9012ms (cache miss)
#12 490.9 npm warn deprecated are-we-there-yet@2.0.0: This package is no longer supported.
#12 490.9 npm http fetch GET 200 https://cdn.npmmirror.com/packages/abbrev/1.1.1/abbrev-1.1.1.tgz 9053ms (cache miss)
#12 491.0 npm http fetch GET 200 https://cdn.npmmirror.com/packages/ncp/2.0.0/ncp-2.0.0.tgz 9126ms (cache miss)
#12 491.1 npm http fetch GET 200 https://cdn.npmmirror.com/packages/buffer-from/1.1.2/buffer-from-1.1.2.tgz 9163ms (cache miss)
#12 491.1 npm http fetch GET 200 https://cdn.npmmirror.com/packages/typedarray/0.0.6/typedarray-0.0.6.tgz 9216ms (cache miss)
#12 491.2 npm http fetch GET 200 https://cdn.npmmirror.com/packages/concat-stream/2.0.0/concat-stream-2.0.0.tgz 9269ms (cache miss)
#12 491.2 npm http fetch GET 200 https://cdn.npmmirror.com/packages/streamsearch/1.1.0/streamsearch-1.1.0.tgz 9288ms (cache miss)
#12 491.2 npm http fetch GET 200 https://cdn.npmmirror.com/packages/append-field/1.0.0/append-field-1.0.0.tgz 9297ms (cache miss)
#12 491.2 npm http fetch GET 200 https://cdn.npmmirror.com/packages/busboy/1.6.0/busboy-1.6.0.tgz 9322ms (cache miss)
#12 491.2 npm http fetch GET 200 https://cdn.npmmirror.com/packages/sift/17.1.3/sift-17.1.3.tgz 9334ms (cache miss)
#12 491.2 npm http fetch GET 200 https://cdn.npmmirror.com/packages/eventemitter3/5.0.4/eventemitter3-5.0.4.tgz 9360ms (cache miss)
#12 491.3 npm http fetch GET 200 https://cdn.npmmirror.com/packages/mkdirp/0.5.6/mkdirp-0.5.6.tgz 9387ms (cache miss)
#12 491.3 npm http fetch GET 200 https://cdn.npmmirror.com/packages/mpath/0.9.0/mpath-0.9.0.tgz 9400ms (cache miss)
#12 491.3 npm http fetch GET 200 https://cdn.npmmirror.com/packages/kareem/2.6.3/kareem-2.6.3.tgz 9407ms (cache miss)
#12 491.4 npm http fetch GET 200 https://cdn.npmmirror.com/packages/%40types/webidl-conversions/7.0.3/webidl-conversions-7.0.3.tgz 9483ms (cache miss)
#12 491.4 npm http fetch GET 200 https://cdn.npmmirror.com/packages/%40types/whatwg-url/11.0.5/whatwg-url-11.0.5.tgz 9501ms (cache miss)
#12 491.5 npm http fetch GET 200 https://cdn.npmmirror.com/packages/mongodb-connection-string-url/3.0.2/mongodb-connection-string-url-3.0.2.tgz 9569ms (cache miss)
#12 491.5 npm http fetch GET 200 https://cdn.npmmirror.com/packages/sparse-bitfield/3.0.3/sparse-bitfield-3.0.3.tgz 9569ms (cache miss)
#12 491.5 npm http fetch GET 200 https://cdn.npmmirror.com/packages/rechoir/0.8.0/rechoir-0.8.0.tgz 9615ms (cache miss)
#12 491.5 npm http fetch GET 200 https://cdn.npmmirror.com/packages/pg-connection-string/2.6.1/pg-connection-string-2.6.1.tgz 9631ms (cache miss)
#12 491.6 npm http fetch GET 200 https://cdn.npmmirror.com/packages/tarn/3.0.2/tarn-3.0.2.tgz 9730ms (cache miss)
#12 491.6 npm http fetch GET 200 https://cdn.npmmirror.com/packages/interpret/2.2.0/interpret-2.2.0.tgz 9747ms (cache miss)
#12 491.7 npm http fetch GET 200 https://cdn.npmmirror.com/packages/%40mongodb-js/saslprep/1.4.11/saslprep-1.4.11.tgz 9768ms (cache miss)
#12 491.7 npm http fetch GET 200 https://cdn.npmmirror.com/packages/tildify/2.0.0/tildify-2.0.0.tgz 9780ms (cache miss)
#12 491.7 npm http fetch GET 200 https://cdn.npmmirror.com/packages/gcp-metadata/5.3.0/gcp-metadata-5.3.0.tgz 9838ms (cache miss)
#12 491.8 npm http fetch GET 200 https://cdn.npmmirror.com/packages/getopts/2.3.0/getopts-2.3.0.tgz 9853ms (cache miss)
#12 491.8 npm http fetch GET 200 https://cdn.npmmirror.com/packages/get-package-type/0.1.0/get-package-type-0.1.0.tgz 9896ms (cache miss)
#12 491.8 npm http fetch GET 200 https://cdn.npmmirror.com/packages/bson/6.10.4/bson-6.10.4.tgz 9912ms (cache miss)
#12 491.9 npm http fetch GET 200 https://cdn.npmmirror.com/packages/gauge/3.0.2/gauge-3.0.2.tgz 9957ms (cache miss)
#12 491.9 npm warn deprecated gauge@3.0.2: This package is no longer supported.
#12 491.9 npm http fetch GET 200 https://cdn.npmmirror.com/packages/esm/3.2.25/esm-3.2.25.tgz 9955ms (cache miss)
#12 491.9 npm http fetch GET 200 https://cdn.npmmirror.com/packages/jwa/2.0.1/jwa-2.0.1.tgz 9954ms (cache miss)
#12 491.9 npm http fetch GET 200 https://cdn.npmmirror.com/packages/extsprintf/1.3.0/extsprintf-1.3.0.tgz 9960ms (cache miss)
#12 491.9 npm http fetch GET 200 https://cdn.npmmirror.com/packages/colorette/2.0.19/colorette-2.0.19.tgz 9991ms (cache miss)
#12 491.9 npm http fetch GET 200 https://cdn.npmmirror.com/packages/json-schema/0.4.0/json-schema-0.4.0.tgz 9996ms (cache miss)
#12 492.0 npm http fetch GET 200 https://cdn.npmmirror.com/packages/lodash.isnumber/3.0.3/lodash.isnumber-3.0.3.tgz 10094ms (cache miss)
#12 492.0 npm http fetch GET 200 https://cdn.npmmirror.com/packages/verror/1.10.0/verror-1.10.0.tgz 10118ms (cache miss)
#12 492.2 npm http fetch GET 200 https://cdn.npmmirror.com/packages/lodash.includes/4.3.0/lodash.includes-4.3.0.tgz 10274ms (cache miss)
#12 492.2 npm http fetch GET 200 https://cdn.npmmirror.com/packages/buffer-equal-constant-time/1.0.1/buffer-equal-constant-time-1.0.1.tgz 10278ms (cache miss)
#12 492.2 npm http fetch GET 200 https://cdn.npmmirror.com/packages/lodash.isboolean/3.0.3/lodash.isboolean-3.0.3.tgz 10276ms (cache miss)
#12 492.2 npm http fetch GET 200 https://cdn.npmmirror.com/packages/mquery/5.0.0/mquery-5.0.0.tgz 10295ms (cache miss)
#12 492.2 npm http fetch GET 200 https://cdn.npmmirror.com/packages/http-proxy-agent/5.0.0/http-proxy-agent-5.0.0.tgz 10301ms (cache miss)
#12 492.2 npm http fetch GET 200 https://cdn.npmmirror.com/packages/lodash.isstring/4.0.1/lodash.isstring-4.0.1.tgz 10315ms (cache miss)
#12 492.3 npm http fetch GET 200 https://cdn.npmmirror.com/packages/%40sideway/pinpoint/2.0.0/pinpoint-2.0.0.tgz 10357ms (cache miss)
#12 492.3 npm http fetch GET 200 https://cdn.npmmirror.com/packages/webidl-conversions/7.0.0/webidl-conversions-7.0.0.tgz 10361ms (cache miss)
#12 492.3 npm http fetch GET 200 https://cdn.npmmirror.com/packages/%40tootallnate/once/2.0.1/once-2.0.1.tgz 10376ms (cache miss)
#12 492.3 npm http fetch GET 200 https://cdn.npmmirror.com/packages/%40sideway/formula/3.0.1/formula-3.0.1.tgz 10377ms (cache miss)
#12 492.4 npm http fetch GET 200 https://cdn.npmmirror.com/packages/%40sideway/address/4.1.5/address-4.1.5.tgz 10499ms (cache miss)
#12 492.4 npm http fetch GET 200 https://cdn.npmmirror.com/packages/bignumber.js/9.3.1/bignumber.js-9.3.1.tgz 10508ms (cache miss)
#12 492.4 npm http fetch GET 200 https://cdn.npmmirror.com/packages/filelist/1.0.6/filelist-1.0.6.tgz 10518ms (cache miss)
#12 492.5 npm http fetch GET 200 https://cdn.npmmirror.com/packages/xorshift/1.2.0/xorshift-1.2.0.tgz 10568ms (cache miss)
#12 492.6 npm http fetch GET 200 https://cdn.npmmirror.com/packages/standard-as-callback/2.1.0/standard-as-callback-2.1.0.tgz 10680ms (cache miss)
#12 492.6 npm http fetch GET 200 https://cdn.npmmirror.com/packages/jsonparse/1.3.1/jsonparse-1.3.1.tgz 10706ms (cache miss)
#12 492.6 npm http fetch GET 200 https://cdn.npmmirror.com/packages/node-int64/0.4.0/node-int64-0.4.0.tgz 10727ms (cache miss)
#12 492.6 npm http fetch GET 200 https://cdn.npmmirror.com/packages/redis-commands/1.7.0/redis-commands-1.7.0.tgz 10727ms (cache miss)
#12 492.7 npm http fetch GET 200 https://cdn.npmmirror.com/packages/thriftrw/3.11.4/thriftrw-3.11.4.tgz 10744ms (cache miss)
#12 492.7 npm http fetch GET 200 https://cdn.npmmirror.com/packages/redis-errors/1.2.0/redis-errors-1.2.0.tgz 10750ms (cache miss)
#12 492.7 npm http fetch GET 200 https://cdn.npmmirror.com/packages/lodash.isarguments/3.1.0/lodash.isarguments-3.1.0.tgz 10749ms (cache miss)
#12 492.7 npm http fetch GET 200 https://cdn.npmmirror.com/packages/opentracing/0.14.7/opentracing-0.14.7.tgz 10763ms (cache miss)
#12 492.7 npm http fetch GET 200 https://cdn.npmmirror.com/packages/denque/1.5.1/denque-1.5.1.tgz 10795ms (cache miss)
#12 492.7 npm http fetch GET 200 https://cdn.npmmirror.com/packages/redis-parser/3.0.0/redis-parser-3.0.0.tgz 10818ms (cache miss)
#12 492.8 npm http fetch GET 200 https://cdn.npmmirror.com/packages/module-details-from-path/1.0.4/module-details-from-path-1.0.4.tgz 10839ms (cache miss)
#12 492.8 npm http fetch GET 200 https://cdn.npmmirror.com/packages/side-channel/1.1.0/side-channel-1.1.0.tgz 10874ms (cache miss)
#12 492.9 npm http fetch GET 200 https://cdn.npmmirror.com/packages/agent-base/7.1.4/agent-base-7.1.4.tgz 10973ms (cache miss)
#12 493.0 npm http fetch GET 200 https://cdn.npmmirror.com/packages/sshpk/1.18.0/sshpk-1.18.0.tgz 11056ms (cache miss)
#12 493.0 npm http fetch GET 200 https://cdn.npmmirror.com/packages/google-p12-pem/4.0.1/google-p12-pem-4.0.1.tgz 11096ms (cache miss)
#12 493.0 npm warn deprecated google-p12-pem@4.0.1: Package is no longer maintained
#12 493.1 npm http fetch GET 200 https://cdn.npmmirror.com/packages/safer-buffer/2.1.2/safer-buffer-2.1.2.tgz 11144ms (cache miss)
#12 493.1 npm http fetch GET 200 https://cdn.npmmirror.com/packages/assert-plus/1.0.0/assert-plus-1.0.0.tgz 11185ms (cache miss)
#12 493.1 npm http fetch GET 200 https://cdn.npmmirror.com/packages/lodash.isinteger/4.0.4/lodash.isinteger-4.0.4.tgz 11192ms (cache miss)
#12 493.1 npm http fetch GET 200 https://cdn.npmmirror.com/packages/jws/4.0.1/jws-4.0.1.tgz 11185ms (cache miss)
#12 493.1 npm http fetch GET 200 https://cdn.npmmirror.com/packages/array-union/1.0.2/array-union-1.0.2.tgz 11207ms (cache miss)
#12 493.1 npm http fetch GET 200 https://cdn.npmmirror.com/packages/fast-text-encoding/1.0.6/fast-text-encoding-1.0.6.tgz 11209ms (cache miss)
#12 493.1 npm http fetch GET 200 https://cdn.npmmirror.com/packages/ecdsa-sig-formatter/1.0.11/ecdsa-sig-formatter-1.0.11.tgz 11222ms (cache miss)
#12 493.1 npm http fetch GET 200 https://cdn.npmmirror.com/packages/set-function-name/2.0.2/set-function-name-2.0.2.tgz 11227ms (cache miss)
#12 493.2 npm http fetch GET 200 https://cdn.npmmirror.com/packages/pinkie-promise/2.0.1/pinkie-promise-2.0.1.tgz 11277ms (cache miss)
#12 493.2 npm http fetch GET 200 https://cdn.npmmirror.com/packages/gtoken/6.1.2/gtoken-6.1.2.tgz 11290ms (cache miss)
#12 493.3 npm http fetch GET 200 https://cdn.npmmirror.com/packages/pump/3.0.4/pump-3.0.4.tgz 11345ms (cache miss)
#12 493.3 npm http fetch GET 200 https://cdn.npmmirror.com/packages/node-forge/1.4.0/node-forge-1.4.0.tgz 11356ms (cache miss)
#12 493.3 npm http fetch GET 200 https://cdn.npmmirror.com/packages/dunder-proto/1.0.1/dunder-proto-1.0.1.tgz 11415ms (cache miss)
#12 493.4 npm http fetch GET 200 https://cdn.npmmirror.com/packages/functions-have-names/1.2.3/functions-have-names-1.2.3.tgz 11434ms (cache miss)
#12 493.4 npm http fetch GET 200 https://cdn.npmmirror.com/packages/json-bigint/1.0.0/json-bigint-1.0.0.tgz 11435ms (cache miss)
#12 493.4 npm http fetch GET 200 https://cdn.npmmirror.com/packages/at-least-node/1.0.0/at-least-node-1.0.0.tgz 11507ms (cache miss)
#12 493.4 npm http fetch GET 200 https://cdn.npmmirror.com/packages/array-uniq/1.0.3/array-uniq-1.0.3.tgz 11512ms (cache miss)
#12 493.4 npm http fetch GET 200 https://cdn.npmmirror.com/packages/jsonfile/6.2.1/jsonfile-6.2.1.tgz 11515ms (cache miss)
#12 493.4 npm http fetch GET 200 https://cdn.npmmirror.com/packages/universalify/2.0.1/universalify-2.0.1.tgz 11523ms (cache miss)
#12 493.5 npm http fetch GET 200 https://cdn.npmmirror.com/packages/asynckit/0.4.0/asynckit-0.4.0.tgz 11564ms (cache miss)
#12 493.5 npm http fetch GET 200 https://cdn.npmmirror.com/packages/deepmerge/4.3.1/deepmerge-4.3.1.tgz 11565ms (cache miss)
#12 493.5 npm http fetch GET 200 https://cdn.npmmirror.com/packages/utils-merge/1.0.1/utils-merge-1.0.1.tgz 11582ms (cache miss)
#12 493.5 npm http fetch GET 200 https://cdn.npmmirror.com/packages/strnum/1.1.2/strnum-1.1.2.tgz 11590ms (cache miss)
#12 493.5 npm http fetch GET 200 https://cdn.npmmirror.com/packages/test-value/2.1.0/test-value-2.1.0.tgz 11614ms (cache miss)
#12 493.7 npm http fetch GET 200 https://cdn.npmmirror.com/packages/%40node-rs/helper/0.1.4/helper-0.1.4.tgz 11727ms (cache miss)
#12 493.7 npm http fetch GET 200 https://cdn.npmmirror.com/packages/methods/1.1.2/methods-1.1.2.tgz 11735ms (cache miss)
#12 493.7 npm http fetch GET 200 https://cdn.npmmirror.com/packages/merge-descriptors/1.0.3/merge-descriptors-1.0.3.tgz 11792ms (cache miss)
#12 493.8 npm http fetch GET 200 https://cdn.npmmirror.com/packages/finalhandler/1.3.2/finalhandler-1.3.2.tgz 11832ms (cache miss)
#12 493.8 npm http fetch GET 200 https://cdn.npmmirror.com/packages/array-flatten/1.1.1/array-flatten-1.1.1.tgz 11868ms (cache miss)
#12 493.8 npm http fetch GET 200 https://cdn.npmmirror.com/packages/call-me-maybe/1.0.2/call-me-maybe-1.0.2.tgz 11868ms (cache miss)
#12 493.8 npm http fetch GET 200 https://cdn.npmmirror.com/packages/%40types/json-schema/7.0.15/json-schema-7.0.15.tgz 11911ms (cache miss)
#12 493.9 npm http fetch GET 200 https://cdn.npmmirror.com/packages/%40jsdevtools/ono/7.1.3/ono-7.1.3.tgz 11929ms (cache miss)
#12 493.9 npm http fetch GET 200 https://cdn.npmmirror.com/packages/path-to-regexp/0.1.13/path-to-regexp-0.1.13.tgz 11944ms (cache miss)
#12 493.9 npm http fetch GET 200 https://cdn.npmmirror.com/packages/openapi3-ts/3.2.0/openapi3-ts-3.2.0.tgz 11970ms (cache miss)
#12 493.9 npm http fetch GET 200 https://cdn.npmmirror.com/packages/deep-freeze/0.0.1/deep-freeze-0.0.1.tgz 11998ms (cache miss)
#12 493.9 npm http fetch GET 200 https://cdn.npmmirror.com/packages/events-listener/1.1.0/events-listener-1.1.0.tgz 12017ms (cache miss)
#12 494.0 npm http fetch GET 200 https://cdn.npmmirror.com/packages/promise-breaker/6.0.0/promise-breaker-6.0.0.tgz 12025ms (cache miss)
#12 494.0 npm http fetch GET 200 https://cdn.npmmirror.com/packages/%40node-rs/crc32/0.1.8/crc32-0.1.8.tgz 12033ms (cache miss)
#12 494.0 npm http fetch GET 200 https://cdn.npmmirror.com/packages/json-ptr/3.1.0/json-ptr-3.1.0.tgz 12064ms (cache miss)
#12 494.0 npm http fetch GET 200 https://cdn.npmmirror.com/packages/ajv-formats/2.1.1/ajv-formats-2.1.1.tgz 12098ms (cache miss)
#12 494.1 npm http fetch GET 200 https://cdn.npmmirror.com/packages/%40apidevtools/json-schema-ref-parser/9.1.2/json-schema-ref-parser-9.1.2.tgz 12147ms (cache miss)
#12 494.1 npm http fetch GET 200 https://cdn.npmmirror.com/packages/pify/2.3.0/pify-2.3.0.tgz 12157ms (cache miss)
#12 494.1 npm http fetch GET 200 https://cdn.npmmirror.com/packages/signal-exit/3.0.7/signal-exit-3.0.7.tgz 12175ms (cache miss)
#12 494.2 npm http fetch GET 200 https://cdn.npmmirror.com/packages/is-stream/2.0.1/is-stream-2.0.1.tgz 12262ms (cache miss)
#12 494.2 npm http fetch GET 200 https://cdn.npmmirror.com/packages/exegesis/4.3.0/exegesis-4.3.0.tgz 12289ms (cache miss)
#12 494.2 npm http fetch GET 200 https://cdn.npmmirror.com/packages/emoji-regex/9.2.2/emoji-regex-9.2.2.tgz 12314ms (cache miss)
#12 494.3 npm http fetch GET 200 https://cdn.npmmirror.com/packages/indent-string/4.0.0/indent-string-4.0.0.tgz 12335ms (cache miss)
#12 494.3 npm http fetch GET 200 https://cdn.npmmirror.com/packages/which-typed-array/1.1.21/which-typed-array-1.1.21.tgz 12365ms (cache miss)
#12 494.3 npm http fetch GET 200 https://cdn.npmmirror.com/packages/is-date-object/1.1.0/is-date-object-1.1.0.tgz 12368ms (cache miss)
#12 494.3 npm http fetch GET 200 https://cdn.npmmirror.com/packages/possible-typed-array-names/1.1.0/possible-typed-array-names-1.1.0.tgz 12375ms (cache miss)
#12 494.3 npm http fetch GET 200 https://cdn.npmmirror.com/packages/unbox-primitive/1.1.0/unbox-primitive-1.1.0.tgz 12381ms (cache miss)
#12 494.4 npm http fetch GET 200 https://cdn.npmmirror.com/packages/typed-array-length/1.0.8/typed-array-length-1.0.8.tgz 12446ms (cache miss)
#12 494.4 npm http fetch GET 200 https://cdn.npmmirror.com/packages/has-tostringtag/1.0.2/has-tostringtag-1.0.2.tgz 12450ms (cache miss)
#12 494.4 npm http fetch GET 200 https://cdn.npmmirror.com/packages/typed-array-byte-offset/1.0.4/typed-array-byte-offset-1.0.4.tgz 12485ms (cache miss)
#12 494.5 npm http fetch GET 200 https://cdn.npmmirror.com/packages/typed-array-buffer/1.0.3/typed-array-buffer-1.0.3.tgz 12531ms (cache miss)
#12 494.5 npm http fetch GET 200 https://cdn.npmmirror.com/packages/typed-array-byte-length/1.0.3/typed-array-byte-length-1.0.3.tgz 12536ms (cache miss)
#12 494.5 npm http fetch GET 200 https://cdn.npmmirror.com/packages/is-symbol/1.1.1/is-symbol-1.1.1.tgz 12549ms (cache miss)
#12 494.6 npm http fetch GET 200 https://cdn.npmmirror.com/packages/string.prototype.trimstart/1.0.8/string.prototype.trimstart-1.0.8.tgz 12630ms (cache miss)
#12 494.6 npm http fetch GET 200 https://cdn.npmmirror.com/packages/safe-push-apply/1.0.0/safe-push-apply-1.0.0.tgz 12693ms (cache miss)
#12 494.6 npm http fetch GET 200 https://cdn.npmmirror.com/packages/set-proto/1.0.0/set-proto-1.0.0.tgz 12713ms (cache miss)
#12 494.7 npm http fetch GET 200 https://cdn.npmmirror.com/packages/own-keys/1.0.1/own-keys-1.0.1.tgz 12714ms (cache miss)
#12 494.7 npm http fetch GET 200 https://cdn.npmmirror.com/packages/object.assign/4.1.7/object.assign-4.1.7.tgz 12721ms (cache miss)
#12 494.7 npm http fetch GET 200 https://cdn.npmmirror.com/packages/safe-array-concat/1.1.4/safe-array-concat-1.1.4.tgz 12724ms (cache miss)
#12 494.7 npm http fetch GET 200 https://cdn.npmmirror.com/packages/regexp.prototype.flags/1.5.4/regexp.prototype.flags-1.5.4.tgz 12763ms (cache miss)
#12 494.8 npm http fetch GET 200 https://cdn.npmmirror.com/packages/is-weakref/1.1.1/is-weakref-1.1.1.tgz 12863ms (cache miss)
#12 494.8 npm http fetch GET 200 https://cdn.npmmirror.com/packages/stop-iteration-iterator/1.1.0/stop-iteration-iterator-1.1.0.tgz 12877ms (cache miss)
#12 494.8 npm http fetch GET 200 https://cdn.npmmirror.com/packages/object-inspect/1.13.4/object-inspect-1.13.4.tgz 12882ms (cache miss)
#12 494.8 npm http fetch GET 200 https://cdn.npmmirror.com/packages/is-set/2.0.3/is-set-2.0.3.tgz 12903ms (cache miss)
#12 494.9 npm http fetch GET 200 https://cdn.npmmirror.com/packages/is-shared-array-buffer/1.0.4/is-shared-array-buffer-1.0.4.tgz 12945ms (cache miss)
#12 494.9 npm http fetch GET 200 https://cdn.npmmirror.com/packages/is-typed-array/1.1.15/is-typed-array-1.1.15.tgz 12965ms (cache miss)
#12 494.9 npm http fetch GET 200 https://cdn.npmmirror.com/packages/is-regex/1.2.1/is-regex-1.2.1.tgz 12965ms (cache miss)
#12 494.9 npm http fetch GET 200 https://cdn.npmmirror.com/packages/is-negative-zero/2.0.3/is-negative-zero-2.0.3.tgz 12965ms (cache miss)
#12 494.9 npm http fetch GET 200 https://cdn.npmmirror.com/packages/is-callable/1.2.7/is-callable-1.2.7.tgz 12997ms (cache miss)
#12 495.0 npm http fetch GET 200 https://cdn.npmmirror.com/packages/string.prototype.trim/1.2.10/string.prototype.trim-1.2.10.tgz 13093ms (cache miss)
#12 495.0 npm http fetch GET 200 https://cdn.npmmirror.com/packages/has-proto/1.2.0/has-proto-1.2.0.tgz 13097ms (cache miss)
#12 495.0 npm http fetch GET 200 https://cdn.npmmirror.com/packages/has-symbols/1.1.0/has-symbols-1.1.0.tgz 13099ms (cache miss)
#12 495.1 npm http fetch GET 200 https://cdn.npmmirror.com/packages/internal-slot/1.1.0/internal-slot-1.1.0.tgz 13114ms (cache miss)
#12 495.1 npm http fetch GET 200 https://cdn.npmmirror.com/packages/is-array-buffer/3.0.5/is-array-buffer-3.0.5.tgz 13136ms (cache miss)
#12 495.1 npm http fetch GET 200 https://cdn.npmmirror.com/packages/get-symbol-description/1.1.0/get-symbol-description-1.1.0.tgz 13155ms (cache miss)
#12 495.2 npm http fetch GET 200 https://cdn.npmmirror.com/packages/get-proto/1.0.1/get-proto-1.0.1.tgz 13247ms (cache miss)
#12 495.2 npm http fetch GET 200 https://cdn.npmmirror.com/packages/es-set-tostringtag/2.1.0/es-set-tostringtag-2.1.0.tgz 13285ms (cache miss)
#12 495.2 npm http fetch GET 200 https://cdn.npmmirror.com/packages/function.prototype.name/1.1.8/function.prototype.name-1.1.8.tgz 13301ms (cache miss)
#12 495.2 npm http fetch GET 200 https://cdn.npmmirror.com/packages/data-view-byte-offset/1.0.1/data-view-byte-offset-1.0.1.tgz 13305ms (cache miss)
#12 495.3 npm http fetch GET 200 https://cdn.npmmirror.com/packages/data-view-byte-length/1.0.2/data-view-byte-length-1.0.2.tgz 13315ms (cache miss)
#12 495.3 npm http fetch GET 200 https://cdn.npmmirror.com/packages/es-to-primitive/1.3.0/es-to-primitive-1.3.0.tgz 13320ms (cache miss)
#12 495.3 npm http fetch GET 200 https://cdn.npmmirror.com/packages/available-typed-arrays/1.0.7/available-typed-arrays-1.0.7.tgz 13363ms (cache miss)
#12 495.4 npm http fetch GET 200 https://cdn.npmmirror.com/packages/data-view-buffer/1.0.2/data-view-buffer-1.0.2.tgz 13412ms (cache miss)
#12 495.4 npm http fetch GET 200 https://cdn.npmmirror.com/packages/gopd/1.2.0/gopd-1.2.0.tgz 13485ms (cache miss)
#12 495.4 npm http fetch GET 200 https://cdn.npmmirror.com/packages/has-property-descriptors/1.0.2/has-property-descriptors-1.0.2.tgz 13487ms (cache miss)
#12 495.4 npm http fetch GET 200 https://cdn.npmmirror.com/packages/array-buffer-byte-length/1.0.2/array-buffer-byte-length-1.0.2.tgz 13491ms (cache miss)
#12 495.4 npm http fetch GET 200 https://cdn.npmmirror.com/packages/arraybuffer.prototype.slice/1.0.4/arraybuffer.prototype.slice-1.0.4.tgz 13493ms (cache miss)
#12 495.5 npm http fetch GET 200 https://cdn.npmmirror.com/packages/is-data-view/1.0.2/is-data-view-1.0.2.tgz 13544ms (cache miss)
#12 495.6 npm http fetch GET 200 https://cdn.npmmirror.com/packages/is-string/1.1.1/is-string-1.1.1.tgz 13684ms (cache miss)
#12 495.6 npm http fetch GET 200 https://cdn.npmmirror.com/packages/math-intrinsics/1.1.0/math-intrinsics-1.1.0.tgz 13689ms (cache miss)
#12 495.6 npm http fetch GET 200 https://cdn.npmmirror.com/packages/es-object-atoms/1.1.2/es-object-atoms-1.1.2.tgz 13699ms (cache miss)
#12 495.7 npm http fetch GET 200 https://cdn.npmmirror.com/packages/define-properties/1.2.1/define-properties-1.2.1.tgz 13714ms (cache miss)
#12 495.7 npm http fetch GET 200 https://cdn.npmmirror.com/packages/es-define-property/1.0.1/es-define-property-1.0.1.tgz 13717ms (cache miss)
#12 495.7 npm http fetch GET 200 https://cdn.npmmirror.com/packages/define-data-property/1.1.4/define-data-property-1.1.4.tgz 13773ms (cache miss)
#12 495.8 npm http fetch GET 200 https://cdn.npmmirror.com/packages/globalthis/1.0.4/globalthis-1.0.4.tgz 13849ms (cache miss)
#12 495.8 npm http fetch GET 200 https://cdn.npmmirror.com/packages/get-intrinsic/1.3.0/get-intrinsic-1.3.0.tgz 13878ms (cache miss)
#12 495.8 npm http fetch GET 200 https://cdn.npmmirror.com/packages/string.prototype.trimend/1.0.9/string.prototype.trimend-1.0.9.tgz 13896ms (cache miss)
#12 495.8 npm http fetch GET 200 https://cdn.npmmirror.com/packages/call-bind-apply-helpers/1.0.2/call-bind-apply-helpers-1.0.2.tgz 13896ms (cache miss)
#12 495.9 npm http fetch GET 200 https://cdn.npmmirror.com/packages/lodash.merge/4.6.2/lodash.merge-4.6.2.tgz 13902ms (cache miss)
#12 495.9 npm http fetch GET 200 https://cdn.npmmirror.com/packages/set-function-length/1.2.2/set-function-length-1.2.2.tgz 13929ms (cache miss)
#12 495.9 npm http fetch GET 200 https://cdn.npmmirror.com/packages/safe-regex-test/1.1.0/safe-regex-test-1.1.0.tgz 13927ms (cache miss)
#12 496.0 npm http fetch GET 200 https://cdn.npmmirror.com/packages/call-bound/1.0.4/call-bound-1.0.4.tgz 14058ms (cache miss)
#12 496.0 npm http fetch GET 200 https://cdn.npmmirror.com/packages/call-bind/1.0.9/call-bind-1.0.9.tgz 14065ms (cache miss)
#12 496.0 npm http fetch GET 200 https://cdn.npmmirror.com/packages/end-of-stream/1.4.5/end-of-stream-1.4.5.tgz 14094ms (cache miss)
#12 496.1 npm http fetch GET 200 https://cdn.npmmirror.com/packages/jake/10.9.4/jake-10.9.4.tgz 14110ms (cache miss)
#12 496.1 npm http fetch GET 200 https://cdn.npmmirror.com/packages/stream-shift/1.0.3/stream-shift-1.0.3.tgz 14113ms (cache miss)
#12 496.1 npm http fetch GET 200 https://cdn.npmmirror.com/packages/expressionify/0.9.3/expressionify-0.9.3.tgz 14126ms (cache miss)
#12 496.2 npm http fetch GET 200 https://cdn.npmmirror.com/packages/punycode/1.4.1/punycode-1.4.1.tgz 14214ms (cache miss)
#12 496.2 npm http fetch GET 200 https://cdn.npmmirror.com/packages/split-ca/1.0.1/split-ca-1.0.1.tgz 14276ms (cache miss)
#12 496.3 npm http fetch GET 200 https://cdn.npmmirror.com/packages/nan/2.27.0/nan-2.27.0.tgz 14308ms (cache miss)
#12 496.3 npm http fetch GET 200 https://cdn.npmmirror.com/packages/entities/4.5.0/entities-4.5.0.tgz 14319ms (cache miss)
#12 496.3 npm http fetch GET 200 https://cdn.npmmirror.com/packages/%40balena/dockerignore/1.0.2/dockerignore-1.0.2.tgz 14329ms (cache miss)
#12 496.3 npm http fetch GET 200 https://cdn.npmmirror.com/packages/docker-modem/5.0.7/docker-modem-5.0.7.tgz 14343ms (cache miss)
#12 496.3 npm http fetch GET 200 https://cdn.npmmirror.com/packages/delayed-stream/1.0.0/delayed-stream-1.0.0.tgz 14371ms (cache miss)
#12 496.4 npm http fetch GET 200 https://cdn.npmmirror.com/packages/ssh2/1.17.0/ssh2-1.17.0.tgz 14420ms (cache miss)
#12 496.4 npm http fetch GET 200 https://cdn.npmmirror.com/packages/json-stringify-safe/5.0.1/json-stringify-safe-5.0.1.tgz 14447ms (cache miss)
#12 496.4 npm http fetch GET 200 https://cdn.npmmirror.com/packages/isstream/0.1.2/isstream-0.1.2.tgz 14463ms (cache miss)
#12 496.5 npm http fetch GET 200 https://cdn.npmmirror.com/packages/combined-stream/1.0.8/combined-stream-1.0.8.tgz 14500ms (cache miss)
#12 496.5 npm http fetch GET 200 https://cdn.npmmirror.com/packages/is-typedarray/1.0.0/is-typedarray-1.0.0.tgz 14539ms (cache miss)
#12 496.5 npm http fetch GET 200 https://cdn.npmmirror.com/packages/forever-agent/0.6.1/forever-agent-0.6.1.tgz 14539ms (cache miss)
#12 496.6 npm http fetch GET 200 https://cdn.npmmirror.com/packages/aws4/1.13.2/aws4-1.13.2.tgz 14599ms (cache miss)
#12 496.6 npm http fetch GET 200 https://cdn.npmmirror.com/packages/caseless/0.12.0/caseless-0.12.0.tgz 14599ms (cache miss)
#12 496.7 npm http fetch GET 200 https://cdn.npmmirror.com/packages/aws-sign2/0.7.0/aws-sign2-0.7.0.tgz 14715ms (cache miss)
#12 496.7 npm http fetch GET 200 https://cdn.npmmirror.com/packages/csv-stringify/6.7.0/csv-stringify-6.7.0.tgz 14789ms (cache miss)
#12 496.8 npm http fetch GET 200 https://cdn.npmmirror.com/packages/csv-parse/6.2.1/csv-parse-6.2.1.tgz 14822ms (cache miss)
#12 496.8 npm http fetch GET 200 https://cdn.npmmirror.com/packages/stream-transform/3.4.1/stream-transform-3.4.1.tgz 14825ms (cache miss)
#12 496.8 npm http fetch GET 200 https://cdn.npmmirror.com/packages/csrf/3.1.0/csrf-3.1.0.tgz 14848ms (cache miss)
#12 496.8 npm http fetch GET 200 https://cdn.npmmirror.com/packages/es-abstract/1.24.2/es-abstract-1.24.2.tgz 14863ms (cache miss)
#12 496.8 npm http fetch GET 200 https://cdn.npmmirror.com/packages/rndm/1.2.0/rndm-1.2.0.tgz 14885ms (cache miss)
#12 496.9 npm http fetch GET 200 https://cdn.npmmirror.com/packages/which/2.0.2/which-2.0.2.tgz 14941ms (cache miss)
#12 496.9 npm http fetch GET 200 https://cdn.npmmirror.com/packages/path-key/3.1.1/path-key-3.1.1.tgz 14950ms (cache miss)
#12 496.9 npm http fetch GET 200 https://cdn.npmmirror.com/packages/shebang-command/2.0.0/shebang-command-2.0.0.tgz 14956ms (cache miss)
#12 496.9 npm http fetch GET 200 https://cdn.npmmirror.com/packages/csv-generate/4.5.1/csv-generate-4.5.1.tgz 14961ms (cache miss)
#12 496.9 npm http fetch GET 200 https://cdn.npmmirror.com/packages/is-nan/1.3.2/is-nan-1.3.2.tgz 14965ms (cache miss)
#12 497.0 npm http fetch GET 200 https://cdn.npmmirror.com/packages/object-assign/4.1.1/object-assign-4.1.1.tgz 14995ms (cache miss)
#12 497.0 npm http fetch GET 200 https://cdn.npmmirror.com/packages/dayjs/1.11.21/dayjs-1.11.21.tgz 15038ms (cache miss)
#12 497.0 npm http fetch GET 200 https://cdn.npmmirror.com/packages/vary/1.1.2/vary-1.1.2.tgz 15053ms (cache miss)
#12 497.0 npm http fetch GET 200 https://cdn.npmmirror.com/packages/moment-timezone/0.5.48/moment-timezone-0.5.48.tgz 15059ms (cache miss)
#12 497.0 npm http fetch GET 200 https://cdn.npmmirror.com/packages/performance-now/2.1.0/performance-now-2.1.0.tgz 15069ms (cache miss)
#12 497.1 npm http fetch GET 200 https://cdn.npmmirror.com/packages/mime-db/1.54.0/mime-db-1.54.0.tgz 15088ms (cache miss)
#12 497.1 npm http fetch GET 200 https://cdn.npmmirror.com/packages/mhook/1.0.1/mhook-1.0.1.tgz 15107ms (cache miss)
#12 497.1 npm http fetch GET 200 https://cdn.npmmirror.com/packages/typical/2.6.1/typical-2.6.1.tgz 15157ms (cache miss)
#12 497.1 npm http fetch GET 200 https://cdn.npmmirror.com/packages/find-replace/1.0.3/find-replace-1.0.3.tgz 15161ms (cache miss)
#12 497.2 npm http fetch GET 200 https://cdn.npmmirror.com/packages/domelementtype/2.3.0/domelementtype-2.3.0.tgz 15209ms (cache miss)
#12 497.2 npm http fetch GET 200 https://cdn.npmmirror.com/packages/array-back/1.0.4/array-back-1.0.4.tgz 15210ms (cache miss)
#12 497.2 npm http fetch GET 200 https://cdn.npmmirror.com/packages/htmlparser2/10.1.0/htmlparser2-10.1.0.tgz 15262ms (cache miss)
#12 497.3 npm http fetch GET 200 https://cdn.npmmirror.com/packages/dom-serializer/2.0.0/dom-serializer-2.0.0.tgz 15374ms (cache miss)
#12 497.4 npm http fetch GET 200 https://cdn.npmmirror.com/packages/object-hash/2.2.0/object-hash-2.2.0.tgz 15429ms (cache miss)
#12 497.4 npm http fetch GET 200 https://cdn.npmmirror.com/packages/util.promisify/1.1.3/util.promisify-1.1.3.tgz 15428ms (cache miss)
#12 497.4 npm http fetch GET 200 https://cdn.npmmirror.com/packages/safe-json-stringify/1.2.0/safe-json-stringify-1.2.0.tgz 15432ms (cache miss)
#12 497.4 npm http fetch GET 200 https://cdn.npmmirror.com/packages/domutils/3.2.2/domutils-3.2.2.tgz 15458ms (cache miss)
#12 497.5 npm http fetch GET 200 https://cdn.npmmirror.com/packages/feature-detect-es6/1.4.1/feature-detect-es6-1.4.1.tgz 15499ms (cache miss)
#12 497.5 npm http fetch GET 200 https://cdn.npmmirror.com/packages/mv/2.1.1/mv-2.1.1.tgz 15496ms (cache miss)
#12 497.5 npm http fetch GET 200 https://cdn.npmmirror.com/packages/dtrace-provider/0.8.8/dtrace-provider-0.8.8.tgz 15501ms (cache miss)
#12 497.5 npm http fetch GET 200 https://cdn.npmmirror.com/packages/domhandler/5.0.3/domhandler-5.0.3.tgz 15523ms (cache miss)
#12 497.5 npm http fetch GET 200 https://cdn.npmmirror.com/packages/p-timeout/3.2.0/p-timeout-3.2.0.tgz 15576ms (cache miss)
#12 497.6 npm http fetch GET 200 https://cdn.npmmirror.com/packages/promise.prototype.finally/3.1.8/promise.prototype.finally-3.1.8.tgz 15583ms (cache miss)
#12 497.6 npm http fetch GET 200 https://cdn.npmmirror.com/packages/get-port/5.1.1/get-port-5.1.1.tgz 15612ms (cache miss)
#12 497.6 npm http fetch GET 200 https://cdn.npmmirror.com/packages/cron-parser/2.18.0/cron-parser-2.18.0.tgz 15637ms (cache miss)
#12 497.7 npm http fetch GET 200 https://cdn.npmmirror.com/packages/debuglog/1.0.1/debuglog-1.0.1.tgz 15684ms (cache miss)
#12 497.7 npm warn deprecated debuglog@1.0.1: Package no longer supported. Contact Support at https://www.npmjs.com/support for more info.
#12 497.7 npm http fetch GET 200 https://cdn.npmmirror.com/packages/base64-js/1.5.1/base64-js-1.5.1.tgz 15720ms (cache miss)
#12 497.7 npm http fetch GET 200 https://cdn.npmmirror.com/packages/raw-body/2.5.3/raw-body-2.5.3.tgz 15741ms (cache miss)
#12 497.8 npm http fetch GET 200 https://cdn.npmmirror.com/packages/content-type/1.0.5/content-type-1.0.5.tgz 15782ms (cache miss)
#12 497.8 npm http fetch GET 200 https://cdn.npmmirror.com/packages/bytes/3.1.2/bytes-3.1.2.tgz 15820ms (cache miss)
#12 497.8 npm http fetch GET 200 https://cdn.npmmirror.com/packages/unpipe/1.0.0/unpipe-1.0.0.tgz 15827ms (cache miss)
#12 497.8 npm http fetch GET 200 https://cdn.npmmirror.com/packages/detect-libc/2.1.2/detect-libc-2.1.2.tgz 15845ms (cache miss)
#12 497.8 npm http fetch GET 200 https://cdn.npmmirror.com/packages/tar/6.2.1/tar-6.2.1.tgz 15857ms (cache miss)
#12 497.9 npm http fetch GET 200 https://cdn.npmmirror.com/packages/iconv-lite/0.4.24/iconv-lite-0.4.24.tgz 15879ms (cache miss)
#12 497.9 npm http fetch GET 200 https://cdn.npmmirror.com/packages/npmlog/5.0.1/npmlog-5.0.1.tgz 15931ms (cache miss)
#12 497.9 npm warn deprecated npmlog@5.0.1: This package is no longer supported.
#12 497.9 npm http fetch GET 200 https://cdn.npmmirror.com/packages/nopt/5.0.0/nopt-5.0.0.tgz 15947ms (cache miss)
#12 498.0 npm http fetch GET 200 https://cdn.npmmirror.com/packages/node-addon-api/5.1.0/node-addon-api-5.1.0.tgz 15983ms (cache miss)
#12 498.0 npm http fetch GET 200 https://cdn.npmmirror.com/packages/%40mapbox/node-pre-gyp/1.0.11/node-pre-gyp-1.0.11.tgz 15994ms (cache miss)
#12 498.0 npm http fetch GET 200 https://cdn.npmmirror.com/packages/querystring/0.2.0/querystring-0.2.0.tgz 15995ms (cache miss)
#12 498.0 npm warn deprecated querystring@0.2.0: The querystring API is considered Legacy. new code should use the URLSearchParams API instead.
#12 498.0 npm http fetch GET 200 https://cdn.npmmirror.com/packages/sax/1.2.1/sax-1.2.1.tgz 15998ms (cache miss)
#12 498.1 npm http fetch GET 200 https://cdn.npmmirror.com/packages/ieee754/1.1.13/ieee754-1.1.13.tgz 16108ms (cache miss)
#12 498.1 npm http fetch GET 200 https://cdn.npmmirror.com/packages/jmespath/0.16.0/jmespath-0.16.0.tgz 16119ms (cache miss)
#12 498.1 npm http fetch GET 200 https://cdn.npmmirror.com/packages/buffer/4.9.2/buffer-4.9.2.tgz 16144ms (cache miss)
#12 498.2 npm http fetch GET 200 https://cdn.npmmirror.com/packages/lodash.union/4.6.0/lodash.union-4.6.0.tgz 16180ms (cache miss)
#12 498.2 npm http fetch GET 200 https://cdn.npmmirror.com/packages/retry/0.13.1/retry-0.13.1.tgz 16183ms (cache miss)
#12 498.2 npm http fetch GET 200 https://cdn.npmmirror.com/packages/lodash.difference/4.5.0/lodash.difference-4.5.0.tgz 16232ms (cache miss)
#12 498.3 npm http fetch GET 200 https://cdn.npmmirror.com/packages/lodash.flatten/4.4.0/lodash.flatten-4.4.0.tgz 16275ms (cache miss)
#12 498.3 npm http fetch GET 200 https://cdn.npmmirror.com/packages/lodash.defaults/4.2.0/lodash.defaults-4.2.0.tgz 16364ms (cache miss)
#12 498.4 npm http fetch GET 200 https://cdn.npmmirror.com/packages/graceful-fs/4.2.11/graceful-fs-4.2.11.tgz 16373ms (cache miss)
#12 498.4 npm http fetch GET 200 https://cdn.npmmirror.com/packages/readdir-glob/1.1.3/readdir-glob-1.1.3.tgz 16403ms (cache miss)
#12 498.4 npm http fetch GET 200 https://cdn.npmmirror.com/packages/zip-stream/4.1.1/zip-stream-4.1.1.tgz 16404ms (cache miss)
#12 498.4 npm http fetch GET 200 https://cdn.npmmirror.com/packages/readable-stream/3.6.2/readable-stream-3.6.2.tgz 16426ms (cache miss)
#12 498.4 npm http fetch GET 200 https://cdn.npmmirror.com/packages/buffer-crc32/0.2.13/buffer-crc32-0.2.13.tgz 16457ms (cache miss)
#12 498.4 npm http fetch GET 200 https://cdn.npmmirror.com/packages/archiver-utils/2.1.0/archiver-utils-2.1.0.tgz 16466ms (cache miss)
#12 498.4 npm http fetch GET 200 https://cdn.npmmirror.com/packages/tar-stream/2.2.0/tar-stream-2.2.0.tgz 16467ms (cache miss)
#12 498.5 npm http fetch GET 200 https://cdn.npmmirror.com/packages/tunnel-agent/0.6.0/tunnel-agent-0.6.0.tgz 16476ms (cache miss)
#12 498.5 npm http fetch GET 200 https://cdn.npmmirror.com/packages/object-keys/1.1.1/object-keys-1.1.1.tgz 16562ms (cache miss)
#12 498.6 npm http fetch GET 200 https://cdn.npmmirror.com/packages/lodash.isplainobject/4.0.6/lodash.isplainobject-4.0.6.tgz 16573ms (cache miss)
#12 498.6 npm http fetch GET 200 https://cdn.npmmirror.com/packages/isarray/2.0.5/isarray-2.0.5.tgz 16581ms (cache miss)
#12 498.6 npm http fetch GET 200 https://cdn.npmmirror.com/packages/lazystream/1.0.1/lazystream-1.0.1.tgz 16591ms (cache miss)
#12 498.6 npm http fetch GET 200 https://cdn.npmmirror.com/packages/require-from-string/2.0.2/require-from-string-2.0.2.tgz 16647ms (cache miss)
#12 498.7 npm http fetch GET 200 https://cdn.npmmirror.com/packages/json-schema-traverse/1.0.0/json-schema-traverse-1.0.0.tgz 16736ms (cache miss)
#12 498.8 npm http fetch GET 200 https://cdn.npmmirror.com/packages/fast-deep-equal/3.1.3/fast-deep-equal-3.1.3.tgz 16800ms (cache miss)
#12 498.8 npm http fetch GET 200 https://cdn.npmmirror.com/packages/negotiator/0.6.3/negotiator-0.6.3.tgz 16800ms (cache miss)
#12 498.8 npm http fetch GET 200 https://cdn.npmmirror.com/packages/%40types/koa-compose/3.2.9/koa-compose-3.2.9.tgz 16800ms (cache miss)
#12 498.8 npm http fetch GET 200 https://cdn.npmmirror.com/packages/pg-types/2.2.0/pg-types-2.2.0.tgz 16801ms (cache miss)
#12 498.8 npm http fetch GET 200 https://cdn.npmmirror.com/packages/event-target-shim/5.0.1/event-target-shim-5.0.1.tgz 16805ms (cache miss)
#12 498.8 npm http fetch GET 200 https://cdn.npmmirror.com/packages/%40types/keygrip/1.0.6/keygrip-1.0.6.tgz 16824ms (cache miss)
#12 498.9 npm http fetch GET 200 https://cdn.npmmirror.com/packages/%40types/http-errors/2.0.5/http-errors-2.0.5.tgz 16888ms (cache miss)
#12 498.9 npm http fetch GET 200 https://cdn.npmmirror.com/packages/%40types/http-assert/1.5.6/http-assert-1.5.6.tgz 16932ms (cache miss)
#12 498.9 npm http fetch GET 200 https://cdn.npmmirror.com/packages/pg-protocol/1.14.0/pg-protocol-1.14.0.tgz 16941ms (cache miss)
#12 499.0 npm http fetch GET 200 https://cdn.npmmirror.com/packages/%40types/content-disposition/0.5.9/content-disposition-0.5.9.tgz 16970ms (cache miss)
#12 499.0 npm http fetch GET 200 https://cdn.npmmirror.com/packages/%40types/cookies/0.9.2/cookies-0.9.2.tgz 16982ms (cache miss)
#12 499.0 npm http fetch GET 200 https://cdn.npmmirror.com/packages/fast-uri/3.1.2/fast-uri-3.1.2.tgz 16999ms (cache miss)
#12 499.1 npm http fetch GET 200 https://cdn.npmmirror.com/packages/%40types/mime-db/1.43.6/mime-db-1.43.6.tgz 17093ms (cache miss)
#12 499.1 npm http fetch GET 200 https://cdn.npmmirror.com/packages/%40types/accepts/1.3.7/accepts-1.3.7.tgz 17110ms (cache miss)
#12 499.1 npm http fetch GET 200 https://cdn.npmmirror.com/packages/%40hapi/topo/5.1.0/topo-5.1.0.tgz 17121ms (cache miss)
#12 499.1 npm http fetch GET 200 https://cdn.npmmirror.com/packages/%40hapi/validate/1.1.3/validate-1.1.3.tgz 17127ms (cache miss)
#12 499.2 npm http fetch GET 200 https://cdn.npmmirror.com/packages/%40hapi/teamwork/5.1.1/teamwork-5.1.1.tgz 17214ms (cache miss)
#12 499.2 npm http fetch GET 200 https://cdn.npmmirror.com/packages/%40hapi/cryptiles/5.1.0/cryptiles-5.1.0.tgz 17214ms (cache miss)
#12 499.2 npm http fetch GET 200 https://cdn.npmmirror.com/packages/%40hapi/hoek/9.3.0/hoek-9.3.0.tgz 17223ms (cache miss)
#12 499.2 npm http fetch GET 200 https://cdn.npmmirror.com/packages/%40hapi/bourne/2.1.0/bourne-2.1.0.tgz 17244ms (cache miss)
#12 499.2 npm http fetch GET 200 https://cdn.npmmirror.com/packages/%40types/hapi__shot/4.1.6/hapi__shot-4.1.6.tgz 17245ms (cache miss)
#12 499.2 npm http fetch GET 200 https://cdn.npmmirror.com/packages/%40hapi/b64/5.0.0/b64-5.0.0.tgz 17246ms (cache miss)
#12 499.3 npm http fetch GET 200 https://cdn.npmmirror.com/packages/%40hapi/podium/4.1.3/podium-4.1.3.tgz 17290ms (cache miss)
#12 499.3 npm http fetch GET 200 https://cdn.npmmirror.com/packages/%40types/hapi__mimos/4.1.4/hapi__mimos-4.1.4.tgz 17291ms (cache miss)
#12 499.4 npm http fetch GET 200 https://cdn.npmmirror.com/packages/%40types/send/1.2.1/send-1.2.1.tgz 17376ms (cache miss)
#12 499.4 npm http fetch GET 200 https://cdn.npmmirror.com/packages/%40hapi/iron/6.0.0/iron-6.0.0.tgz 17402ms (cache miss)
#12 499.4 npm http fetch GET 200 https://cdn.npmmirror.com/packages/%40hapi/boom/9.1.4/boom-9.1.4.tgz 17443ms (cache miss)
#12 499.5 npm http fetch GET 200 https://cdn.npmmirror.com/packages/%40types/hapi__catbox/10.2.6/hapi__catbox-10.2.6.tgz 17513ms (cache miss)
#12 499.5 npm http fetch GET 200 https://cdn.npmmirror.com/packages/%40types/range-parser/1.2.7/range-parser-1.2.7.tgz 17513ms (cache miss)
#12 499.5 npm http fetch GET 200 https://cdn.npmmirror.com/packages/%40types/serve-static/1.15.10/serve-static-1.15.10.tgz 17512ms (cache miss)
#12 499.5 npm http fetch GET 200 https://cdn.npmmirror.com/packages/%40types/body-parser/1.19.6/body-parser-1.19.6.tgz 17554ms (cache miss)
#12 499.5 npm http fetch GET 200 https://cdn.npmmirror.com/packages/%40types/express-serve-static-core/4.19.8/express-serve-static-core-4.19.8.tgz 17554ms (cache miss)
#12 499.6 npm http fetch GET 200 https://cdn.npmmirror.com/packages/micromatch/4.0.8/micromatch-4.0.8.tgz 17623ms (cache miss)
#12 499.6 npm http fetch GET 200 https://cdn.npmmirror.com/packages/util/0.12.5/util-0.12.5.tgz 17630ms (cache miss)
#12 499.7 npm http fetch GET 200 https://cdn.npmmirror.com/packages/%40types/ms/2.1.0/ms-2.1.0.tgz 17680ms (cache miss)
#12 499.7 npm http fetch GET 200 https://cdn.npmmirror.com/packages/cjs-module-lexer/1.4.3/cjs-module-lexer-1.4.3.tgz 17679ms (cache miss)
#12 499.8 npm http fetch GET 200 https://cdn.npmmirror.com/packages/url-parse/1.5.10/url-parse-1.5.10.tgz 17794ms (cache miss)
#12 499.8 npm http fetch GET 200 https://cdn.npmmirror.com/packages/qs/6.15.2/qs-6.15.2.tgz 17827ms (cache miss)
#12 499.8 npm http fetch GET 200 https://cdn.npmmirror.com/packages/fast-json-stable-stringify/2.1.0/fast-json-stable-stringify-2.1.0.tgz 17832ms (cache miss)
#12 499.9 npm http fetch GET 200 https://cdn.npmmirror.com/packages/%40types/node/25.9.1/node-25.9.1.tgz 17870ms (cache miss)
#12 499.9 npm http fetch GET 200 https://cdn.npmmirror.com/packages/%40opentelemetry/propagator-jaeger/1.15.2/propagator-jaeger-1.15.2.tgz 17900ms (cache miss)
#12 499.9 npm http fetch GET 200 https://cdn.npmmirror.com/packages/lodash.get/4.4.2/lodash.get-4.4.2.tgz 17920ms (cache miss)
#12 499.9 npm warn deprecated lodash.get@4.4.2: This package is deprecated. Use the optional chaining (?.) operator instead.
#12 500.1 npm http fetch GET 200 https://cdn.npmmirror.com/packages/%40opentelemetry/context-async-hooks/1.15.2/context-async-hooks-1.15.2.tgz 18061ms (cache miss)
#12 500.1 npm http fetch GET 200 https://cdn.npmmirror.com/packages/cross-spawn/7.0.6/cross-spawn-7.0.6.tgz 18066ms (cache miss)
#12 500.1 npm http fetch GET 200 https://cdn.npmmirror.com/packages/long/5.3.2/long-5.3.2.tgz 18081ms (cache miss)
#12 500.3 npm http fetch GET 200 https://cdn.npmmirror.com/packages/%40grpc/proto-loader/0.8.1/proto-loader-0.8.1.tgz 18261ms (cache miss)
#12 500.3 npm http fetch GET 200 https://cdn.npmmirror.com/packages/%40js-sdsl/ordered-map/4.4.2/ordered-map-4.4.2.tgz 18302ms (cache miss)
#12 500.4 npm http fetch GET 200 https://cdn.npmmirror.com/packages/%40opentelemetry/propagator-b3/1.15.2/propagator-b3-1.15.2.tgz 18419ms (cache miss)
#12 500.4 npm http fetch GET 200 https://cdn.npmmirror.com/packages/lodash.camelcase/4.3.0/lodash.camelcase-4.3.0.tgz 18419ms (cache miss)
#12 500.5 npm http fetch GET 200 https://cdn.npmmirror.com/packages/%40opentelemetry/exporter-trace-otlp-grpc/0.41.2/exporter-trace-otlp-grpc-0.41.2.tgz 18457ms (cache miss)
#12 500.5 npm http fetch GET 200 https://cdn.npmmirror.com/packages/%40types/pg-pool/2.0.4/pg-pool-2.0.4.tgz 18522ms (cache miss)
#12 500.5 npm http fetch GET 200 https://cdn.npmmirror.com/packages/%40types/tedious/4.0.14/tedious-4.0.14.tgz 18523ms (cache miss)
#12 500.5 npm http fetch GET 200 https://cdn.npmmirror.com/packages/%40opentelemetry/exporter-jaeger/1.15.2/exporter-jaeger-1.15.2.tgz 18532ms (cache miss)
#12 500.5 npm warn deprecated @opentelemetry/exporter-jaeger@1.15.2: Package no longer supported. Contact Support at https://www.npmjs.com/support for more info.
#12 500.6 npm http fetch GET 200 https://cdn.npmmirror.com/packages/%40types/pg/8.6.1/pg-8.6.1.tgz 18581ms (cache miss)
#12 500.6 npm http fetch GET 200 https://cdn.npmmirror.com/packages/%40opentelemetry/otlp-grpc-exporter-base/0.41.2/otlp-grpc-exporter-base-0.41.2.tgz 18602ms (cache miss)
#12 500.6 npm http fetch GET 200 https://cdn.npmmirror.com/packages/%40types/mysql/2.15.22/mysql-2.15.22.tgz 18600ms (cache miss)
#12 500.6 npm http fetch GET 200 https://cdn.npmmirror.com/packages/%40opentelemetry/sql-common/0.40.1/sql-common-0.40.1.tgz 18624ms (cache miss)
#12 500.7 npm http fetch GET 200 https://cdn.npmmirror.com/packages/yargs/17.7.2/yargs-17.7.2.tgz 18706ms (cache miss)
#12 500.7 npm http fetch GET 200 https://cdn.npmmirror.com/packages/%40types/memcached/2.2.10/memcached-2.2.10.tgz 18713ms (cache miss)
#12 500.8 npm http fetch GET 200 https://cdn.npmmirror.com/packages/%40noble/hashes/1.8.0/hashes-1.8.0.tgz 18760ms (cache miss)
#12 500.8 npm http fetch GET 200 https://cdn.npmmirror.com/packages/%40opentelemetry/redis-common/0.36.2/redis-common-0.36.2.tgz 18773ms (cache miss)
#12 500.8 npm http fetch GET 200 https://cdn.npmmirror.com/packages/%40types/ioredis/4.28.10/ioredis-4.28.10.tgz 18803ms (cache miss)
#12 500.8 npm http fetch GET 200 https://cdn.npmmirror.com/packages/%40types/koa/2.13.9/koa-2.13.9.tgz 18809ms (cache miss)
#12 500.8 npm http fetch GET 200 https://cdn.npmmirror.com/packages/%40types/koa__router/12.0.3/koa__router-12.0.3.tgz 18811ms (cache miss)
#12 500.8 npm http fetch GET 200 https://cdn.npmmirror.com/packages/%40types/hapi__hapi/20.0.13/hapi__hapi-20.0.13.tgz 18813ms (cache miss)
#12 500.9 npm http fetch GET 200 https://cdn.npmmirror.com/packages/%40types/bunyan/1.8.9/bunyan-1.8.9.tgz 18845ms (cache miss)
#12 500.9 npm http fetch GET 200 https://cdn.npmmirror.com/packages/%40opentelemetry/sdk-trace-node/1.15.2/sdk-trace-node-1.15.2.tgz 18861ms (cache miss)
#12 500.9 npm http fetch GET 200 https://cdn.npmmirror.com/packages/%40types/connect/3.4.36/connect-3.4.36.tgz 18871ms (cache miss)
#12 501.0 npm http fetch GET 200 https://cdn.npmmirror.com/packages/%40opentelemetry/propagation-utils/0.30.16/propagation-utils-0.30.16.tgz 18945ms (cache miss)
#12 501.0 npm http fetch GET 200 https://cdn.npmmirror.com/packages/%40opentelemetry/exporter-trace-otlp-proto/0.41.2/exporter-trace-otlp-proto-0.41.2.tgz 18971ms (cache miss)
#12 501.0 npm http fetch GET 200 https://cdn.npmmirror.com/packages/shimmer/1.2.1/shimmer-1.2.1.tgz 18979ms (cache miss)
#12 501.0 npm http fetch GET 200 https://cdn.npmmirror.com/packages/require-in-the-middle/7.5.2/require-in-the-middle-7.5.2.tgz 19042ms (cache miss)
#12 501.1 npm http fetch GET 200 https://cdn.npmmirror.com/packages/protobufjs/7.6.2/protobufjs-7.6.2.tgz 19062ms (cache miss)
#12 501.1 npm http fetch GET 200 https://cdn.npmmirror.com/packages/%40opentelemetry/propagator-aws-xray/1.26.2/propagator-aws-xray-1.26.2.tgz 19137ms (cache miss)
#12 501.1 npm http fetch GET 200 https://cdn.npmmirror.com/packages/%40babel/runtime/7.29.7/runtime-7.29.7.tgz 19152ms (cache miss)
#12 501.2 npm http fetch GET 200 https://cdn.npmmirror.com/packages/%40types/aws-lambda/8.10.122/aws-lambda-8.10.122.tgz 19170ms (cache miss)
#12 501.2 npm http fetch GET 200 https://cdn.npmmirror.com/packages/%40opentelemetry/resource-detector-container/0.3.11/resource-detector-container-0.3.11.tgz 19202ms (cache miss)
#12 501.3 npm http fetch GET 200 https://cdn.npmmirror.com/packages/import-in-the-middle/1.4.2/import-in-the-middle-1.4.2.tgz 19251ms (cache miss)
#12 501.3 npm http fetch GET 200 https://cdn.npmmirror.com/packages/%40opentelemetry/instrumentation-winston/0.32.2/instrumentation-winston-0.32.2.tgz 19290ms (cache miss)
#12 501.3 npm http fetch GET 200 https://cdn.npmmirror.com/packages/%40opentelemetry/resource-detector-gcp/0.29.13/resource-detector-gcp-0.29.13.tgz 19320ms (cache miss)
#12 501.4 npm http fetch GET 200 https://cdn.npmmirror.com/packages/%40opentelemetry/resource-detector-alibaba-cloud/0.28.10/resource-detector-alibaba-cloud-0.28.10.tgz 19349ms (cache miss)
#12 501.4 npm http fetch GET 200 https://cdn.npmmirror.com/packages/%40opentelemetry/otlp-proto-exporter-base/0.41.2/otlp-proto-exporter-base-0.41.2.tgz 19449ms (cache miss)
#12 501.4 npm http fetch GET 200 https://cdn.npmmirror.com/packages/%40opentelemetry/instrumentation-router/0.33.4/instrumentation-router-0.33.4.tgz 19438ms (cache miss)
#12 501.5 npm warn deprecated @opentelemetry/otlp-proto-exporter-base@0.41.2: Package no longer supported. Contact Support at https://www.npmjs.com/support for more info.
#12 501.5 npm http fetch GET 200 https://cdn.npmmirror.com/packages/%40types/shimmer/1.2.0/shimmer-1.2.0.tgz 19451ms (cache miss)
#12 501.5 npm http fetch GET 200 https://cdn.npmmirror.com/packages/%40opentelemetry/instrumentation-socket.io/0.34.4/instrumentation-socket.io-0.34.4.tgz 19460ms (cache miss)
#12 501.5 npm http fetch GET 200 https://cdn.npmmirror.com/packages/%40opentelemetry/instrumentation-tedious/0.6.5/instrumentation-tedious-0.6.5.tgz 19463ms (cache miss)
#12 501.5 npm http fetch GET 200 https://cdn.npmmirror.com/packages/%40opentelemetry/instrumentation-pino/0.34.5/instrumentation-pino-0.34.5.tgz 19504ms (cache miss)
#12 501.6 npm http fetch GET 200 https://cdn.npmmirror.com/packages/%40opentelemetry/instrumentation-redis/0.35.5/instrumentation-redis-0.35.5.tgz 19552ms (cache miss)
#12 501.6 npm http fetch GET 200 https://cdn.npmmirror.com/packages/%40opentelemetry/instrumentation-restify/0.34.3/instrumentation-restify-0.34.3.tgz 19572ms (cache miss)
#12 501.6 npm http fetch GET 200 https://cdn.npmmirror.com/packages/jaeger-client/3.19.0/jaeger-client-3.19.0.tgz 19628ms (cache miss)
#12 501.7 npm http fetch GET 200 https://cdn.npmmirror.com/packages/%40opentelemetry/api-logs/0.41.2/api-logs-0.41.2.tgz 19668ms (cache miss)
#12 501.7 npm http fetch GET 200 https://cdn.npmmirror.com/packages/%40opentelemetry/exporter-zipkin/1.15.2/exporter-zipkin-1.15.2.tgz 19712ms (cache miss)
#12 501.7 npm http fetch GET 200 https://cdn.npmmirror.com/packages/%40opentelemetry/instrumentation-memcached/0.32.5/instrumentation-memcached-0.32.5.tgz 19701ms (cache miss)
#12 501.7 npm http fetch GET 200 https://cdn.npmmirror.com/packages/%40opentelemetry/instrumentation-net/0.32.5/instrumentation-net-0.32.5.tgz 19738ms (cache miss)
#12 501.8 npm http fetch GET 200 https://cdn.npmmirror.com/packages/%40opentelemetry/instrumentation-mongodb/0.37.3/instrumentation-mongodb-0.37.3.tgz 19741ms (cache miss)
#12 501.8 npm http fetch GET 200 https://cdn.npmmirror.com/packages/%40opentelemetry/instrumentation-nestjs-core/0.33.4/instrumentation-nestjs-core-0.33.4.tgz 19745ms (cache miss)
#12 501.8 npm http fetch GET 200 https://cdn.npmmirror.com/packages/%40opentelemetry/instrumentation-mysql2/0.34.5/instrumentation-mysql2-0.34.5.tgz 19745ms (cache miss)
#12 501.8 npm http fetch GET 200 https://cdn.npmmirror.com/packages/%40opentelemetry/instrumentation-pg/0.36.2/instrumentation-pg-0.36.2.tgz 19755ms (cache miss)
#12 501.8 npm http fetch GET 200 https://cdn.npmmirror.com/packages/%40opentelemetry/instrumentation-lru-memoizer/0.33.5/instrumentation-lru-memoizer-0.33.5.tgz 19770ms (cache miss)
#12 501.8 npm http fetch GET 200 https://cdn.npmmirror.com/packages/%40opentelemetry/instrumentation-knex/0.32.4/instrumentation-knex-0.32.4.tgz 19823ms (cache miss)
#12 501.9 npm http fetch GET 200 https://cdn.npmmirror.com/packages/%40opentelemetry/resource-detector-aws/1.12.0/resource-detector-aws-1.12.0.tgz 19880ms (cache miss)
#12 501.9 npm http fetch GET 200 https://cdn.npmmirror.com/packages/%40opentelemetry/instrumentation-ioredis/0.35.3/instrumentation-ioredis-0.35.3.tgz 19877ms (cache miss)
#12 501.9 npm http fetch GET 200 https://cdn.npmmirror.com/packages/%40opentelemetry/instrumentation-http/0.44.0/instrumentation-http-0.44.0.tgz 19900ms (cache miss)
#12 501.9 npm http fetch GET 200 https://cdn.npmmirror.com/packages/%40opentelemetry/instrumentation-mongoose/0.33.4/instrumentation-mongoose-0.33.4.tgz 19915ms (cache miss)
#12 501.9 npm http fetch GET 200 https://cdn.npmmirror.com/packages/%40opentelemetry/sdk-logs/0.41.2/sdk-logs-0.41.2.tgz 19940ms (cache miss)
#12 502.0 npm http fetch GET 200 https://cdn.npmmirror.com/packages/%40opentelemetry/instrumentation-koa/0.36.4/instrumentation-koa-0.36.4.tgz 19965ms (cache miss)
#12 502.0 npm http fetch GET 200 https://cdn.npmmirror.com/packages/%40opentelemetry/instrumentation-hapi/0.33.3/instrumentation-hapi-0.33.3.tgz 20002ms (cache miss)
#12 502.0 npm http fetch GET 200 https://cdn.npmmirror.com/packages/%40opentelemetry/otlp-transformer/0.41.2/otlp-transformer-0.41.2.tgz 20029ms (cache miss)
#12 502.0 npm http fetch GET 200 https://cdn.npmmirror.com/packages/%40opentelemetry/instrumentation-generic-pool/0.32.5/instrumentation-generic-pool-0.32.5.tgz 20024ms (cache miss)
#12 502.1 npm http fetch GET 200 https://cdn.npmmirror.com/packages/%40opentelemetry/instrumentation-fs/0.8.4/instrumentation-fs-0.8.4.tgz 20068ms (cache miss)
#12 502.1 npm http fetch GET 200 https://cdn.npmmirror.com/packages/%40opentelemetry/instrumentation-dns/0.32.5/instrumentation-dns-0.32.5.tgz 20087ms (cache miss)
#12 502.1 npm http fetch GET 200 https://cdn.npmmirror.com/packages/%40opentelemetry/instrumentation-fastify/0.32.6/instrumentation-fastify-0.32.6.tgz 20088ms (cache miss)
#12 502.1 npm http fetch GET 200 https://cdn.npmmirror.com/packages/%40opentelemetry/instrumentation-dataloader/0.5.4/instrumentation-dataloader-0.5.4.tgz 20092ms (cache miss)
#12 502.1 npm http fetch GET 200 https://cdn.npmmirror.com/packages/%40opentelemetry/otlp-exporter-base/0.41.2/otlp-exporter-base-0.41.2.tgz 20115ms (cache miss)
#12 502.2 npm http fetch GET 200 https://cdn.npmmirror.com/packages/%40opentelemetry/instrumentation-grpc/0.44.0/instrumentation-grpc-0.44.0.tgz 20147ms (cache miss)
#12 502.2 npm http fetch GET 200 https://cdn.npmmirror.com/packages/%40opentelemetry/instrumentation-express/0.33.3/instrumentation-express-0.33.3.tgz 20153ms (cache miss)
#12 502.2 npm http fetch GET 200 https://cdn.npmmirror.com/packages/%40opentelemetry/instrumentation-cucumber/0.1.2/instrumentation-cucumber-0.1.2.tgz 20224ms (cache miss)
#12 502.3 npm http fetch GET 200 https://cdn.npmmirror.com/packages/%40opentelemetry/instrumentation-connect/0.32.4/instrumentation-connect-0.32.4.tgz 20230ms (cache miss)
#12 502.3 npm http fetch GET 200 https://cdn.npmmirror.com/packages/%40opentelemetry/instrumentation-cassandra-driver/0.33.2/instrumentation-cassandra-driver-0.33.2.tgz 20247ms (cache miss)
#12 502.3 npm http fetch GET 200 https://cdn.npmmirror.com/packages/%40opentelemetry/instrumentation-graphql/0.35.2/instrumentation-graphql-0.35.2.tgz 20269ms (cache miss)
#12 502.3 npm http fetch GET 200 https://cdn.npmmirror.com/packages/%40opentelemetry/instrumentation-bunyan/0.32.2/instrumentation-bunyan-0.32.2.tgz 20273ms (cache miss)
#12 502.4 npm http fetch GET 200 https://cdn.npmmirror.com/packages/xpath/0.0.34/xpath-0.0.34.tgz 20344ms (cache miss)
#12 502.4 npm http fetch GET 200 https://cdn.npmmirror.com/packages/%40opentelemetry/instrumentation-redis-4/0.35.6/instrumentation-redis-4-0.35.6.tgz 20388ms (cache miss)
#12 502.4 npm http fetch GET 200 https://cdn.npmmirror.com/packages/%40opentelemetry/instrumentation-aws-lambda/0.37.4/instrumentation-aws-lambda-0.37.4.tgz 20373ms (cache miss)
#12 502.5 npm http fetch GET 200 https://cdn.npmmirror.com/packages/xml-encryption/3.1.0/xml-encryption-3.1.0.tgz 20432ms (cache miss)
#12 502.5 npm http fetch GET 200 https://cdn.npmmirror.com/packages/xmlbuilder/15.1.1/xmlbuilder-15.1.1.tgz 20498ms (cache miss)
#12 502.6 npm http fetch GET 200 https://cdn.npmmirror.com/packages/%40types/xml-encryption/1.2.4/xml-encryption-1.2.4.tgz 20541ms (cache miss)
#12 502.6 npm http fetch GET 200 https://cdn.npmmirror.com/packages/%40types/xml2js/0.4.14/xml2js-0.4.14.tgz 20543ms (cache miss)
#12 502.6 npm http fetch GET 200 https://cdn.npmmirror.com/packages/%40xmldom/is-dom-node/1.0.1/is-dom-node-1.0.1.tgz 20544ms (cache miss)
#12 502.6 npm http fetch GET 200 https://cdn.npmmirror.com/packages/%40opentelemetry/instrumentation-mysql/0.34.5/instrumentation-mysql-0.34.5.tgz 20595ms (cache miss)
#12 502.6 npm http fetch GET 200 https://cdn.npmmirror.com/packages/%40types/qs/6.15.1/qs-6.15.1.tgz 20619ms (cache miss)
#12 502.6 npm http fetch GET 200 https://cdn.npmmirror.com/packages/%40types/debug/4.1.13/debug-4.1.13.tgz 20619ms (cache miss)
#12 502.7 npm http fetch GET 200 https://cdn.npmmirror.com/packages/%40opentelemetry/sdk-trace-base/1.15.2/sdk-trace-base-1.15.2.tgz 20650ms (cache miss)
#12 502.7 npm http fetch GET 200 https://cdn.npmmirror.com/packages/%40opentelemetry/instrumentation-amqplib/0.33.5/instrumentation-amqplib-0.33.5.tgz 20635ms (cache miss)
#12 502.7 npm http fetch GET 200 https://cdn.npmmirror.com/packages/passport-strategy/1.0.0/passport-strategy-1.0.0.tgz 20654ms (cache miss)
#12 502.7 npm http fetch GET 200 https://cdn.npmmirror.com/packages/%40opentelemetry/instrumentation-aws-sdk/0.36.2/instrumentation-aws-sdk-0.36.2.tgz 20660ms (cache miss)
#12 502.7 npm http fetch GET 200 https://cdn.npmmirror.com/packages/%40types/passport-strategy/0.2.38/passport-strategy-0.2.38.tgz 20669ms (cache miss)
#12 502.7 npm http fetch GET 200 https://cdn.npmmirror.com/packages/%40types/passport/1.0.17/passport-1.0.17.tgz 20680ms (cache miss)
#12 502.8 npm http fetch GET 200 https://cdn.npmmirror.com/packages/mime-types/2.1.35/mime-types-2.1.35.tgz 20773ms (cache miss)
#12 502.8 npm http fetch GET 200 https://cdn.npmmirror.com/packages/%40node-saml/node-saml/5.1.0/node-saml-5.1.0.tgz 20782ms (cache miss)
#12 502.9 npm http fetch GET 200 https://cdn.npmmirror.com/packages/%40opentelemetry/instrumentation/0.44.0/instrumentation-0.44.0.tgz 20896ms (cache miss)
#12 502.9 npm http fetch GET 200 https://cdn.npmmirror.com/packages/compressible/2.0.18/compressible-2.0.18.tgz 20900ms (cache miss)
#12 503.0 npm http fetch GET 200 https://cdn.npmmirror.com/packages/gaxios/5.1.3/gaxios-5.1.3.tgz 20981ms (cache miss)
#12 503.1 npm http fetch GET 200 https://cdn.npmmirror.com/packages/retry-request/5.0.2/retry-request-5.0.2.tgz 21017ms (cache miss)
#12 503.1 npm http fetch GET 200 https://cdn.npmmirror.com/packages/%40google-cloud/projectify/3.0.0/projectify-3.0.0.tgz 21068ms (cache miss)
#12 503.1 npm http fetch GET 200 https://cdn.npmmirror.com/packages/mime/3.0.0/mime-3.0.0.tgz 21102ms (cache miss)
#12 503.1 npm http fetch GET 200 https://cdn.npmmirror.com/packages/is/3.3.2/is-3.3.2.tgz 21112ms (cache miss)
#12 503.1 npm http fetch GET 200 https://cdn.npmmirror.com/packages/stream-events/1.0.5/stream-events-1.0.5.tgz 21113ms (cache miss)
#12 503.2 npm http fetch GET 200 https://cdn.npmmirror.com/packages/extend/3.0.2/extend-3.0.2.tgz 21125ms (cache miss)
#12 503.2 npm http fetch GET 200 https://cdn.npmmirror.com/packages/fast-xml-parser/4.5.6/fast-xml-parser-4.5.6.tgz 21186ms (cache miss)
#12 503.3 npm http fetch GET 200 https://cdn.npmmirror.com/packages/duplexify/4.1.3/duplexify-4.1.3.tgz 21233ms (cache miss)
#12 503.3 npm http fetch GET 200 https://cdn.npmmirror.com/packages/async-retry/1.3.3/async-retry-1.3.3.tgz 21257ms (cache miss)
#12 503.3 npm http fetch GET 200 https://cdn.npmmirror.com/packages/teeny-request/8.0.3/teeny-request-8.0.3.tgz 21281ms (cache miss)
#12 503.4 npm http fetch GET 200 https://cdn.npmmirror.com/packages/big.js/6.2.2/big.js-6.2.2.tgz 21344ms (cache miss)
#12 503.4 npm http fetch GET 200 https://cdn.npmmirror.com/packages/type-is/2.0.1/type-is-2.0.1.tgz 21353ms (cache miss)
#12 503.4 npm http fetch GET 200 https://cdn.npmmirror.com/packages/arrify/2.0.1/arrify-2.0.1.tgz 21357ms (cache miss)
#12 503.4 npm http fetch GET 200 https://cdn.npmmirror.com/packages/%40google-cloud/precise-date/3.0.1/precise-date-3.0.1.tgz 21359ms (cache miss)
#12 503.4 npm http fetch GET 200 https://cdn.npmmirror.com/packages/google-auth-library/8.9.0/google-auth-library-8.9.0.tgz 21401ms (cache miss)
#12 503.5 npm http fetch GET 200 https://cdn.npmmirror.com/packages/ent/2.2.2/ent-2.2.2.tgz 21449ms (cache miss)
#12 503.5 npm http fetch GET 200 https://cdn.npmmirror.com/packages/%40google-cloud/paginator/4.0.1/paginator-4.0.1.tgz 21449ms (cache miss)
#12 503.5 npm http fetch GET 200 https://cdn.npmmirror.com/packages/%40google-cloud/common/4.0.3/common-4.0.3.tgz 21484ms (cache miss)
#12 503.5 npm http fetch GET 200 https://cdn.npmmirror.com/packages/%40google-cloud/promisify/3.0.1/promisify-3.0.1.tgz 21489ms (cache miss)
#12 503.6 npm http fetch GET 200 https://cdn.npmmirror.com/packages/%40babel/helper-string-parser/7.29.7/helper-string-parser-7.29.7.tgz 21519ms (cache miss)
#12 503.6 npm http fetch GET 200 https://cdn.npmmirror.com/packages/json5/2.2.3/json5-2.2.3.tgz 21529ms (cache miss)
#12 503.6 npm http fetch GET 200 https://cdn.npmmirror.com/packages/slash/2.0.0/slash-2.0.0.tgz 21554ms (cache miss)
#12 503.6 npm http fetch GET 200 https://cdn.npmmirror.com/packages/%40opentelemetry/core/1.15.2/core-1.15.2.tgz 21635ms (cache miss)
#12 503.6 npm http fetch GET 200 https://cdn.npmmirror.com/packages/proxy-addr/2.0.7/proxy-addr-2.0.7.tgz 21606ms (cache miss)
#12 503.6 npm http fetch GET 200 https://cdn.npmmirror.com/packages/base64id/0.1.0/base64id-0.1.0.tgz 21607ms (cache miss)
#12 503.7 npm http fetch GET 200 https://cdn.npmmirror.com/packages/%40opentelemetry/sdk-metrics/1.30.1/sdk-metrics-1.30.1.tgz 21690ms (cache miss)
#12 503.9 npm http fetch GET 200 https://cdn.npmmirror.com/packages/throng/4.0.0/throng-4.0.0.tgz 21908ms (cache miss)
#12 504.0 npm http fetch GET 200 https://cdn.npmmirror.com/packages/%40node-oauth/formats/1.0.0/formats-1.0.0.tgz 21919ms (cache miss)
#12 504.0 npm http fetch GET 200 https://cdn.npmmirror.com/packages/%40grpc/grpc-js/1.14.4/grpc-js-1.14.4.tgz 21993ms (cache miss)
#12 504.1 npm http fetch GET 200 https://cdn.npmmirror.com/packages/temp/0.8.4/temp-0.8.4.tgz 22047ms (cache miss)
#12 504.1 npm http fetch GET 200 https://cdn.npmmirror.com/packages/generic-pool/2.5.4/generic-pool-2.5.4.tgz 22083ms (cache miss)
#12 504.2 npm http fetch GET 200 https://cdn.npmmirror.com/packages/fs-extra/9.1.0/fs-extra-9.1.0.tgz 22115ms (cache miss)
#12 504.2 npm http fetch GET 200 https://cdn.npmmirror.com/packages/command-line-args/3.0.5/command-line-args-3.0.5.tgz 22145ms (cache miss)
#12 504.2 npm http fetch GET 200 https://cdn.npmmirror.com/packages/cluster-key-slot/1.1.2/cluster-key-slot-1.1.2.tgz 22202ms (cache miss)
#12 504.3 npm http fetch GET 200 https://cdn.npmmirror.com/packages/lodash.once/4.1.1/lodash.once-4.1.1.tgz 22206ms (cache miss)
#12 504.3 npm http fetch GET 200 https://cdn.npmmirror.com/packages/config/3.3.12/config-3.3.12.tgz 22234ms (cache miss)
#12 504.3 npm http fetch GET 200 https://cdn.npmmirror.com/packages/pg-query-stream/4.15.0/pg-query-stream-4.15.0.tgz 22239ms (cache miss)
#12 504.3 npm http fetch GET 200 https://cdn.npmmirror.com/packages/%40paralleldrive/cuid2/2.3.1/cuid2-2.3.1.tgz 22240ms (cache miss)
#12 504.3 npm http fetch GET 200 https://cdn.npmmirror.com/packages/http-status/1.8.1/http-status-1.8.1.tgz 22244ms (cache miss)
#12 504.3 npm http fetch GET 200 https://cdn.npmmirror.com/packages/pg/8.21.0/pg-8.21.0.tgz 22299ms (cache miss)
#12 504.3 npm http fetch GET 200 https://cdn.npmmirror.com/packages/%40babel/parser/7.29.7/parser-7.29.7.tgz 22309ms (cache miss)
#12 504.4 npm http fetch GET 200 https://cdn.npmmirror.com/packages/tar-fs/3.1.2/tar-fs-3.1.2.tgz 22340ms (cache miss)
#12 504.4 npm http fetch GET 200 https://cdn.npmmirror.com/packages/exegesis-express/4.0.0/exegesis-express-4.0.0.tgz 22345ms (cache miss)
#12 504.4 npm http fetch GET 200 https://cdn.npmmirror.com/packages/tiny-async-pool/1.3.0/tiny-async-pool-1.3.0.tgz 22345ms (cache miss)
#12 504.4 npm http fetch GET 200 https://cdn.npmmirror.com/packages/yn/3.1.1/yn-3.1.1.tgz 22360ms (cache miss)
#12 504.4 npm http fetch GET 200 https://cdn.npmmirror.com/packages/p-map/4.0.0/p-map-4.0.0.tgz 22366ms (cache miss)
#12 504.5 npm http fetch GET 200 https://cdn.npmmirror.com/packages/dockerode/4.0.12/dockerode-4.0.12.tgz 22418ms (cache miss)
#12 504.5 npm http fetch GET 200 https://cdn.npmmirror.com/packages/compression/1.8.1/compression-1.8.1.tgz 22417ms (cache miss)
#12 504.5 npm http fetch GET 200 https://cdn.npmmirror.com/packages/check-types/5.1.0/check-types-5.1.0.tgz 22443ms (cache miss)
#12 504.5 npm http fetch GET 200 https://cdn.npmmirror.com/packages/path-browserify/1.0.1/path-browserify-1.0.1.tgz 22453ms (cache miss)
#12 504.5 npm http fetch GET 200 https://cdn.npmmirror.com/packages/bluebird/3.7.2/bluebird-3.7.2.tgz 22482ms (cache miss)
#12 504.5 npm http fetch GET 200 https://cdn.npmmirror.com/packages/ioredis/4.27.11/ioredis-4.27.11.tgz 22491ms (cache miss)
#12 504.6 npm http fetch GET 200 https://cdn.npmmirror.com/packages/%40babel/types/7.29.7/types-7.29.7.tgz 22604ms (cache miss)
#12 504.7 npm http fetch GET 200 https://cdn.npmmirror.com/packages/prom-client/14.2.0/prom-client-14.2.0.tgz 22607ms (cache miss)
#12 504.9 npm http fetch GET 200 https://cdn.npmmirror.com/packages/%40opentelemetry/sdk-node/0.41.2/sdk-node-0.41.2.tgz 22821ms (cache miss)
#12 504.9 npm http fetch GET 200 https://cdn.npmmirror.com/packages/yauzl/2.10.0/yauzl-2.10.0.tgz 22834ms (cache miss)
#12 504.9 npm http fetch GET 200 https://cdn.npmmirror.com/packages/valid-url/1.0.9/valid-url-1.0.9.tgz 22864ms (cache miss)
#12 505.0 npm http fetch GET 200 https://cdn.npmmirror.com/packages/valid-data-url/2.0.0/valid-data-url-2.0.0.tgz 22903ms (cache miss)
#12 505.0 npm http fetch GET 200 https://cdn.npmmirror.com/packages/%40google-cloud/storage/6.12.0/storage-6.12.0.tgz 22955ms (cache miss)
#12 505.0 npm http fetch GET 200 https://cdn.npmmirror.com/packages/swagger-tools/0.10.4/swagger-tools-0.10.4.tgz 22981ms (cache miss)
#12 505.1 npm http fetch GET 200 https://cdn.npmmirror.com/packages/utf-8-validate/5.0.10/utf-8-validate-5.0.10.tgz 23003ms (cache miss)
#12 505.1 npm http fetch GET 200 https://cdn.npmmirror.com/packages/xregexp/4.4.1/xregexp-4.4.1.tgz 23031ms (cache miss)
#12 505.1 npm http fetch GET 200 https://cdn.npmmirror.com/packages/uid-safe/2.1.5/uid-safe-2.1.5.tgz 23058ms (cache miss)
#12 505.1 npm http fetch GET 200 https://cdn.npmmirror.com/packages/%40opentelemetry/auto-instrumentations-node/0.39.4/auto-instrumentations-node-0.39.4.tgz 23095ms (cache miss)
#12 505.2 npm http fetch GET 200 https://cdn.npmmirror.com/packages/tsscmp/1.0.6/tsscmp-1.0.6.tgz 23103ms (cache miss)
#12 505.2 npm http fetch GET 200 https://cdn.npmmirror.com/packages/tough-cookie/4.1.4/tough-cookie-4.1.4.tgz 23115ms (cache miss)
#12 505.3 npm http fetch GET 200 https://cdn.npmmirror.com/packages/sanitize-html/2.17.4/sanitize-html-2.17.4.tgz 23231ms (cache miss)
#12 505.3 npm http fetch GET 200 https://cdn.npmmirror.com/packages/xml2js/0.6.2/xml2js-0.6.2.tgz 23281ms (cache miss)
#12 505.3 npm http fetch GET 200 https://cdn.npmmirror.com/packages/knex/2.5.1/knex-2.5.1.tgz 23307ms (cache miss)
#12 505.4 npm http fetch GET 200 https://cdn.npmmirror.com/packages/prop-types/15.8.1/prop-types-15.8.1.tgz 23298ms (cache miss)
#12 505.4 npm http fetch GET 200 https://cdn.npmmirror.com/packages/pug/3.0.4/pug-3.0.4.tgz 23309ms (cache miss)
#12 505.4 npm http fetch GET 200 https://cdn.npmmirror.com/packages/passport-orcid/0.0.4/passport-orcid-0.0.4.tgz 23309ms (cache miss)
#12 505.4 npm http fetch GET 200 https://cdn.npmmirror.com/packages/pug-runtime/3.0.1/pug-runtime-3.0.1.tgz 23316ms (cache miss)
#12 505.4 npm http fetch GET 200 https://cdn.npmmirror.com/packages/requestretry/7.1.0/requestretry-7.1.0.tgz 23329ms (cache miss)
#12 505.4 npm http fetch GET 200 https://cdn.npmmirror.com/packages/xml-crypto/2.1.6/xml-crypto-2.1.6.tgz 23331ms (cache miss)
#12 505.4 npm http fetch GET 200 https://cdn.npmmirror.com/packages/uuid/9.0.1/uuid-9.0.1.tgz 23347ms (cache miss)
#12 505.4 npm http fetch GET 200 https://cdn.npmmirror.com/packages/request/2.88.2/request-2.88.2.tgz 23375ms (cache miss)
#12 505.4 npm warn deprecated request@2.88.2: request has been deprecated, see https://github.com/request/request/issues/3142
#12 505.4 npm http fetch GET 200 https://cdn.npmmirror.com/packages/passport-oauth2/1.8.0/passport-oauth2-1.8.0.tgz 23377ms (cache miss)
#12 505.4 npm http fetch GET 200 https://cdn.npmmirror.com/packages/rate-limiter-flexible/2.4.2/rate-limiter-flexible-2.4.2.tgz 23387ms (cache miss)
#12 505.6 npm http fetch GET 200 https://cdn.npmmirror.com/packages/%40opentelemetry/exporter-trace-otlp-http/0.41.2/exporter-trace-otlp-http-0.41.2.tgz 23539ms (cache miss)
#12 505.6 npm http fetch GET 200 https://cdn.npmmirror.com/packages/passport-google-oauth20/2.0.0/passport-google-oauth20-2.0.0.tgz 23550ms (cache miss)
#12 505.6 npm http fetch GET 200 https://cdn.npmmirror.com/packages/passport/0.6.0/passport-0.6.0.tgz 23561ms (cache miss)
#12 505.6 npm http fetch GET 200 https://cdn.npmmirror.com/packages/passport-ldapauth/2.1.4/passport-ldapauth-2.1.4.tgz 23566ms (cache miss)
#12 505.6 npm http fetch GET 200 https://cdn.npmmirror.com/packages/parse-data-url/2.0.0/parse-data-url-2.0.0.tgz 23581ms (cache miss)
#12 505.7 npm http fetch GET 200 https://cdn.npmmirror.com/packages/on-headers/1.1.0/on-headers-1.1.0.tgz 23640ms (cache miss)
#12 505.7 npm http fetch GET 200 https://cdn.npmmirror.com/packages/passport-local/1.0.0/passport-local-1.0.0.tgz 23654ms (cache miss)
#12 505.7 npm http fetch GET 200 https://cdn.npmmirror.com/packages/nocache/2.1.0/nocache-2.1.0.tgz 23659ms (cache miss)
#12 505.7 npm http fetch GET 200 https://cdn.npmmirror.com/packages/p-props/4.0.0/p-props-4.0.0.tgz 23663ms (cache miss)
#12 505.7 npm http fetch GET 200 https://cdn.npmmirror.com/packages/p-limit/2.3.0/p-limit-2.3.0.tgz 23664ms (cache miss)
#12 505.7 npm http fetch GET 200 https://cdn.npmmirror.com/packages/otplib/12.0.1/otplib-12.0.1.tgz 23665ms (cache miss)
#12 505.7 npm http fetch GET 200 https://cdn.npmmirror.com/packages/nodemailer-ses-transport/1.5.1/nodemailer-ses-transport-1.5.1.tgz 23669ms (cache miss)
#12 505.7 npm http fetch GET 200 https://cdn.npmmirror.com/packages/p-queue/8.1.1/p-queue-8.1.1.tgz 23675ms (cache miss)
#12 505.8 npm http fetch GET 200 https://cdn.npmmirror.com/packages/multer/2.1.1/multer-2.1.1.tgz 23711ms (cache miss)
#12 505.8 npm http fetch GET 200 https://cdn.npmmirror.com/packages/node-fetch/2.7.0/node-fetch-2.7.0.tgz 23740ms (cache miss)
#12 505.8 npm http fetch GET 200 https://cdn.npmmirror.com/packages/underscore/1.13.8/underscore-1.13.8.tgz 23785ms (cache miss)
#12 505.9 npm http fetch GET 200 https://cdn.npmmirror.com/packages/nodemailer/6.10.1/nodemailer-6.10.1.tgz 23791ms (cache miss)
#12 506.0 npm http fetch GET 200 https://cdn.npmmirror.com/packages/minimist/1.2.8/minimist-1.2.8.tgz 23933ms (cache miss)
#12 506.0 npm http fetch GET 200 https://cdn.npmmirror.com/packages/mongodb-legacy/6.1.3/mongodb-legacy-6.1.3.tgz 23938ms (cache miss)
#12 506.1 npm http fetch GET 200 https://cdn.npmmirror.com/packages/marked/4.3.0/marked-4.3.0.tgz 24008ms (cache miss)
#12 506.1 npm http fetch GET 200 https://cdn.npmmirror.com/packages/minimatch/7.4.9/minimatch-7.4.9.tgz 24065ms (cache miss)
#12 506.1 npm http fetch GET 200 https://cdn.npmmirror.com/packages/method-override/2.3.10/method-override-2.3.10.tgz 24071ms (cache miss)
#12 506.2 npm http fetch GET 200 https://cdn.npmmirror.com/packages/recurly/4.75.0/recurly-4.75.0.tgz 24194ms (cache miss)
#12 506.3 npm http fetch GET 200 https://cdn.npmmirror.com/packages/%40opentelemetry/semantic-conventions/1.41.1/semantic-conventions-1.41.1.tgz 24232ms (cache miss)
#12 506.5 npm http fetch GET 200 https://cdn.npmmirror.com/packages/lru-cache/7.18.3/lru-cache-7.18.3.tgz 24386ms (cache miss)
#12 506.5 npm http fetch GET 200 https://cdn.npmmirror.com/packages/jsonwebtoken/9.0.3/jsonwebtoken-9.0.3.tgz 24391ms (cache miss)
#12 506.5 npm http fetch GET 200 https://cdn.npmmirror.com/packages/joi/17.13.3/joi-17.13.3.tgz 24405ms (cache miss)
#12 506.6 npm http fetch GET 200 https://cdn.npmmirror.com/packages/json2csv/4.5.4/json2csv-4.5.4.tgz 24519ms (cache miss)
#12 506.6 npm warn deprecated json2csv@4.5.4: Package no longer supported. Contact Support at https://www.npmjs.com/support for more info.
#12 506.7 npm http fetch GET 200 https://cdn.npmmirror.com/packages/globby/5.0.0/globby-5.0.0.tgz 24634ms (cache miss)
#12 506.8 npm http fetch GET 200 https://cdn.npmmirror.com/packages/glob/7.2.3/glob-7.2.3.tgz 24713ms (cache miss)
#12 506.8 npm http fetch GET 200 https://cdn.npmmirror.com/packages/mongodb/6.12.0/mongodb-6.12.0.tgz 24733ms (cache miss)
#12 506.8 npm http fetch GET 200 https://cdn.npmmirror.com/packages/express-bearer-token/2.4.0/express-bearer-token-2.4.0.tgz 24713ms (cache miss)
#12 506.8 npm warn deprecated glob@7.2.3: Glob versions prior to v9 are no longer supported
#12 506.8 npm http fetch GET 200 https://cdn.npmmirror.com/packages/express-session/1.19.0/express-session-1.19.0.tgz 24725ms (cache miss)
#12 506.8 npm http fetch GET 200 https://cdn.npmmirror.com/packages/helmet/6.2.0/helmet-6.2.0.tgz 24730ms (cache miss)
#12 506.8 npm http fetch GET 200 https://cdn.npmmirror.com/packages/https-proxy-agent/7.0.6/https-proxy-agent-7.0.6.tgz 24741ms (cache miss)
#12 506.8 npm http fetch GET 200 https://cdn.npmmirror.com/packages/i18next/23.16.8/i18next-23.16.8.tgz 24743ms (cache miss)
#12 506.9 npm http fetch GET 200 https://cdn.npmmirror.com/packages/i18next-http-middleware/3.9.7/i18next-http-middleware-3.9.7.tgz 24795ms (cache miss)
#12 506.9 npm http fetch GET 200 https://cdn.npmmirror.com/packages/esmock/2.7.6/esmock-2.7.6.tgz 24811ms (cache miss)
#12 506.9 npm http fetch GET 200 https://cdn.npmmirror.com/packages/email-addresses/5.0.0/email-addresses-5.0.0.tgz 24828ms (cache miss)
#12 506.9 npm http fetch GET 200 https://cdn.npmmirror.com/packages/es6-promise/4.2.8/es6-promise-4.2.8.tgz 24857ms (cache miss)
#12 507.0 npm http fetch GET 200 https://cdn.npmmirror.com/packages/eventsource-parser/1.1.2/eventsource-parser-1.1.2.tgz 24884ms (cache miss)
#12 507.0 npm http fetch GET 200 https://cdn.npmmirror.com/packages/express/4.22.2/express-4.22.2.tgz 24895ms (cache miss)
#12 507.0 npm http fetch GET 200 https://cdn.npmmirror.com/packages/i18next-fs-backend/2.6.6/i18next-fs-backend-2.6.6.tgz 24908ms (cache miss)
#12 507.0 npm http fetch GET 200 https://cdn.npmmirror.com/packages/express-http-proxy/1.6.3/express-http-proxy-1.6.3.tgz 24910ms (cache miss)
#12 507.1 npm http fetch GET 200 https://cdn.npmmirror.com/packages/ejs/3.1.10/ejs-3.1.10.tgz 25038ms (cache miss)
#12 507.1 npm http fetch GET 200 https://cdn.npmmirror.com/packages/crc-32/1.2.2/crc-32-1.2.2.tgz 25064ms (cache miss)
#12 507.2 npm http fetch GET 200 https://cdn.npmmirror.com/packages/csurf/1.11.0/csurf-1.11.0.tgz 25090ms (cache miss)
#12 507.2 npm warn deprecated csurf@1.11.0: This package is archived and no longer maintained. For support, visit https://github.com/expressjs/express/discussions
#12 507.2 npm http fetch GET 200 https://cdn.npmmirror.com/packages/cookie-parser/1.4.6/cookie-parser-1.4.6.tgz 25092ms (cache miss)
#12 507.2 npm http fetch GET 200 https://cdn.npmmirror.com/packages/dateformat/1.0.4-1.2.3/dateformat-1.0.4-1.2.3.tgz 25094ms (cache miss)
#12 507.2 npm http fetch GET 200 https://cdn.npmmirror.com/packages/content-disposition/0.5.4/content-disposition-0.5.4.tgz 25096ms (cache miss)
#12 507.2 npm http fetch GET 200 https://cdn.npmmirror.com/packages/cookie/0.2.4/cookie-0.2.4.tgz 25101ms (cache miss)
#12 507.2 npm http fetch GET 200 https://cdn.npmmirror.com/packages/celebrate/15.0.3/celebrate-15.0.3.tgz 25102ms (cache miss)
#12 507.2 npm http fetch GET 200 https://cdn.npmmirror.com/packages/bunyan/1.8.15/bunyan-1.8.15.tgz 25112ms (cache miss)
#12 507.2 npm http fetch GET 200 https://cdn.npmmirror.com/packages/connect-redis/6.1.3/connect-redis-6.1.3.tgz 25115ms (cache miss)
#12 507.2 npm http fetch GET 200 https://cdn.npmmirror.com/packages/cache-flow/1.10.0/cache-flow-1.10.0.tgz 25158ms (cache miss)
#12 507.3 npm http fetch GET 200 https://cdn.npmmirror.com/packages/bull/3.29.3/bull-3.29.3.tgz 25233ms (cache miss)
#12 507.4 npm http fetch GET 200 https://cdn.npmmirror.com/packages/basic-auth/2.0.1/basic-auth-2.0.1.tgz 25330ms (cache miss)
#12 507.4 npm http fetch GET 200 https://cdn.npmmirror.com/packages/mmmagic/0.5.3/mmmagic-0.5.3.tgz 25348ms (cache miss)
#12 507.5 npm http fetch GET 200 https://cdn.npmmirror.com/packages/body-parser/1.20.5/body-parser-1.20.5.tgz 25401ms (cache miss)
#12 507.5 npm http fetch GET 200 https://cdn.npmmirror.com/packages/csv/6.5.1/csv-6.5.1.tgz 25417ms (cache miss)
#12 507.5 npm http fetch GET 200 https://cdn.npmmirror.com/packages/bowser/2.14.1/bowser-2.14.1.tgz 25419ms (cache miss)
#12 507.5 npm http fetch GET 200 https://cdn.npmmirror.com/packages/bcrypt/5.1.1/bcrypt-5.1.1.tgz 25421ms (cache miss)
#12 507.5 npm http fetch GET 200 https://cdn.npmmirror.com/packages/east/2.0.3/east-2.0.3.tgz 25434ms (cache miss)
#12 507.5 npm http fetch GET 200 https://cdn.npmmirror.com/packages/archiver/5.3.2/archiver-5.3.2.tgz 25438ms (cache miss)
#12 507.6 npm http fetch GET 200 https://cdn.npmmirror.com/packages/accepts/1.3.8/accepts-1.3.8.tgz 25488ms (cache miss)
#12 507.6 npm http fetch GET 200 https://cdn.npmmirror.com/packages/abort-controller/3.0.0/abort-controller-3.0.0.tgz 25514ms (cache miss)
#12 507.6 npm http fetch GET 200 https://cdn.npmmirror.com/packages/%40xmldom/xmldom/0.7.13/xmldom-0.7.13.tgz 25519ms (cache miss)
#12 507.6 npm warn deprecated @xmldom/xmldom@0.7.13: this version is no longer supported, please update to at least 0.8.*
#12 507.7 npm http fetch GET 200 https://cdn.npmmirror.com/packages/acorn/7.4.1/acorn-7.4.1.tgz 25607ms (cache miss)
#12 507.8 npm http fetch GET 200 https://cdn.npmmirror.com/packages/postcss/8.5.15/postcss-8.5.15.tgz 25670ms (cache miss)
#12 507.8 npm http fetch GET 200 https://cdn.npmmirror.com/packages/base-x/4.0.1/base-x-4.0.1.tgz 25716ms (cache miss)
#12 507.9 npm http fetch GET 200 https://cdn.npmmirror.com/packages/async/3.2.6/async-3.2.6.tgz 25771ms (cache miss)
#12 507.9 npm http fetch GET 200 https://cdn.npmmirror.com/packages/%40types/express/4.17.25/express-4.17.25.tgz 25826ms (cache miss)
#12 507.9 npm http fetch GET 200 https://cdn.npmmirror.com/packages/react/18.3.1/react-18.3.1.tgz 25855ms (cache miss)
#12 508.0 npm http fetch GET 200 https://cdn.npmmirror.com/packages/denque/2.1.0/denque-2.1.0.tgz 25875ms (cache miss)
#12 508.0 npm http fetch GET 200 https://cdn.npmmirror.com/packages/%40node-saml/passport-saml/5.1.0/passport-saml-5.1.0.tgz 25889ms (cache miss)
#12 508.0 npm http fetch GET 200 https://cdn.npmmirror.com/packages/%40types/chai/4.3.20/chai-4.3.20.tgz 25908ms (cache miss)
#12 508.0 npm http fetch GET 200 https://cdn.npmmirror.com/packages/yocto-queue/1.2.2/yocto-queue-1.2.2.tgz 25907ms (cache miss)
#12 508.0 npm http fetch GET 200 https://cdn.npmmirror.com/packages/debug/3.1.0/debug-3.1.0.tgz 25924ms (cache miss)
#12 508.0 npm http fetch GET 200 https://cdn.npmmirror.com/packages/%40opentelemetry/api/1.4.1/api-1.4.1.tgz 25972ms (cache miss)
#12 508.0 npm http fetch GET 200 https://cdn.npmmirror.com/packages/%40types/chai-as-promised/7.1.8/chai-as-promised-7.1.8.tgz 25944ms (cache miss)
#12 508.1 npm http fetch GET 200 https://cdn.npmmirror.com/packages/%40stripe/react-stripe-js/3.10.0/react-stripe-js-3.10.0.tgz 25974ms (cache miss)
#12 508.1 npm http fetch GET 200 https://cdn.npmmirror.com/packages/patch-package/8.0.1/patch-package-8.0.1.tgz 26062ms (cache miss)
#12 508.2 npm http fetch GET 200 https://cdn.npmmirror.com/packages/%40google-cloud/bigquery/6.2.1/bigquery-6.2.1.tgz 26084ms (cache miss)
#12 508.2 npm http fetch GET 200 https://cdn.npmmirror.com/packages/cluster-key-slot/1.1.1/cluster-key-slot-1.1.1.tgz 26101ms (cache miss)
#12 508.2 npm http fetch GET 200 https://cdn.npmmirror.com/packages/%40node-oauth/oauth2-server/5.3.0/oauth2-server-5.3.0.tgz 26122ms (cache miss)
#12 508.3 npm http fetch GET 200 https://cdn.npmmirror.com/packages/react-dom/18.3.1/react-dom-18.3.1.tgz 26243ms (cache miss)
#12 508.3 npm http fetch GET 200 https://cdn.npmmirror.com/packages/semver/7.8.2/semver-7.8.2.tgz 26245ms (cache miss)
#12 508.4 npm http fetch GET 200 https://cdn.npmmirror.com/packages/uuid/8.3.2/uuid-8.3.2.tgz 26353ms (cache miss)
#12 508.5 npm http fetch GET 200 https://cdn.npmmirror.com/packages/mongoose/8.9.5/mongoose-8.9.5.tgz 26391ms (cache miss)
#12 508.5 npm http fetch GET 200 https://cdn.npmmirror.com/packages/helmet/3.23.3/helmet-3.23.3.tgz 26429ms (cache miss)
#12 508.6 npm http fetch GET 200 https://cdn.npmmirror.com/packages/method-override/3.0.0/method-override-3.0.0.tgz 26487ms (cache miss)
#12 508.6 npm http fetch GET 200 https://cdn.npmmirror.com/packages/ansi-regex/6.2.2/ansi-regex-6.2.2.tgz 26526ms (cache miss)
#12 508.6 npm http fetch GET 200 https://cdn.npmmirror.com/packages/p-limit/6.2.0/p-limit-6.2.0.tgz 26528ms (cache miss)
#12 508.6 npm http fetch GET 200 https://cdn.npmmirror.com/packages/check-types/11.2.3/check-types-11.2.3.tgz 26530ms (cache miss)
#12 508.6 npm http fetch GET 200 https://cdn.npmmirror.com/packages/selfsigned/2.4.1/selfsigned-2.4.1.tgz 26533ms (cache miss)
#12 508.6 npm http fetch GET 200 https://cdn.npmmirror.com/packages/ansi-styles/6.2.3/ansi-styles-6.2.3.tgz 26534ms (cache miss)
#12 508.6 npm http fetch GET 200 https://cdn.npmmirror.com/packages/wrap-ansi/8.1.0/wrap-ansi-8.1.0.tgz 26540ms (cache miss)
#12 508.6 npm http fetch GET 200 https://cdn.npmmirror.com/packages/strip-ansi/7.2.0/strip-ansi-7.2.0.tgz 26546ms (cache miss)
#12 508.6 npm http fetch GET 200 https://cdn.npmmirror.com/packages/cron-parser/4.9.0/cron-parser-4.9.0.tgz 26557ms (cache miss)
#12 508.7 npm http fetch GET 200 https://cdn.npmmirror.com/packages/string-width/5.1.2/string-width-5.1.2.tgz 26594ms (cache miss)
#12 508.7 npm http fetch GET 200 https://cdn.npmmirror.com/packages/ioredis/5.11.1/ioredis-5.11.1.tgz 26599ms (cache miss)
#12 508.7 npm http fetch GET 200 https://cdn.npmmirror.com/packages/punycode/2.3.1/punycode-2.3.1.tgz 26627ms (cache miss)
#12 508.8 npm http fetch GET 200 https://cdn.npmmirror.com/packages/process/0.10.1/process-0.10.1.tgz 26706ms (cache miss)
#12 508.8 npm http fetch GET 200 https://cdn.npmmirror.com/packages/%40stripe/stripe-js/5.10.0/stripe-js-5.10.0.tgz 26730ms (cache miss)
#12 508.8 npm http fetch GET 200 https://cdn.npmmirror.com/packages/lru-cache/10.4.3/lru-cache-10.4.3.tgz 26736ms (cache miss)
#12 508.8 npm http fetch GET 200 https://cdn.npmmirror.com/packages/jose/4.15.9/jose-4.15.9.tgz 26773ms (cache miss)
#12 508.8 npm http fetch GET 200 https://cdn.npmmirror.com/packages/stripe/18.5.0/stripe-18.5.0.tgz 26790ms (cache miss)
#12 508.9 npm http fetch GET 200 https://cdn.npmmirror.com/packages/lodash/4.18.1/lodash-4.18.1.tgz 26820ms (cache miss)
#12 508.9 npm http fetch GET 200 https://cdn.npmmirror.com/packages/%40opentelemetry/resources/1.30.1/resources-1.30.1.tgz 26850ms (cache miss)
#12 509.0 npm http cache https://cdn.npmmirror.com/packages/semver/7.8.2/semver-7.8.2.tgz 26857ms (cache hit)
#12 509.0 npm http fetch GET 200 https://cdn.npmmirror.com/packages/bull/4.16.5/bull-4.16.5.tgz 26869ms (cache miss)
#12 509.0 npm http cache https://cdn.npmmirror.com/packages/punycode/2.3.1/punycode-2.3.1.tgz 26874ms (cache hit)
#12 509.0 npm http fetch GET 200 https://cdn.npmmirror.com/packages/bowser/2.9.0/bowser-2.9.0.tgz 26914ms (cache miss)
#12 509.1 npm http fetch GET 200 https://cdn.npmmirror.com/packages/buffer/5.7.1/buffer-5.7.1.tgz 26965ms (cache miss)
#12 509.1 npm http fetch GET 200 https://cdn.npmmirror.com/packages/b4a/1.8.1/b4a-1.8.1.tgz 26968ms (cache miss)
#12 509.1 npm http fetch GET 200 https://cdn.npmmirror.com/packages/minipass/3.3.6/minipass-3.3.6.tgz 27006ms (cache miss)
#12 509.1 npm http fetch GET 200 https://cdn.npmmirror.com/packages/mime/2.6.0/mime-2.6.0.tgz 27012ms (cache miss)
#12 509.1 npm http fetch GET 200 https://cdn.npmmirror.com/packages/formidable/2.1.5/formidable-2.1.5.tgz 27050ms (cache miss)
#12 509.2 npm http fetch GET 200 https://cdn.npmmirror.com/packages/superagent/7.1.6/superagent-7.1.6.tgz 27070ms (cache miss)
#12 509.2 npm warn deprecated superagent@7.1.6: Please upgrade to superagent v10.2.2+, see release notes at https://github.com/forwardemail/superagent/releases/tag/v10.2.2 - maintenance is supported by Forward Email @ https://forwardemail.net
#12 509.2 npm http cache https://cdn.npmmirror.com/packages/minipass/3.3.6/minipass-3.3.6.tgz 27116ms (cache hit)
#12 509.2 npm http fetch GET 200 https://cdn.npmmirror.com/packages/commander/2.20.3/commander-2.20.3.tgz 27115ms (cache miss)
#12 509.2 npm http fetch GET 200 https://cdn.npmmirror.com/packages/form-data/2.5.5/form-data-2.5.5.tgz 27116ms (cache miss)
#12 509.2 npm http fetch GET 200 https://cdn.npmmirror.com/packages/form-data/4.0.4/form-data-4.0.4.tgz 27120ms (cache miss)
#12 509.3 npm http fetch GET 200 https://cdn.npmmirror.com/packages/slash/3.0.0/slash-3.0.0.tgz 27175ms (cache miss)
#12 509.3 npm http fetch GET 200 https://cdn.npmmirror.com/packages/safe-buffer/5.2.1/safe-buffer-5.2.1.tgz 27204ms (cache miss)
#12 509.3 npm http fetch GET 200 https://cdn.npmmirror.com/packages/sprintf-js/1.0.3/sprintf-js-1.0.3.tgz 27245ms (cache miss)
#12 509.4 npm http fetch GET 200 https://cdn.npmmirror.com/packages/debug/3.2.7/debug-3.2.7.tgz 27268ms (cache miss)
#12 509.4 npm http cache https://cdn.npmmirror.com/packages/safe-buffer/5.2.1/safe-buffer-5.2.1.tgz 27310ms (cache hit)
#12 509.5 npm http fetch GET 200 https://cdn.npmmirror.com/packages/commander/4.1.1/commander-4.1.1.tgz 27381ms (cache miss)
#12 509.5 npm http fetch GET 200 https://cdn.npmmirror.com/packages/extsprintf/1.2.0/extsprintf-1.2.0.tgz 27393ms (cache miss)
#12 509.5 npm http fetch GET 200 https://cdn.npmmirror.com/packages/json-schema-traverse/0.4.1/json-schema-traverse-0.4.1.tgz 27398ms (cache miss)
#12 509.5 npm http fetch GET 200 https://cdn.npmmirror.com/packages/js-yaml/3.14.2/js-yaml-3.14.2.tgz 27434ms (cache miss)
#12 509.6 npm http fetch GET 200 https://cdn.npmmirror.com/packages/assert-plus/0.1.5/assert-plus-0.1.5.tgz 27473ms (cache miss)
#12 509.6 npm http fetch GET 200 https://cdn.npmmirror.com/packages/yallist/3.1.1/yallist-3.1.1.tgz 27474ms (cache miss)
#12 509.6 npm http fetch GET 200 https://cdn.npmmirror.com/packages/lru-cache/5.1.1/lru-cache-5.1.1.tgz 27474ms (cache miss)
#12 509.6 npm http cache https://cdn.npmmirror.com/packages/punycode/2.3.1/punycode-2.3.1.tgz 27501ms (cache hit)
#12 509.7 npm http fetch GET 200 https://cdn.npmmirror.com/packages/agent-base/6.0.2/agent-base-6.0.2.tgz 27608ms (cache miss)
#12 509.7 npm http fetch GET 200 https://cdn.npmmirror.com/packages/whatwg-url/14.2.0/whatwg-url-14.2.0.tgz 27627ms (cache miss)
#12 509.8 npm http fetch GET 200 https://cdn.npmmirror.com/packages/tslib/2.8.1/tslib-2.8.1.tgz 27700ms (cache miss)
#12 509.8 npm http fetch GET 200 https://cdn.npmmirror.com/packages/moment/2.30.1/moment-2.30.1.tgz 27729ms (cache miss)
#12 509.8 npm http fetch GET 200 https://cdn.npmmirror.com/packages/ajv/6.15.0/ajv-6.15.0.tgz 27708ms (cache miss)
#12 509.8 npm http fetch GET 200 https://cdn.npmmirror.com/packages/verror/1.6.0/verror-1.6.0.tgz 27718ms (cache miss)
#12 509.8 npm http fetch GET 200 https://cdn.npmmirror.com/packages/long/2.4.0/long-2.4.0.tgz 27738ms (cache miss)
#12 509.9 npm http cache https://cdn.npmmirror.com/packages/semver/7.8.2/semver-7.8.2.tgz 27820ms (cache hit)
#12 510.0 npm http fetch GET 200 https://cdn.npmmirror.com/packages/foreground-child/3.3.1/foreground-child-3.3.1.tgz 27858ms (cache miss)
#12 510.0 npm http fetch GET 200 https://cdn.npmmirror.com/packages/minimatch/9.0.9/minimatch-9.0.9.tgz 27875ms (cache miss)
#12 510.0 npm http fetch GET 200 https://cdn.npmmirror.com/packages/minipass/7.1.3/minipass-7.1.3.tgz 27907ms (cache miss)
#12 510.0 npm http fetch GET 200 https://cdn.npmmirror.com/packages/asn1/0.2.6/asn1-0.2.6.tgz 27925ms (cache miss)
#12 510.0 npm http fetch GET 200 https://cdn.npmmirror.com/packages/ajv/8.20.0/ajv-8.20.0.tgz 27957ms (cache miss)
#12 510.1 npm http fetch GET 200 https://cdn.npmmirror.com/packages/tr46/5.1.1/tr46-5.1.1.tgz 27950ms (cache miss)
#12 510.1 npm http fetch GET 200 https://cdn.npmmirror.com/packages/minimatch/3.1.5/minimatch-3.1.5.tgz 28020ms (cache miss)
#12 510.1 npm http fetch GET 200 https://cdn.npmmirror.com/packages/glob/10.4.5/glob-10.4.5.tgz 28025ms (cache miss)
#12 510.1 npm http fetch GET 200 https://cdn.npmmirror.com/packages/glob/6.0.4/glob-6.0.4.tgz 28024ms (cache miss)
#12 510.1 npm warn deprecated glob@6.0.4: Glob versions prior to v9 are no longer supported
#12 510.2 npm http cache https://cdn.npmmirror.com/packages/agent-base/6.0.2/agent-base-6.0.2.tgz 28102ms (cache hit)
#12 510.3 npm http fetch GET 200 https://cdn.npmmirror.com/packages/signal-exit/4.1.0/signal-exit-4.1.0.tgz 28174ms (cache miss)
#12 510.4 npm http fetch GET 200 https://cdn.npmmirror.com/packages/entities/7.0.1/entities-7.0.1.tgz 28330ms (cache miss)
#12 510.4 npm http fetch GET 200 https://cdn.npmmirror.com/packages/https-proxy-agent/5.0.1/https-proxy-agent-5.0.1.tgz 28333ms (cache miss)
#12 510.4 npm http fetch GET 200 https://cdn.npmmirror.com/packages/brace-expansion/1.1.15/brace-expansion-1.1.15.tgz 28337ms (cache miss)
#12 510.4 npm http cache https://cdn.npmmirror.com/packages/semver/7.8.2/semver-7.8.2.tgz 28339ms (cache hit)
#12 510.5 npm http fetch GET 200 https://cdn.npmmirror.com/packages/rimraf/2.4.5/rimraf-2.4.5.tgz 28341ms (cache miss)
#12 510.5 npm warn deprecated rimraf@2.4.5: Rimraf versions prior to v4 are no longer supported
#12 510.5 npm http cache https://cdn.npmmirror.com/packages/uuid/8.3.2/uuid-8.3.2.tgz 28342ms (cache hit)
#12 510.6 npm http fetch GET 200 https://cdn.npmmirror.com/packages/archiver-utils/3.0.4/archiver-utils-3.0.4.tgz 28463ms (cache miss)
#12 510.6 npm http fetch GET 200 https://cdn.npmmirror.com/packages/semver/6.3.1/semver-6.3.1.tgz 28464ms (cache miss)
#12 510.6 npm http fetch GET 200 https://cdn.npmmirror.com/packages/%40types/send/0.17.6/send-0.17.6.tgz 28465ms (cache miss)
#12 510.6 npm http fetch GET 200 https://cdn.npmmirror.com/packages/undici-types/7.24.6/undici-types-7.24.6.tgz 28493ms (cache miss)
#12 510.6 npm http fetch GET 200 https://cdn.npmmirror.com/packages/mkdirp/1.0.4/mkdirp-1.0.4.tgz 28512ms (cache miss)
#12 510.7 npm http fetch GET 200 https://cdn.npmmirror.com/packages/make-dir/3.1.0/make-dir-3.1.0.tgz 28586ms (cache miss)
#12 510.8 npm http fetch GET 200 https://cdn.npmmirror.com/packages/yargs-parser/21.1.1/yargs-parser-21.1.1.tgz 28650ms (cache miss)
#12 510.8 npm http fetch GET 200 https://cdn.npmmirror.com/packages/%40opentelemetry/semantic-conventions/1.15.2/semantic-conventions-1.15.2.tgz 28671ms (cache miss)
#12 510.9 npm http fetch GET 200 https://cdn.npmmirror.com/packages/yaml/2.9.0/yaml-2.9.0.tgz 28775ms (cache miss)
#12 511.0 npm http cache https://cdn.npmmirror.com/packages/semver/7.8.2/semver-7.8.2.tgz 28846ms (cache hit)
#12 511.0 npm http fetch GET 200 https://cdn.npmmirror.com/packages/acorn-import-assertions/1.9.0/acorn-import-assertions-1.9.0.tgz 28865ms (cache miss)
#12 511.0 npm warn deprecated acorn-import-assertions@1.9.0: package has been renamed to acorn-import-attributes
#12 511.1 npm http cache https://cdn.npmmirror.com/packages/%40opentelemetry/semantic-conventions/1.15.2/semantic-conventions-1.15.2.tgz 28962ms (cache hit)
#12 511.1 npm http cache https://cdn.npmmirror.com/packages/%40opentelemetry/semantic-conventions/1.15.2/semantic-conventions-1.15.2.tgz 28965ms (cache hit)
#12 511.2 npm http fetch GET 200 https://cdn.npmmirror.com/packages/%40opentelemetry/semantic-conventions/1.15.2/semantic-conventions-1.15.2.tgz 29061ms (cache miss)
#12 511.3 npm http cache https://cdn.npmmirror.com/packages/%40opentelemetry/semantic-conventions/1.15.2/semantic-conventions-1.15.2.tgz 29231ms (cache hit)
#12 511.4 npm http cache https://cdn.npmmirror.com/packages/acorn-import-assertions/1.9.0/acorn-import-assertions-1.9.0.tgz 29254ms (cache hit)
#12 511.4 npm warn deprecated acorn-import-assertions@1.9.0: package has been renamed to acorn-import-attributes
#12 511.4 npm http fetch GET 200 https://cdn.npmmirror.com/packages/gaxios/6.7.1/gaxios-6.7.1.tgz 29305ms (cache miss)
#12 511.4 npm http cache https://cdn.npmmirror.com/packages/semver/7.8.2/semver-7.8.2.tgz 29318ms (cache hit)
#12 511.5 npm http fetch GET 200 https://cdn.npmmirror.com/packages/import-in-the-middle/1.7.1/import-in-the-middle-1.7.1.tgz 29424ms (cache miss)
#12 511.6 npm http cache https://cdn.npmmirror.com/packages/%40opentelemetry/semantic-conventions/1.15.2/semantic-conventions-1.15.2.tgz 29525ms (cache hit)
#12 511.6 npm http cache https://cdn.npmmirror.com/packages/%40opentelemetry/semantic-conventions/1.15.2/semantic-conventions-1.15.2.tgz 29531ms (cache hit)
#12 511.7 npm http cache https://cdn.npmmirror.com/packages/%40opentelemetry/semantic-conventions/1.15.2/semantic-conventions-1.15.2.tgz 29576ms (cache hit)
#12 511.7 npm http cache https://cdn.npmmirror.com/packages/acorn-import-assertions/1.9.0/acorn-import-assertions-1.9.0.tgz 29606ms (cache hit)
#12 511.7 npm warn deprecated acorn-import-assertions@1.9.0: package has been renamed to acorn-import-attributes
#12 511.8 npm http cache https://cdn.npmmirror.com/packages/semver/7.8.2/semver-7.8.2.tgz 29656ms (cache hit)
#12 511.8 npm http cache https://cdn.npmmirror.com/packages/import-in-the-middle/1.7.1/import-in-the-middle-1.7.1.tgz 29657ms (cache hit)
#12 511.8 npm http fetch GET 200 https://cdn.npmmirror.com/packages/gcp-metadata/6.1.1/gcp-metadata-6.1.1.tgz 29661ms (cache miss)
#12 511.8 npm http fetch GET 200 https://cdn.npmmirror.com/packages/%40opentelemetry/semantic-conventions/1.28.0/semantic-conventions-1.28.0.tgz 29691ms (cache miss)
#12 512.0 npm http cache https://cdn.npmmirror.com/packages/acorn-import-assertions/1.9.0/acorn-import-assertions-1.9.0.tgz 29909ms (cache hit)
#12 512.0 npm http cache https://cdn.npmmirror.com/packages/%40opentelemetry/instrumentation/0.46.0/instrumentation-0.46.0.tgz 29912ms (cache hit)
#12 512.0 npm warn deprecated acorn-import-assertions@1.9.0: package has been renamed to acorn-import-attributes
#12 512.3 npm http cache https://cdn.npmmirror.com/packages/semver/7.8.2/semver-7.8.2.tgz 30197ms (cache hit)
#12 512.3 npm http cache https://cdn.npmmirror.com/packages/import-in-the-middle/1.7.1/import-in-the-middle-1.7.1.tgz 30198ms (cache hit)
#12 512.3 npm http cache https://cdn.npmmirror.com/packages/semver/7.8.2/semver-7.8.2.tgz 30199ms (cache hit)
#12 512.3 npm http cache https://cdn.npmmirror.com/packages/%40opentelemetry/instrumentation/0.46.0/instrumentation-0.46.0.tgz 30217ms (cache hit)
#12 512.4 npm http fetch GET 200 https://cdn.npmmirror.com/packages/core-js-pure/3.49.0/core-js-pure-3.49.0.tgz 30373ms (cache miss)
#12 512.5 npm http cache https://cdn.npmmirror.com/packages/acorn-import-assertions/1.9.0/acorn-import-assertions-1.9.0.tgz 30346ms (cache hit)
#12 512.5 npm http cache https://cdn.npmmirror.com/packages/%40opentelemetry/resources/1.15.2/resources-1.15.2.tgz 30357ms (cache hit)
#12 512.5 npm http cache https://cdn.npmmirror.com/packages/import-in-the-middle/1.7.1/import-in-the-middle-1.7.1.tgz 30351ms (cache hit)
#12 512.5 npm http cache https://cdn.npmmirror.com/packages/semver/7.8.2/semver-7.8.2.tgz 30355ms (cache hit)
#12 512.5 npm warn deprecated acorn-import-assertions@1.9.0: package has been renamed to acorn-import-attributes
#12 512.6 npm http fetch GET 200 https://cdn.npmmirror.com/packages/%40opentelemetry/instrumentation/0.46.0/instrumentation-0.46.0.tgz 30453ms (cache miss)
#12 512.8 npm http fetch GET 200 https://cdn.npmmirror.com/packages/%40opentelemetry/instrumentation/0.45.1/instrumentation-0.45.1.tgz 30639ms (cache miss)
#12 512.9 npm http cache https://cdn.npmmirror.com/packages/acorn-import-assertions/1.9.0/acorn-import-assertions-1.9.0.tgz 30776ms (cache hit)
#12 512.9 npm http cache https://cdn.npmmirror.com/packages/semver/7.8.2/semver-7.8.2.tgz 30782ms (cache hit)
#12 512.9 npm http cache https://cdn.npmmirror.com/packages/semver/7.8.2/semver-7.8.2.tgz 30785ms (cache hit)
#12 512.9 npm http cache https://cdn.npmmirror.com/packages/import-in-the-middle/1.7.1/import-in-the-middle-1.7.1.tgz 30784ms (cache hit)
#12 512.9 npm warn deprecated acorn-import-assertions@1.9.0: package has been renamed to acorn-import-attributes
#12 513.0 npm http cache https://cdn.npmmirror.com/packages/%40opentelemetry/instrumentation/0.46.0/instrumentation-0.46.0.tgz 30876ms (cache hit)
#12 513.0 npm http cache https://cdn.npmmirror.com/packages/%40opentelemetry/instrumentation/0.46.0/instrumentation-0.46.0.tgz 30911ms (cache hit)
#12 513.0 npm http cache https://cdn.npmmirror.com/packages/%40opentelemetry/resources/1.15.2/resources-1.15.2.tgz 30932ms (cache hit)
#12 513.1 npm http cache https://cdn.npmmirror.com/packages/%40opentelemetry/instrumentation/0.46.0/instrumentation-0.46.0.tgz 30932ms (cache hit)
#12 513.1 npm http cache https://cdn.npmmirror.com/packages/import-in-the-middle/1.7.1/import-in-the-middle-1.7.1.tgz 30971ms (cache hit)
#12 513.1 npm http cache https://cdn.npmmirror.com/packages/acorn-import-assertions/1.9.0/acorn-import-assertions-1.9.0.tgz 30970ms (cache hit)
#12 513.1 npm http cache https://cdn.npmmirror.com/packages/acorn-import-assertions/1.9.0/acorn-import-assertions-1.9.0.tgz 30971ms (cache hit)
#12 513.1 npm warn deprecated acorn-import-assertions@1.9.0: package has been renamed to acorn-import-attributes
#12 513.1 npm warn deprecated acorn-import-assertions@1.9.0: package has been renamed to acorn-import-attributes
#12 513.3 npm http cache https://cdn.npmmirror.com/packages/semver/7.8.2/semver-7.8.2.tgz 31221ms (cache hit)
#12 513.3 npm http cache https://cdn.npmmirror.com/packages/import-in-the-middle/1.7.1/import-in-the-middle-1.7.1.tgz 31222ms (cache hit)
#12 513.4 npm http cache https://cdn.npmmirror.com/packages/%40opentelemetry/instrumentation/0.46.0/instrumentation-0.46.0.tgz 31263ms (cache hit)
#12 513.4 npm http cache https://cdn.npmmirror.com/packages/acorn-import-assertions/1.9.0/acorn-import-assertions-1.9.0.tgz 31265ms (cache hit)
#12 513.4 npm http cache https://cdn.npmmirror.com/packages/acorn-import-assertions/1.9.0/acorn-import-assertions-1.9.0.tgz 31277ms (cache hit)
#12 513.4 npm warn deprecated acorn-import-assertions@1.9.0: package has been renamed to acorn-import-attributes
#12 513.4 npm warn deprecated acorn-import-assertions@1.9.0: package has been renamed to acorn-import-attributes
#12 513.4 npm http cache https://cdn.npmmirror.com/packages/semver/7.8.2/semver-7.8.2.tgz 31301ms (cache hit)
#12 513.4 npm http cache https://cdn.npmmirror.com/packages/import-in-the-middle/1.7.1/import-in-the-middle-1.7.1.tgz 31314ms (cache hit)
#12 513.5 npm http fetch GET 200 https://cdn.npmmirror.com/packages/%40opentelemetry/resources/1.15.2/resources-1.15.2.tgz 31366ms (cache miss)
#12 513.8 npm http fetch GET 200 https://cdn.npmmirror.com/packages/%40opentelemetry/resources/1.15.2/resources-1.15.2.tgz 31719ms (cache miss)
#12 513.9 npm http cache https://cdn.npmmirror.com/packages/%40opentelemetry/instrumentation/0.45.1/instrumentation-0.45.1.tgz 31767ms (cache hit)
#12 513.9 npm http cache https://cdn.npmmirror.com/packages/acorn-import-assertions/1.9.0/acorn-import-assertions-1.9.0.tgz 31769ms (cache hit)
#12 513.9 npm http cache https://cdn.npmmirror.com/packages/import-in-the-middle/1.7.1/import-in-the-middle-1.7.1.tgz 31771ms (cache hit)
#12 513.9 npm http cache https://cdn.npmmirror.com/packages/semver/7.8.2/semver-7.8.2.tgz 31773ms (cache hit)
#12 513.9 npm http cache https://cdn.npmmirror.com/packages/semver/7.8.2/semver-7.8.2.tgz 31773ms (cache hit)
#12 513.9 npm http fetch GET 200 https://cdn.npmmirror.com/packages/%40opentelemetry/resources/1.15.2/resources-1.15.2.tgz 31803ms (cache miss)
#12 513.9 npm warn deprecated acorn-import-assertions@1.9.0: package has been renamed to acorn-import-attributes
#12 514.0 npm http cache https://cdn.npmmirror.com/packages/%40opentelemetry/instrumentation/0.46.0/instrumentation-0.46.0.tgz 31833ms (cache hit)
#12 514.1 npm http cache https://cdn.npmmirror.com/packages/semver/7.8.2/semver-7.8.2.tgz 31947ms (cache hit)
#12 514.1 npm http cache https://cdn.npmmirror.com/packages/acorn-import-assertions/1.9.0/acorn-import-assertions-1.9.0.tgz 31960ms (cache hit)
#12 514.1 npm http cache https://cdn.npmmirror.com/packages/import-in-the-middle/1.7.1/import-in-the-middle-1.7.1.tgz 31966ms (cache hit)
#12 514.1 npm warn deprecated acorn-import-assertions@1.9.0: package has been renamed to acorn-import-attributes
#12 514.1 npm http fetch GET 200 https://cdn.npmmirror.com/packages/%40opentelemetry/core/1.30.1/core-1.30.1.tgz 32006ms (cache miss)
#12 514.1 npm http cache https://cdn.npmmirror.com/packages/import-in-the-middle/1.7.1/import-in-the-middle-1.7.1.tgz 32012ms (cache hit)
#12 514.2 npm http cache https://cdn.npmmirror.com/packages/%40opentelemetry/instrumentation/0.45.1/instrumentation-0.45.1.tgz 32041ms (cache hit)
#12 514.4 npm http cache https://cdn.npmmirror.com/packages/semver/7.8.2/semver-7.8.2.tgz 32271ms (cache hit)
#12 514.4 npm http cache https://cdn.npmmirror.com/packages/acorn-import-assertions/1.9.0/acorn-import-assertions-1.9.0.tgz 32289ms (cache hit)
#12 514.4 npm warn deprecated acorn-import-assertions@1.9.0: package has been renamed to acorn-import-attributes
#12 514.5 npm http fetch GET 200 https://cdn.npmmirror.com/packages/core-js/2.6.12/core-js-2.6.12.tgz 32372ms (cache miss)
#12 514.5 npm warn deprecated core-js@2.6.12: core-js@<3.23.3 is no longer maintained and not recommended for usage due to the number of issues. Because of the V8 engine whims, feature detection in old core-js versions could cause a slowdown up to 100x even if nothing is polyfilled. Some versions have web compatibility issues. Please, upgrade your dependencies to the actual version of core-js.
#12 514.6 npm http fetch GET 200 https://cdn.npmmirror.com/packages/%40opentelemetry/sdk-metrics/1.15.2/sdk-metrics-1.15.2.tgz 32437ms (cache miss)
#12 514.6 npm http fetch GET 200 https://cdn.npmmirror.com/packages/%40opentelemetry/resources/1.15.2/resources-1.15.2.tgz 32507ms (cache miss)
#12 514.8 npm http fetch GET 200 https://cdn.npmmirror.com/packages/date-fns/2.30.0/date-fns-2.30.0.tgz 32832ms (cache miss)
#12 515.1 npm http cache https://cdn.npmmirror.com/packages/import-in-the-middle/1.7.1/import-in-the-middle-1.7.1.tgz 32941ms (cache hit)
#12 515.1 npm http cache https://cdn.npmmirror.com/packages/acorn-import-assertions/1.9.0/acorn-import-assertions-1.9.0.tgz 32942ms (cache hit)
#12 515.1 npm http cache https://cdn.npmmirror.com/packages/semver/7.8.2/semver-7.8.2.tgz 32944ms (cache hit)
#12 515.1 npm http cache https://cdn.npmmirror.com/packages/acorn-import-assertions/1.9.0/acorn-import-assertions-1.9.0.tgz 32944ms (cache hit)
#12 515.1 npm http cache https://cdn.npmmirror.com/packages/semver/7.8.2/semver-7.8.2.tgz 32946ms (cache hit)
#12 515.1 npm http cache https://cdn.npmmirror.com/packages/import-in-the-middle/1.7.1/import-in-the-middle-1.7.1.tgz 32948ms (cache hit)
#12 515.1 npm http cache https://cdn.npmmirror.com/packages/%40opentelemetry/instrumentation/0.46.0/instrumentation-0.46.0.tgz 32961ms (cache hit)
#12 515.1 npm http cache https://cdn.npmmirror.com/packages/%40opentelemetry/instrumentation/0.46.0/instrumentation-0.46.0.tgz 32963ms (cache hit)
#12 515.1 npm http cache https://cdn.npmmirror.com/packages/semver/7.8.2/semver-7.8.2.tgz 32954ms (cache hit)
#12 515.1 npm warn deprecated acorn-import-assertions@1.9.0: package has been renamed to acorn-import-attributes
#12 515.1 npm warn deprecated acorn-import-assertions@1.9.0: package has been renamed to acorn-import-attributes
#12 515.1 npm http cache https://cdn.npmmirror.com/packages/import-in-the-middle/1.7.1/import-in-the-middle-1.7.1.tgz 32987ms (cache hit)
#12 515.2 npm http cache https://cdn.npmmirror.com/packages/semver/7.8.2/semver-7.8.2.tgz 33050ms (cache hit)
#12 515.3 npm http fetch GET 200 https://cdn.npmmirror.com/packages/aws-sdk/2.1692.0/aws-sdk-2.1692.0.tgz 33236ms (cache miss)
#12 515.4 npm http cache https://cdn.npmmirror.com/packages/%40opentelemetry/instrumentation/0.46.0/instrumentation-0.46.0.tgz 33224ms (cache hit)
#12 515.4 npm http cache https://cdn.npmmirror.com/packages/%40opentelemetry/instrumentation/0.46.0/instrumentation-0.46.0.tgz 33235ms (cache hit)
#12 515.4 npm http cache https://cdn.npmmirror.com/packages/%40opentelemetry/instrumentation/0.46.0/instrumentation-0.46.0.tgz 33246ms (cache hit)
#12 515.4 npm http cache https://cdn.npmmirror.com/packages/%40opentelemetry/instrumentation/0.46.0/instrumentation-0.46.0.tgz 33254ms (cache hit)
#12 515.5 npm http cache https://cdn.npmmirror.com/packages/semver/7.8.2/semver-7.8.2.tgz 33327ms (cache hit)
#12 515.5 npm http cache https://cdn.npmmirror.com/packages/import-in-the-middle/1.7.1/import-in-the-middle-1.7.1.tgz 33354ms (cache hit)
#12 515.5 npm http cache https://cdn.npmmirror.com/packages/acorn-import-assertions/1.9.0/acorn-import-assertions-1.9.0.tgz 33392ms (cache hit)
#12 515.5 npm warn deprecated acorn-import-assertions@1.9.0: package has been renamed to acorn-import-attributes
#12 515.6 npm http cache https://cdn.npmmirror.com/packages/%40opentelemetry/instrumentation/0.46.0/instrumentation-0.46.0.tgz 33444ms (cache hit)
#12 515.6 npm http cache https://cdn.npmmirror.com/packages/%40opentelemetry/instrumentation/0.45.1/instrumentation-0.45.1.tgz 33471ms (cache hit)
#12 515.7 npm http fetch GET 200 https://cdn.npmmirror.com/packages/%40opentelemetry/semantic-conventions/1.17.1/semantic-conventions-1.17.1.tgz 33596ms (cache miss)
#12 515.8 npm http cache https://cdn.npmmirror.com/packages/import-in-the-middle/1.7.1/import-in-the-middle-1.7.1.tgz 33701ms (cache hit)
#12 515.9 npm http cache https://cdn.npmmirror.com/packages/%40opentelemetry/semantic-conventions/1.17.1/semantic-conventions-1.17.1.tgz 33734ms (cache hit)
#12 515.9 npm http cache https://cdn.npmmirror.com/packages/semver/7.8.2/semver-7.8.2.tgz 33749ms (cache hit)
#12 515.9 npm http cache https://cdn.npmmirror.com/packages/acorn-import-assertions/1.9.0/acorn-import-assertions-1.9.0.tgz 33755ms (cache hit)
#12 515.9 npm http cache https://cdn.npmmirror.com/packages/%40opentelemetry/instrumentation/0.46.0/instrumentation-0.46.0.tgz 33761ms (cache hit)
#12 515.9 npm warn deprecated acorn-import-assertions@1.9.0: package has been renamed to acorn-import-attributes
#12 516.1 npm http cache https://cdn.npmmirror.com/packages/semver/7.8.2/semver-7.8.2.tgz 33965ms (cache hit)
#12 516.1 npm http cache https://cdn.npmmirror.com/packages/semver/7.8.2/semver-7.8.2.tgz 33977ms (cache hit)
#12 516.1 npm http cache https://cdn.npmmirror.com/packages/import-in-the-middle/1.7.1/import-in-the-middle-1.7.1.tgz 33990ms (cache hit)
#12 516.1 npm http cache https://cdn.npmmirror.com/packages/semver/7.8.2/semver-7.8.2.tgz 33993ms (cache hit)
#12 516.2 npm http cache https://cdn.npmmirror.com/packages/acorn-import-assertions/1.9.0/acorn-import-assertions-1.9.0.tgz 34065ms (cache hit)
#12 516.2 npm warn deprecated acorn-import-assertions@1.9.0: package has been renamed to acorn-import-attributes
#12 516.2 npm http cache https://cdn.npmmirror.com/packages/acorn-import-assertions/1.9.0/acorn-import-assertions-1.9.0.tgz 34081ms (cache hit)
#12 516.2 npm warn deprecated acorn-import-assertions@1.9.0: package has been renamed to acorn-import-attributes
#12 516.2 npm http cache https://cdn.npmmirror.com/packages/%40opentelemetry/instrumentation/0.46.0/instrumentation-0.46.0.tgz 34096ms (cache hit)
#12 516.2 npm http cache https://cdn.npmmirror.com/packages/%40opentelemetry/instrumentation/0.46.0/instrumentation-0.46.0.tgz 34097ms (cache hit)
#12 516.3 npm http cache https://cdn.npmmirror.com/packages/acorn-import-assertions/1.9.0/acorn-import-assertions-1.9.0.tgz 34178ms (cache hit)
#12 516.3 npm warn deprecated acorn-import-assertions@1.9.0: package has been renamed to acorn-import-attributes
#12 516.4 npm http fetch GET 200 https://cdn.npmmirror.com/packages/%40opentelemetry/core/1.17.1/core-1.17.1.tgz 34233ms (cache miss)
#12 516.4 npm http fetch GET 200 https://cdn.npmmirror.com/packages/%40types/express/4.17.18/express-4.17.18.tgz 34240ms (cache miss)
#12 516.4 npm http cache https://cdn.npmmirror.com/packages/%40opentelemetry/instrumentation/0.45.1/instrumentation-0.45.1.tgz 34272ms (cache hit)
#12 516.4 npm http cache https://cdn.npmmirror.com/packages/import-in-the-middle/1.7.1/import-in-the-middle-1.7.1.tgz 34302ms (cache hit)
#12 516.5 npm http cache https://cdn.npmmirror.com/packages/semver/7.8.2/semver-7.8.2.tgz 34311ms (cache hit)
#12 516.6 npm http cache https://cdn.npmmirror.com/packages/%40opentelemetry/instrumentation/0.46.0/instrumentation-0.46.0.tgz 34452ms (cache hit)
#12 516.7 npm http cache https://cdn.npmmirror.com/packages/acorn-import-assertions/1.9.0/acorn-import-assertions-1.9.0.tgz 34533ms (cache hit)
#12 516.7 npm warn deprecated acorn-import-assertions@1.9.0: package has been renamed to acorn-import-attributes
#12 516.8 npm http cache https://cdn.npmmirror.com/packages/import-in-the-middle/1.7.1/import-in-the-middle-1.7.1.tgz 34606ms (cache hit)
#12 516.8 npm http cache https://cdn.npmmirror.com/packages/semver/7.8.2/semver-7.8.2.tgz 34607ms (cache hit)
#12 516.8 npm http cache https://cdn.npmmirror.com/packages/semver/7.8.2/semver-7.8.2.tgz 34611ms (cache hit)
#12 516.8 npm http cache https://cdn.npmmirror.com/packages/import-in-the-middle/1.7.1/import-in-the-middle-1.7.1.tgz 34632ms (cache hit)
#12 516.8 npm http cache https://cdn.npmmirror.com/packages/%40opentelemetry/instrumentation/0.45.1/instrumentation-0.45.1.tgz 34647ms (cache hit)
#12 516.9 npm http cache https://cdn.npmmirror.com/packages/%40opentelemetry/instrumentation/0.46.0/instrumentation-0.46.0.tgz 34768ms (cache hit)
#12 517.0 npm http cache https://cdn.npmmirror.com/packages/acorn-import-assertions/1.9.0/acorn-import-assertions-1.9.0.tgz 34868ms (cache hit)
#12 517.0 npm warn deprecated acorn-import-assertions@1.9.0: package has been renamed to acorn-import-attributes
#12 517.1 npm http cache https://cdn.npmmirror.com/packages/acorn-import-assertions/1.9.0/acorn-import-assertions-1.9.0.tgz 34933ms (cache hit)
#12 517.1 npm http cache https://cdn.npmmirror.com/packages/semver/7.8.2/semver-7.8.2.tgz 34936ms (cache hit)
#12 517.1 npm warn deprecated acorn-import-assertions@1.9.0: package has been renamed to acorn-import-attributes
#12 517.1 npm http cache https://cdn.npmmirror.com/packages/%40opentelemetry/instrumentation/0.45.1/instrumentation-0.45.1.tgz 34956ms (cache hit)
#12 517.1 npm http cache https://cdn.npmmirror.com/packages/import-in-the-middle/1.7.1/import-in-the-middle-1.7.1.tgz 34965ms (cache hit)
#12 517.3 npm http cache https://cdn.npmmirror.com/packages/%40opentelemetry/instrumentation/0.46.0/instrumentation-0.46.0.tgz 35125ms (cache hit)
#12 517.6 npm http cache https://cdn.npmmirror.com/packages/import-in-the-middle/1.7.1/import-in-the-middle-1.7.1.tgz 35467ms (cache hit)
#12 517.6 npm http cache https://cdn.npmmirror.com/packages/%40opentelemetry/instrumentation/0.46.0/instrumentation-0.46.0.tgz 35470ms (cache hit)
#12 517.6 npm http cache https://cdn.npmmirror.com/packages/acorn-import-assertions/1.9.0/acorn-import-assertions-1.9.0.tgz 35471ms (cache hit)
#12 517.6 npm http cache https://cdn.npmmirror.com/packages/%40opentelemetry/instrumentation/0.46.0/instrumentation-0.46.0.tgz 35480ms (cache hit)
#12 517.6 npm warn deprecated acorn-import-assertions@1.9.0: package has been renamed to acorn-import-attributes
#12 517.7 npm http cache https://cdn.npmmirror.com/packages/semver/7.8.2/semver-7.8.2.tgz 35514ms (cache hit)
#12 517.7 npm http cache https://cdn.npmmirror.com/packages/semver/7.8.2/semver-7.8.2.tgz 35562ms (cache hit)
#12 517.8 npm http fetch GET 200 https://cdn.npmmirror.com/packages/xml-crypto/6.1.2/xml-crypto-6.1.2.tgz 35600ms (cache miss)
#12 518.0 npm http cache https://cdn.npmmirror.com/packages/import-in-the-middle/1.7.1/import-in-the-middle-1.7.1.tgz 35808ms (cache hit)
#12 518.0 npm http cache https://cdn.npmmirror.com/packages/https-proxy-agent/5.0.1/https-proxy-agent-5.0.1.tgz 35827ms (cache hit)
#12 518.0 npm http fetch GET 200 https://cdn.npmmirror.com/packages/%40xmldom/xmldom/0.8.13/xmldom-0.8.13.tgz 35862ms (cache miss)
#12 518.0 npm http cache https://cdn.npmmirror.com/packages/agent-base/6.0.2/agent-base-6.0.2.tgz 35867ms (cache hit)
#12 518.1 npm http fetch GET 200 https://cdn.npmmirror.com/packages/mime-types/3.0.2/mime-types-3.0.2.tgz 35954ms (cache miss)
#12 518.1 npm http fetch GET 200 https://cdn.npmmirror.com/packages/%40xmldom/xmldom/0.8.13/xmldom-0.8.13.tgz 35970ms (cache miss)
#12 518.1 npm http fetch GET 200 https://cdn.npmmirror.com/packages/xpath/0.0.32/xpath-0.0.32.tgz 35972ms (cache miss)
#12 518.2 npm http fetch GET 200 https://cdn.npmmirror.com/packages/xpath/0.0.33/xpath-0.0.33.tgz 35998ms (cache miss)
#12 518.2 npm http fetch GET 200 https://cdn.npmmirror.com/packages/lru-cache/6.0.0/lru-cache-6.0.0.tgz 36044ms (cache miss)
#12 518.3 npm http cache https://cdn.npmmirror.com/packages/semver/7.8.2/semver-7.8.2.tgz 36106ms (cache hit)
#12 518.3 npm http cache https://cdn.npmmirror.com/packages/https-proxy-agent/5.0.1/https-proxy-agent-5.0.1.tgz 36137ms (cache hit)
#12 518.3 npm http cache https://cdn.npmmirror.com/packages/sprintf-js/1.0.3/sprintf-js-1.0.3.tgz 36173ms (cache hit)
#12 518.4 npm http cache https://cdn.npmmirror.com/packages/agent-base/6.0.2/agent-base-6.0.2.tgz 36218ms (cache hit)
#12 518.4 npm http fetch GET 200 https://cdn.npmmirror.com/packages/ws/1.1.5/ws-1.1.5.tgz 36281ms (cache miss)
#12 518.4 npm http cache https://cdn.npmmirror.com/packages/semver/7.8.2/semver-7.8.2.tgz 36294ms (cache hit)
#12 518.5 npm http fetch GET 200 https://cdn.npmmirror.com/packages/rimraf/2.6.3/rimraf-2.6.3.tgz 36307ms (cache miss)
#12 518.5 npm warn deprecated rimraf@2.6.3: Rimraf versions prior to v4 are no longer supported
#12 518.5 npm http fetch GET 200 https://cdn.npmmirror.com/packages/media-typer/0.3.0/media-typer-0.3.0.tgz 36346ms (cache miss)
#12 518.5 npm http fetch GET 200 https://cdn.npmmirror.com/packages/type-is/1.6.18/type-is-1.6.18.tgz 36345ms (cache miss)
#12 518.5 npm http fetch GET 200 https://cdn.npmmirror.com/packages/raw-body/2.5.2/raw-body-2.5.2.tgz 36346ms (cache miss)
#12 518.5 npm http fetch GET 200 https://cdn.npmmirror.com/packages/path-to-regexp/3.3.0/path-to-regexp-3.3.0.tgz 36346ms (cache miss)
#12 518.6 npm http cache https://cdn.npmmirror.com/packages/js-yaml/3.14.2/js-yaml-3.14.2.tgz 36476ms (cache hit)
#12 518.7 npm http cache https://cdn.npmmirror.com/packages/debug/3.2.7/debug-3.2.7.tgz 36575ms (cache hit)
#12 518.8 npm http cache https://cdn.npmmirror.com/packages/b4a/1.8.1/b4a-1.8.1.tgz 36648ms (cache hit)
#12 518.8 npm http cache https://cdn.npmmirror.com/packages/semver/7.8.2/semver-7.8.2.tgz 36691ms (cache hit)
#12 518.8 npm http fetch GET 200 https://cdn.npmmirror.com/packages/commander/2.11.0/commander-2.11.0.tgz 36693ms (cache miss)
#12 518.9 npm http fetch GET 200 https://cdn.npmmirror.com/packages/pg-connection-string/2.13.0/pg-connection-string-2.13.0.tgz 36704ms (cache miss)
#12 518.9 npm http fetch GET 200 https://cdn.npmmirror.com/packages/body-parser/1.20.3/body-parser-1.20.3.tgz 36705ms (cache miss)
#12 518.9 npm http fetch GET 200 https://cdn.npmmirror.com/packages/multer/2.0.2/multer-2.0.2.tgz 36707ms (cache miss)
#12 518.9 npm http fetch GET 200 https://cdn.npmmirror.com/packages/commander/10.0.1/commander-10.0.1.tgz 36712ms (cache miss)
#12 518.9 npm http fetch GET 200 https://cdn.npmmirror.com/packages/resolve-from/5.0.0/resolve-from-5.0.0.tgz 36721ms (cache miss)
#12 518.9 npm http fetch GET 200 https://cdn.npmmirror.com/packages/async/2.6.4/async-2.6.4.tgz 36789ms (cache miss)
#12 519.0 npm http fetch GET 200 https://cdn.npmmirror.com/packages/chownr/1.1.4/chownr-1.1.4.tgz 36876ms (cache miss)
#12 519.0 npm http fetch GET 200 https://cdn.npmmirror.com/packages/mime-db/1.52.0/mime-db-1.52.0.tgz 36884ms (cache miss)
#12 519.1 npm http fetch GET 200 https://cdn.npmmirror.com/packages/tar-fs/2.1.4/tar-fs-2.1.4.tgz 36936ms (cache miss)
#12 519.1 npm http cache https://cdn.npmmirror.com/packages/semver/7.8.2/semver-7.8.2.tgz 36966ms (cache hit)
#12 519.1 npm http fetch GET 200 https://cdn.npmmirror.com/packages/p-map/2.1.0/p-map-2.1.0.tgz 36970ms (cache miss)
#12 519.2 npm http fetch GET 200 https://cdn.npmmirror.com/packages/semver/5.7.2/semver-5.7.2.tgz 37065ms (cache miss)
#12 519.2 npm http fetch GET 200 https://cdn.npmmirror.com/packages/%40grpc/proto-loader/0.7.15/proto-loader-0.7.15.tgz 37074ms (cache miss)
#12 519.3 npm http cache https://cdn.npmmirror.com/packages/uuid/8.3.2/uuid-8.3.2.tgz 37098ms (cache hit)
#12 519.3 npm http fetch GET 200 https://cdn.npmmirror.com/packages/url/0.10.3/url-0.10.3.tgz 37100ms (cache miss)
#12 519.3 npm http fetch GET 200 https://cdn.npmmirror.com/packages/uuid/10.0.0/uuid-10.0.0.tgz 37125ms (cache miss)
#12 519.3 npm http fetch GET 200 https://cdn.npmmirror.com/packages/events/1.1.1/events-1.1.1.tgz 37179ms (cache miss)
#12 519.4 npm http cache https://cdn.npmmirror.com/packages/safe-buffer/5.2.1/safe-buffer-5.2.1.tgz 37201ms (cache hit)
#12 519.5 npm http cache https://cdn.npmmirror.com/packages/semver/7.8.2/semver-7.8.2.tgz 37294ms (cache hit)
#12 519.5 npm http cache https://cdn.npmmirror.com/packages/%40opentelemetry/semantic-conventions/1.15.2/semantic-conventions-1.15.2.tgz 37327ms (cache hit)
#12 519.5 npm http cache https://cdn.npmmirror.com/packages/%40opentelemetry/sdk-metrics/1.15.2/sdk-metrics-1.15.2.tgz 37335ms (cache hit)
#12 519.5 npm http fetch GET 200 https://cdn.npmmirror.com/packages/qs/6.13.0/qs-6.13.0.tgz 37353ms (cache miss)
#12 519.5 npm http fetch GET 200 https://cdn.npmmirror.com/packages/negotiator/0.6.4/negotiator-0.6.4.tgz 37350ms (cache miss)
#12 519.5 npm http cache https://cdn.npmmirror.com/packages/%40opentelemetry/resources/1.15.2/resources-1.15.2.tgz 37357ms (cache hit)
#12 519.5 npm http fetch GET 200 https://cdn.npmmirror.com/packages/%40google-cloud/paginator/3.0.7/paginator-3.0.7.tgz 37361ms (cache miss)
#12 519.6 npm http cache https://cdn.npmmirror.com/packages/%40opentelemetry/core/1.30.1/core-1.30.1.tgz 37414ms (cache hit)
#12 519.6 npm http fetch GET 200 https://cdn.npmmirror.com/packages/uuid/8.0.0/uuid-8.0.0.tgz 37479ms (cache miss)
#12 519.7 npm http cache https://cdn.npmmirror.com/packages/%40opentelemetry/semantic-conventions/1.28.0/semantic-conventions-1.28.0.tgz 37515ms (cache hit)
#12 519.8 npm http cache https://cdn.npmmirror.com/packages/semver/7.8.2/semver-7.8.2.tgz 37624ms (cache hit)
#12 519.9 npm http cache https://cdn.npmmirror.com/packages/%40opentelemetry/semantic-conventions/1.15.2/semantic-conventions-1.15.2.tgz 37701ms (cache hit)
#12 520.0 npm http fetch GET 200 https://cdn.npmmirror.com/packages/%40opentelemetry/context-async-hooks/1.17.1/context-async-hooks-1.17.1.tgz 37792ms (cache miss)
#12 520.2 npm http cache https://cdn.npmmirror.com/packages/%40opentelemetry/semantic-conventions/1.17.1/semantic-conventions-1.17.1.tgz 38010ms (cache hit)
#12 520.2 npm http fetch GET 200 https://cdn.npmmirror.com/packages/punycode/1.3.2/punycode-1.3.2.tgz 38021ms (cache miss)
#12 520.2 npm http cache https://cdn.npmmirror.com/packages/%40opentelemetry/resources/1.15.2/resources-1.15.2.tgz 38023ms (cache hit)
#12 520.3 npm http fetch GET 200 https://cdn.npmmirror.com/packages/%40opentelemetry/instrumentation/0.41.2/instrumentation-0.41.2.tgz 38090ms (cache miss)
#12 520.3 npm http fetch GET 200 https://cdn.npmmirror.com/packages/%40opentelemetry/sdk-trace-node/1.17.1/sdk-trace-node-1.17.1.tgz 38120ms (cache miss)
#12 520.3 npm http fetch GET 200 https://cdn.npmmirror.com/packages/tar-stream/3.2.0/tar-stream-3.2.0.tgz 38181ms (cache miss)
#12 520.4 npm http fetch GET 200 https://cdn.npmmirror.com/packages/%40opentelemetry/otlp-grpc-exporter-base/0.44.0/otlp-grpc-exporter-base-0.44.0.tgz 38211ms (cache miss)
#12 520.5 npm http fetch GET 200 https://cdn.npmmirror.com/packages/%40opentelemetry/exporter-trace-otlp-grpc/0.44.0/exporter-trace-otlp-grpc-0.44.0.tgz 38305ms (cache miss)
#12 520.7 npm http cache https://cdn.npmmirror.com/packages/%40opentelemetry/core/1.17.1/core-1.17.1.tgz 38483ms (cache hit)
#12 520.7 npm http fetch GET 200 https://cdn.npmmirror.com/packages/%40opentelemetry/exporter-trace-otlp-http/0.44.0/exporter-trace-otlp-http-0.44.0.tgz 38509ms (cache miss)
#12 520.7 npm http fetch GET 200 https://cdn.npmmirror.com/packages/%40opentelemetry/otlp-exporter-base/0.44.0/otlp-exporter-base-0.44.0.tgz 38577ms (cache miss)
#12 520.8 npm http cache https://cdn.npmmirror.com/packages/xpath/0.0.32/xpath-0.0.32.tgz 38591ms (cache hit)
#12 520.8 npm http fetch GET 200 https://cdn.npmmirror.com/packages/%40opentelemetry/otlp-transformer/0.44.0/otlp-transformer-0.44.0.tgz 38635ms (cache miss)
#12 520.8 npm http fetch GET 200 https://cdn.npmmirror.com/packages/%40opentelemetry/propagator-jaeger/1.17.1/propagator-jaeger-1.17.1.tgz 38643ms (cache miss)
#12 520.8 npm http cache https://cdn.npmmirror.com/packages/safe-buffer/5.2.1/safe-buffer-5.2.1.tgz 38642ms (cache hit)
#12 520.8 npm http fetch GET 200 https://cdn.npmmirror.com/packages/%40opentelemetry/exporter-trace-otlp-proto/0.44.0/exporter-trace-otlp-proto-0.44.0.tgz 38680ms (cache miss)
#12 520.9 npm http fetch GET 200 https://cdn.npmmirror.com/packages/%40opentelemetry/sdk-node/0.44.0/sdk-node-0.44.0.tgz 38695ms (cache miss)
#12 520.9 npm http fetch GET 200 https://cdn.npmmirror.com/packages/universalify/0.2.0/universalify-0.2.0.tgz 38743ms (cache miss)
#12 520.9 npm http fetch GET 200 https://cdn.npmmirror.com/packages/is-plain-object/5.0.0/is-plain-object-5.0.0.tgz 38745ms (cache miss)
#12 520.9 npm http cache https://cdn.npmmirror.com/packages/form-data/2.5.5/form-data-2.5.5.tgz 38746ms (cache hit)
#12 520.9 npm http cache https://cdn.npmmirror.com/packages/punycode/2.3.1/punycode-2.3.1.tgz 38761ms (cache hit)
#12 520.9 npm http fetch GET 200 https://cdn.npmmirror.com/packages/uuid/3.4.0/uuid-3.4.0.tgz 38763ms (cache miss)
#12 520.9 npm warn deprecated uuid@3.4.0: Please upgrade  to version 7 or higher.  Older versions may use Math.random() in certain circumstances, which is known to be problematic.  See https://v8.dev/blog/math-random for details.
#12 521.0 npm http fetch GET 200 https://cdn.npmmirror.com/packages/%40opentelemetry/propagator-b3/1.17.1/propagator-b3-1.17.1.tgz 38814ms (cache miss)
#12 521.0 npm http fetch GET 200 https://cdn.npmmirror.com/packages/jsprim/1.4.2/jsprim-1.4.2.tgz 38827ms (cache miss)
#12 521.0 npm http fetch GET 200 https://cdn.npmmirror.com/packages/http-signature/1.2.0/http-signature-1.2.0.tgz 38836ms (cache miss)
#12 521.0 npm http fetch GET 200 https://cdn.npmmirror.com/packages/xmlbuilder/11.0.1/xmlbuilder-11.0.1.tgz 38856ms (cache miss)
#12 521.0 npm http fetch GET 200 https://cdn.npmmirror.com/packages/%40opentelemetry/otlp-proto-exporter-base/0.44.0/otlp-proto-exporter-base-0.44.0.tgz 38884ms (cache miss)
#12 521.1 npm warn deprecated @opentelemetry/otlp-proto-exporter-base@0.44.0: Package no longer supported. Contact Support at https://www.npmjs.com/support for more info.
#12 521.1 npm http fetch GET 200 https://cdn.npmmirror.com/packages/%40opentelemetry/exporter-jaeger/1.17.1/exporter-jaeger-1.17.1.tgz 38886ms (cache miss)
#12 521.1 npm warn deprecated @opentelemetry/exporter-jaeger@1.17.1: Package no longer supported. Contact Support at https://www.npmjs.com/support for more info.
#12 521.1 npm http fetch GET 200 https://cdn.npmmirror.com/packages/webidl-conversions/3.0.1/webidl-conversions-3.0.1.tgz 38897ms (cache miss)
#12 521.1 npm http fetch GET 200 https://cdn.npmmirror.com/packages/react-is/16.13.1/react-is-16.13.1.tgz 38912ms (cache miss)
#12 521.1 npm http fetch GET 200 https://cdn.npmmirror.com/packages/tough-cookie/5.1.2/tough-cookie-5.1.2.tgz 38924ms (cache miss)
#12 521.2 npm http fetch GET 200 https://cdn.npmmirror.com/packages/tr46/0.0.3/tr46-0.0.3.tgz 39002ms (cache miss)
#12 521.2 npm http fetch GET 200 https://cdn.npmmirror.com/packages/p-timeout/6.1.4/p-timeout-6.1.4.tgz 39015ms (cache miss)
#12 521.2 npm http cache https://cdn.npmmirror.com/packages/type-is/1.6.18/type-is-1.6.18.tgz 39032ms (cache hit)
#12 521.2 npm http cache https://cdn.npmmirror.com/packages/media-typer/0.3.0/media-typer-0.3.0.tgz 39032ms (cache hit)
#12 521.2 npm http cache https://cdn.npmmirror.com/packages/commander/2.20.3/commander-2.20.3.tgz 39060ms (cache hit)
#12 521.3 npm http cache https://cdn.npmmirror.com/packages/brace-expansion/1.1.15/brace-expansion-1.1.15.tgz 39105ms (cache hit)
#12 521.3 npm http fetch GET 200 https://cdn.npmmirror.com/packages/arrify/1.0.1/arrify-1.0.1.tgz 39107ms (cache miss)
#12 521.3 npm http fetch GET 200 https://cdn.npmmirror.com/packages/whatwg-url/5.0.0/whatwg-url-5.0.0.tgz 39123ms (cache miss)
#12 521.3 npm http cache https://cdn.npmmirror.com/packages/safe-buffer/5.2.1/safe-buffer-5.2.1.tgz 39143ms (cache hit)
#12 521.4 npm http cache https://cdn.npmmirror.com/packages/minimatch/3.1.5/minimatch-3.1.5.tgz 39182ms (cache hit)
#12 521.4 npm http fetch GET 200 https://cdn.npmmirror.com/packages/%40opentelemetry/exporter-zipkin/1.17.1/exporter-zipkin-1.17.1.tgz 39214ms (cache miss)
#12 521.4 npm http fetch GET 200 https://cdn.npmmirror.com/packages/cookie-signature/1.0.7/cookie-signature-1.0.7.tgz 39236ms (cache miss)
#12 521.5 npm http cache https://cdn.npmmirror.com/packages/debug/3.2.7/debug-3.2.7.tgz 39338ms (cache hit)
#12 521.5 npm http fetch GET 200 https://cdn.npmmirror.com/packages/qs/6.5.5/qs-6.5.5.tgz 39346ms (cache miss)
#12 521.5 npm http fetch GET 200 https://cdn.npmmirror.com/packages/cookie/0.3.1/cookie-0.3.1.tgz 39365ms (cache miss)
#12 521.5 npm http fetch GET 200 https://cdn.npmmirror.com/packages/cookie/0.7.2/cookie-0.7.2.tgz 39367ms (cache miss)
#12 521.6 npm http fetch GET 200 https://cdn.npmmirror.com/packages/%40opentelemetry/api-logs/0.44.0/api-logs-0.44.0.tgz 39389ms (cache miss)
#12 521.6 npm http cache https://cdn.npmmirror.com/packages/media-typer/0.3.0/media-typer-0.3.0.tgz 39397ms (cache hit)
#12 521.6 npm http cache https://cdn.npmmirror.com/packages/type-is/1.6.18/type-is-1.6.18.tgz 39413ms (cache hit)
#12 521.6 npm http fetch GET 200 https://cdn.npmmirror.com/packages/%40opentelemetry/sdk-logs/0.44.0/sdk-logs-0.44.0.tgz 39436ms (cache miss)
#12 521.6 npm http fetch GET 200 https://cdn.npmmirror.com/packages/%40opentelemetry/sdk-trace-base/1.17.1/sdk-trace-base-1.17.1.tgz 39458ms (cache miss)
#12 521.7 npm http cache https://cdn.npmmirror.com/packages/safe-buffer/5.2.1/safe-buffer-5.2.1.tgz 39505ms (cache hit)
#12 521.8 npm http cache https://cdn.npmmirror.com/packages/cookie-signature/1.0.7/cookie-signature-1.0.7.tgz 39589ms (cache hit)
#12 521.8 npm http fetch GET 200 https://cdn.npmmirror.com/packages/commander/5.1.0/commander-5.1.0.tgz 39600ms (cache miss)
#12 521.8 npm http cache https://cdn.npmmirror.com/packages/cookie/0.7.2/cookie-0.7.2.tgz 39645ms (cache hit)
#12 521.9 npm http fetch GET 200 https://cdn.npmmirror.com/packages/toidentifier/1.0.0/toidentifier-1.0.0.tgz 39698ms (cache miss)
#12 521.9 npm http fetch GET 200 https://cdn.npmmirror.com/packages/depd/1.1.2/depd-1.1.2.tgz 39711ms (cache miss)
#12 521.9 npm http fetch GET 200 https://cdn.npmmirror.com/packages/http-errors/1.7.3/http-errors-1.7.3.tgz 39712ms (cache miss)
#12 521.9 npm http fetch GET 200 https://cdn.npmmirror.com/packages/cookie-signature/1.0.6/cookie-signature-1.0.6.tgz 39744ms (cache miss)
#12 522.0 npm http cache https://cdn.npmmirror.com/packages/semver/7.8.2/semver-7.8.2.tgz 39779ms (cache hit)
#12 522.0 npm http cache https://cdn.npmmirror.com/packages/safe-buffer/5.2.1/safe-buffer-5.2.1.tgz 39781ms (cache hit)
#12 522.0 npm http fetch GET 200 https://cdn.npmmirror.com/packages/cookie/0.4.1/cookie-0.4.1.tgz 39826ms (cache miss)
#12 522.2 npm http fetch GET 200 https://cdn.npmmirror.com/packages/%40opentelemetry/resources/1.17.1/resources-1.17.1.tgz 40012ms (cache miss)
#12 522.3 npm http fetch GET 200 https://cdn.npmmirror.com/packages/setprototypeof/1.1.1/setprototypeof-1.1.1.tgz 40146ms (cache miss)
#12 522.3 npm http cache https://cdn.npmmirror.com/packages/media-typer/0.3.0/media-typer-0.3.0.tgz 40145ms (cache hit)
#12 522.3 npm http cache https://cdn.npmmirror.com/packages/lru-cache/10.4.3/lru-cache-10.4.3.tgz 40149ms (cache hit)
#12 522.3 npm http cache https://cdn.npmmirror.com/packages/cookie-signature/1.0.6/cookie-signature-1.0.6.tgz 40149ms (cache hit)
#12 522.3 npm http cache https://cdn.npmmirror.com/packages/type-is/1.6.18/type-is-1.6.18.tgz 40149ms (cache hit)
#12 522.3 npm http cache https://cdn.npmmirror.com/packages/uuid/8.3.2/uuid-8.3.2.tgz 40151ms (cache hit)
#12 522.4 npm http cache https://cdn.npmmirror.com/packages/semver/7.8.2/semver-7.8.2.tgz 40168ms (cache hit)
#12 522.4 npm http fetch GET 200 https://cdn.npmmirror.com/packages/underscore/1.12.1/underscore-1.12.1.tgz 40180ms (cache miss)
#12 522.5 npm http fetch GET 200 https://cdn.npmmirror.com/packages/%40opentelemetry/sdk-metrics/1.17.1/sdk-metrics-1.17.1.tgz 40341ms (cache miss)
#12 522.7 npm http fetch GET 200 https://cdn.npmmirror.com/packages/open/7.4.2/open-7.4.2.tgz 40470ms (cache miss)
#12 522.7 npm http cache https://cdn.npmmirror.com/packages/yaml/2.9.0/yaml-2.9.0.tgz 40476ms (cache hit)
#12 522.7 npm http fetch GET 200 https://cdn.npmmirror.com/packages/cookie/0.4.0/cookie-0.4.0.tgz 40485ms (cache miss)
#12 522.7 npm http fetch GET 200 https://cdn.npmmirror.com/packages/nanoid/3.3.12/nanoid-3.3.12.tgz 40496ms (cache miss)
#12 522.7 npm http fetch GET 200 https://cdn.npmmirror.com/packages/passport/0.7.0/passport-0.7.0.tgz 40506ms (cache miss)
#12 522.7 npm http fetch GET 200 https://cdn.npmmirror.com/packages/fs-extra/10.1.0/fs-extra-10.1.0.tgz 40534ms (cache miss)
#12 522.7 npm http cache https://cdn.npmmirror.com/packages/semver/7.8.2/semver-7.8.2.tgz 40548ms (cache hit)
#12 522.8 npm http fetch GET 200 https://cdn.npmmirror.com/packages/ci-info/3.9.0/ci-info-3.9.0.tgz 40574ms (cache miss)
#12 522.9 npm http fetch GET 200 https://cdn.npmmirror.com/packages/statuses/1.5.0/statuses-1.5.0.tgz 40670ms (cache miss)
#12 523.2 npm http fetch GET 200 https://cdn.npmmirror.com/packages/lodash/4.17.23/lodash-4.17.23.tgz 41030ms (cache miss)
#12 523.3 npm http fetch GET 200 https://cdn.npmmirror.com/packages/%40phosphor-icons/react/2.1.10/react-2.1.10.tgz 41209ms (cache miss)
#12 523.5 npm info run bcrypt@5.1.1 install node_modules/bcrypt node-pre-gyp install --fallback-to-build
#12 523.5 npm info run cpu-features@0.0.10 install node_modules/cpu-features node buildcheck.js > buildcheck.gypi && node-gyp rebuild
#12 523.5 npm info run dtrace-provider@0.8.8 install node_modules/dtrace-provider node-gyp rebuild || node suppress-error.js
#12 523.5 npm info run mmmagic@0.5.3 install node_modules/mmmagic node-gyp rebuild
#12 523.5 npm info run msgpackr-extract@3.0.4 install node_modules/msgpackr-extract node-gyp-build-optional-packages
#12 523.6 npm info run ssh2@1.17.0 install node_modules/ssh2 node install.js
#12 523.6 npm info run utf-8-validate@5.0.10 install node_modules/utf-8-validate node-gyp-build
#12 523.8 npm info run utf-8-validate@5.0.10 install { code: 0, signal: null }
#12 523.8 npm info run msgpackr-extract@3.0.4 install { code: 0, signal: null }
#12 539.9 npm info run bcrypt@5.1.1 install { code: 0, signal: null }
#12 543.7 npm info run cpu-features@0.0.10 install { code: 0, signal: null }
#12 544.1 npm info run mmmagic@0.5.3 install { code: 0, signal: null }
#12 545.5 npm info run dtrace-provider@0.8.8 install { code: 0, signal: null }
#12 547.5 npm info run ssh2@1.17.0 install { code: 0, signal: null }
#12 547.5 npm info run aws-sdk@2.1692.0 postinstall node_modules/aws-sdk node scripts/warn-maintenance-mode.js
#12 547.5 npm info run core-js-pure@3.49.0 postinstall node_modules/core-js-pure node -e "try{require('./postinstall')}catch(e){}"
#12 547.5 npm info run protobufjs@7.6.2 postinstall node_modules/protobufjs node scripts/postinstall
#12 547.5 npm info run core-js@2.6.12 postinstall node_modules/z-schema/node_modules/core-js node -e "try{require('./postinstall')}catch(e){}"
#12 547.5 npm info run aws-sdk@2.1692.0 postinstall { code: 0, signal: null }
#12 547.5 npm info run core-js-pure@3.49.0 postinstall { code: 0, signal: null }
#12 547.6 npm info run protobufjs@7.6.2 postinstall { code: 0, signal: null }
#12 547.6 npm info run core-js@2.6.12 postinstall { code: 0, signal: null }
#12 548.9 
#12 548.9 > postinstall
#12 548.9 > patch-package
#12 548.9 
#12 549.0 patch-package 8.0.1
#12 549.0 Applying patches...
#12 549.0 No patch files found
#12 549.0 
#12 549.0 added 1344 packages in 9m
#12 549.0 
#12 549.0 163 packages are looking for funding
#12 549.0   run `npm fund` for details
#12 549.0 npm verbose cwd /overleaf
#12 549.0 npm verbose os Linux 6.6.114.1-microsoft-standard-WSL2
#12 549.0 npm verbose node v22.22.3
#12 549.0 npm verbose npm  v10.9.8
#12 549.0 npm notice
#12 549.0 npm notice New major version of npm available! 10.9.8 -> 11.16.0
#12 549.0 npm notice Changelog: https://github.com/npm/cli/releases/tag/v11.16.0
#12 549.0 npm notice To update run: npm install -g npm@11.16.0
#12 549.0 npm notice
#12 549.0 npm verbose exit 0
#12 549.0 npm info ok
#12 549.2 + rm -f /tmp/install.sh
#12 DONE 549.7s

#13 [stage-0  9/38] COPY --parents libraries/ services/ tools/migrations/ /overleaf/
#13 DONE 2.6s

#14 [stage-0 10/38] RUN set -eux;     test -f /overleaf/services/web/app/views/user/restricted.pug;     sed -i 's#a(href="/").material-symbols(aria-hidden="true")#a.material-symbols(href="/", aria-hidden="true")#g'       /overleaf/services/web/app/views/user/restricted.pug;     echo "===== restricted.pug after patch =====";     grep -nE 'material-symbols|restricted_no_permission|take_me_home'       /overleaf/services/web/app/views/user/restricted.pug;     echo "===== infrastructure files =====";     ls -al /overleaf/services/web/app/src/infrastructure | head -80
#14 0.247 + test -f /overleaf/services/web/app/views/user/restricted.pug
#14 0.247 + sed -i s#a(href="/").material-symbols(aria-hidden="true")#a.material-symbols(href="/", aria-hidden="true")#g /overleaf/services/web/app/views/user/restricted.pug
#14 0.252 + echo ===== restricted.pug after patch =====
#14 0.252 + grep -nE material-symbols|restricted_no_permission|take_me_home /overleaf/services/web/app/views/user/restricted.pug
#14 0.252 ===== restricted.pug after patch =====
#14 0.254 9:						h2 #{translate("restricted_no_permission")}
#14 0.254 11:						span.inline-material-symbols
#14 0.254 12:							a.material-symbols(href="/", aria-hidden="true") arrow_left_alt
#14 0.254 13:							a(href="/") #{translate("take_me_home")}
#14 0.254 ===== infrastructure files =====
#14 0.254 + echo ===== infrastructure files =====
#14 0.255 + ls -al /overleaf/services/web/app/src/infrastructure
#14 0.255 + head -80
#14 0.259 total 204
#14 0.259 drwxr-xr-x 2 root root  4096 Jul 28  2025 .
#14 0.259 drwxr-xr-x 6 root root  4096 May 23  2025 ..
#14 0.259 -rw-r--r-- 1 root root   820 May 23  2025 BodyParserWrapper.js
#14 0.259 -rw-r--r-- 1 root root   957 May 23  2025 CookieMetrics.js
#14 0.259 -rw-r--r-- 1 root root  3631 May 23  2025 CSP.js
#14 0.259 -rw-r--r-- 1 root root  3508 May 23  2025 Csrf.js
#14 0.259 -rw-r--r-- 1 root root  5587 May 23  2025 CustomSessionStore.js
#14 0.259 -rw-r--r-- 1 root root 14207 May 23  2025 ExpressLocals.js
#14 0.259 -rw-r--r-- 1 root root  3739 Jul 28  2025 Features.js
#14 0.259 -rw-r--r-- 1 root root  5328 May 23  2025 FileWriter.js
#14 0.259 -rw-r--r-- 1 root root  2546 May 23  2025 GeoIpLookup.js
#14 0.259 -rw-r--r-- 1 root root  4377 May 23  2025 GracefulShutdown.js
#14 0.259 -rw-r--r-- 1 root root  2190 May 23  2025 HttpPermissionsPolicy.js
#14 0.259 -rw-r--r-- 1 root root   538 May 23  2025 JsonWebToken.js
#14 0.259 -rw-r--r-- 1 root root   266 May 23  2025 Keys.js
#14 0.259 -rw-r--r-- 1 root root  1068 May 23  2025 LockManager.js
#14 0.259 -rw-r--r-- 1 root root  1207 May 23  2025 LoggerSerializers.js
#14 0.259 -rw-r--r-- 1 root root   224 May 23  2025 Metrics.js
#14 0.259 -rw-r--r-- 1 root root  5873 May 23  2025 Modules.js
#14 0.259 -rw-r--r-- 1 root root  5587 May 23  2025 mongodb.js
#14 0.259 -rw-r--r-- 1 root root  1418 May 23  2025 Mongoose.js
#14 0.259 -rw-r--r-- 1 root root   233 May 23  2025 PackageVersions.js
#14 0.259 -rw-r--r-- 1 root root  3208 May 23  2025 Queues.js
#14 0.259 -rw-r--r-- 1 root root  3273 May 23  2025 QueueWorkers.js
#14 0.259 -rw-r--r-- 1 root root  4103 May 23  2025 RateLimiter.js
#14 0.259 -rw-r--r-- 1 root root  2176 May 23  2025 RedirectManager.js
#14 0.259 -rw-r--r-- 1 root root   931 May 23  2025 RedisWrapper.js
#14 0.259 -rw-r--r-- 1 root root    99 May 23  2025 RequestContentTypeDetection.js
#14 0.259 -rw-r--r-- 1 root root  1278 May 23  2025 Response.js
#14 0.259 -rw-r--r-- 1 root root 12084 May 23  2025 Server.mjs
#14 0.259 -rw-r--r-- 1 root root   980 May 23  2025 ServeStaticWrapper.mjs
#14 0.259 -rw-r--r-- 1 root root  3519 May 23  2025 SessionAutostartMiddleware.js
#14 0.259 -rw-r--r-- 1 root root  3007 May 23  2025 SiteAdminHandler.js
#14 0.259 -rw-r--r-- 1 root root  4711 May 23  2025 Translations.js
#14 0.259 -rw-r--r-- 1 root root   172 May 23  2025 types.ts
#14 0.259 -rw-r--r-- 1 root root  1327 May 23  2025 UnsupportedBrowserMiddleware.js
#14 0.259 -rw-r--r-- 1 root root   792 May 23  2025 Validation.js
#14 0.259 -rw-r--r-- 1 root root  6040 May 23  2025 Views.js
#14 DONE 0.3s

#15 [stage-0 11/38] COPY scripts/patch-pdfjs-worker-wasm.sh /usr/local/bin/patch-pdfjs-worker-wasm.sh
#15 DONE 0.1s

#16 [stage-0 12/38] RUN chmod +x /usr/local/bin/patch-pdfjs-worker-wasm.sh
#16 DONE 0.3s

#17 [stage-0 13/38] RUN --mount=type=cache,target=/root/.cache     --mount=type=cache,target=/root/.npm,id=server-ce-npm-cache     --mount=type=cache,target=/root/.yarn/berry/cache,id=server-ce-yarn-cache     --mount=type=cache,target=/usr/local/share/.cache/yarn,id=server-ce-yarn-fallback-cache     --mount=type=cache,target=/overleaf/services/web/node_modules/.cache,id=server-ce-webpack-cache     --mount=type=tmpfs,target=/tmp     set -eux;     node genScript compile > /tmp/compile.sh;     echo "===== generated compile script =====";     sed -n '1,260p' /tmp/compile.sh;     sed -i 's#npm run webpack:production#patch-pdfjs-worker-wasm.sh \&\& npm run webpack:production#g' /tmp/compile.sh;     bash -x /tmp/compile.sh;     rm -f /tmp/compile.sh
#17 0.328 + node genScript compile
#17 0.369 + echo ===== generated compile script =====
#17 0.369 + sed -n 1,260p /tmp/compile.sh
#17 0.369 ===== generated compile script =====
#17 0.371 #!/bin/bash
#17 0.371 set -ex
#17 0.371 pushd services/web
#17 0.371 npm run precompile-pug &
#17 0.371 pug_precompile=$!
#17 0.371 export CYPRESS_INSTALL_BINARY=0
#17 0.371 npm install --include=dev
#17 0.371 npm run webpack:production
#17 0.371 npm install --omit=dev
#17 0.371 wait "$pug_precompile"
#17 0.371 popd
#17 0.371 pushd services/real-time
#17 0.371 echo real-time does not require a compilation
#17 0.371 popd
#17 0.371 pushd services/document-updater
#17 0.371 echo document-updater does not require a compilation
#17 0.371 popd
#17 0.371 pushd services/clsi
#17 0.371 echo clsi does not require a compilation
#17 0.371 popd
#17 0.371 pushd services/filestore
#17 0.371 echo filestore does not require a compilation
#17 0.371 popd
#17 0.371 pushd services/docstore
#17 0.371 echo docstore does not require a compilation
#17 0.371 popd
#17 0.371 pushd services/chat
#17 0.371 echo chat does not require a compilation
#17 0.371 popd
#17 0.371 pushd services/contacts
#17 0.371 echo contacts does not require a compilation
#17 0.371 popd
#17 0.371 pushd services/notifications
#17 0.371 echo notifications does not require a compilation
#17 0.371 popd
#17 0.371 pushd services/project-history
#17 0.371 echo project-history does not require a compilation
#17 0.371 popd
#17 0.371 pushd services/history-v1
#17 0.371 echo history-v1 does not require a compilation
#17 0.371 popd
#17 0.372 + sed -i s#npm run webpack:production#patch-pdfjs-worker-wasm.sh \&\& npm run webpack:production#g /tmp/compile.sh
#17 0.375 + bash -x /tmp/compile.sh
#17 0.378 + set -ex
#17 0.378 + pushd services/web
#17 0.378 /overleaf/services/web /overleaf
#17 0.378 + pug_precompile=17
#17 0.378 + export CYPRESS_INSTALL_BINARY=0
#17 0.378 + CYPRESS_INSTALL_BINARY=0
#17 0.378 + npm install --include=dev
#17 0.378 + npm run precompile-pug
#17 0.596 
#17 0.596 > precompile-pug
#17 0.596 > node app/src/infrastructure/Views
#17 0.596 
#17 0.804 Using default settings from /overleaf/services/web/config/settings.defaults.js
#17 4.850 npm warn skipping integrity check for git dependency ssh://git@github.com/overleaf/node-sandboxed-module.git
#17 4.916 npm warn skipping integrity check for git dependency ssh://git@github.com/overleaf/codemirror-vim.git
#17 4.916 npm warn skipping integrity check for git dependency ssh://git@github.com/overleaf/codemirror-indentation-markers.git
#17 4.917 npm warn skipping integrity check for git dependency ssh://git@github.com/overleaf/codemirror-emacs.git
#17 4.926 npm warn skipping integrity check for git dependency ssh://git@github.com/overleaf/codemirror-search.git
#17 4.928 npm warn skipping integrity check for git dependency ssh://git@github.com/overleaf/codemirror-autocomplete.git
#17 5.881 {"name":"default","hostname":"buildkitsandbox","pid":40,"level":30,"timeTaken":5073,"success":0,"precompiled":59,"msg":"compiled pug templates","time":"2026-06-05T16:40:58.752Z","v":0}
#17 10.09 npm warn deprecated core-js@2.6.12: core-js@<3.23.3 is no longer maintained and not recommended for usage due to the number of issues. Because of the V8 engine whims, feature detection in old core-js versions could cause a slowdown up to 100x even if nothing is polyfilled. Some versions have web compatibility issues. Please, upgrade your dependencies to the actual version of core-js.
#17 10.56 npm warn deprecated whatwg-encoding@3.1.1: Use @exodus/bytes instead for a more spec-conformant and faster implementation
#17 10.57 npm warn deprecated w3c-hr-time@1.0.2: Use your platform's native performance.now() and performance.timeOrigin.
#17 11.12 npm warn deprecated urix@0.1.0: Please see https://github.com/lydell/urix#deprecated
#17 12.64 npm warn deprecated source-map-resolve@0.5.3: See https://github.com/lydell/source-map-resolve#deprecated
#17 12.94 npm warn deprecated source-map-url@0.4.1: See https://github.com/lydell/source-map-url#deprecated
#17 14.57 npm warn deprecated resolve-url@0.2.1: https://github.com/lydell/resolve-url#deprecated
#17 14.78 npm warn deprecated sinon@7.5.0: 16.1.1
#17 31.44 npm warn deprecated domexception@4.0.0: Use your platform's native DOMException instead
#17 39.41 npm warn deprecated abab@2.0.6: Use your platform's native atob() and btoa() methods instead
#17 39.59 npm warn deprecated eslint@8.57.1: This version is no longer supported. Please see https://eslint.org/version-support for other options.
#17 40.86 npm warn deprecated bootstrap@3.4.1: This version of Bootstrap is no longer supported. Please upgrade to the latest version.
#17 47.40 npm warn deprecated @humanwhocodes/object-schema@2.0.3: Use @eslint/object-schema instead
#17 47.52 npm warn deprecated @humanwhocodes/config-array@0.13.0: Use @eslint/config-array instead
#17 51.07 npm warn deprecated @babel/plugin-proposal-class-properties@7.18.6: This proposal has been merged to the ECMAScript standard and thus this plugin is no longer maintained. Please use @babel/plugin-transform-class-properties instead.
#17 52.16 npm warn deprecated @babel/plugin-proposal-object-rest-spread@7.20.7: This proposal has been merged to the ECMAScript standard and thus this plugin is no longer maintained. Please use @babel/plugin-transform-object-rest-spread instead.
#17 53.49 npm warn deprecated sinon@9.2.4: 16.1.1
#17 53.55 npm warn deprecated sinon@9.2.4: 16.1.1
#17 53.69 npm warn deprecated sinon@9.2.4: 16.1.1
#17 53.72 npm warn deprecated sinon@9.2.4: 16.1.1
#17 54.18 npm warn deprecated sinon@9.2.4: 16.1.1
#17 55.64 npm warn deprecated sinon@9.2.4: 16.1.1
#17 66.56 
#17 66.56 > postinstall
#17 66.56 > patch-package
#17 66.56 
#17 66.73 patch-package 8.0.1
#17 66.73 Applying patches...
#17 66.73 No patch files found
#17 66.76 
#17 66.76 added 1635 packages, and changed 1 package in 1m
#17 66.76 
#17 66.76 450 packages are looking for funding
#17 66.76   run `npm fund` for details
#17 66.84 + patch-pdfjs-worker-wasm.sh
#17 66.85 Patching pdfjs-dist worker wasm imports: /overleaf/node_modules/pdfjs-dist/build/pdf.worker.mjs
#17 66.89 1833:    module_or_path = new URL(/* webpackIgnore: true */ 'qcms_bg.wasm', import.meta.url);
#17 66.89 2610:            module: fetchSync(`${this.#wasmUrl}qcms_bg.wasm`)
#17 66.89 5359:        return locateFile("openjpeg.wasm");
#17 66.89 5361:      return new URL(/* webpackIgnore: true */ "openjpeg.wasm", import.meta.url).href;
#17 66.89 5864:    const filename = "openjpeg.wasm";
#17 66.89 + npm run webpack:production
#17 67.08 
#17 67.08 > webpack:production
#17 67.08 > webpack --config webpack.config.prod.js
#17 67.08 
#17 67.30 Using default settings from /overleaf/services/web/config/settings.defaults.js
#17 67.31 Detected change in overleafModuleImports, purging babel cache!
#17 135.5 assets by status 6.53 MiB [cached] 77 assets
#17 135.5 assets by status 279 MiB [compared for emit]
#17 135.5   assets by path js/ 278 MiB 433 assets
#17 135.5   assets by path images/ 38.1 KiB
#17 135.5     asset images/pdfjs-dist/cursor-editorTextHighlight.svg 5.28 KiB [compared for emit] [from: ../../node_modules/pdfjs-dist/legacy/web/images/cursor-editorTextHighlight.svg] [copied]
#17 135.5     + 27 assets
#17 135.5   assets by path fonts/ 762 KiB 16 assets
#17 135.5 assets by status 15 MiB [emitted]
#17 135.5   assets by path js/*.js 8.05 MiB 138 assets
#17 135.5   assets by path js/pages/ 656 KiB 27 assets
#17 135.5   assets by path js/libs/mathjax-3.2.2/es5/ 3.23 MiB 17 assets
#17 135.5   assets by path stylesheets/*.css 2.55 MiB 6 assets
#17 135.5   assets by path js/modules/ 15.1 KiB 2 assets
#17 135.5   asset js/pdfjs-dist/wasm/openjpeg_nowasm_fallback.js 404 KiB [emitted] [from: ../../node_modules/pdfjs-dist/wasm/openjpeg_nowasm_fallback.js] [copied] [minimized] [big]
#17 135.5   asset manifest.json 102 KiB [emitted]
#17 135.5 orphan modules 19.1 MiB (javascript) 3.97 MiB (asset) 6.94 KiB (runtime) [orphan] 6406 modules
#17 135.5 runtime modules 28 KiB 53 modules
#17 135.5 built modules 15.9 MiB (javascript) 2.95 MiB (css/mini-extract) 2.58 MiB (asset) [built]
#17 135.5   modules by path ../../ 9.51 MiB (javascript) 219 KiB (css/mini-extract)
#17 135.5     modules by path ../../node_modules/ 9.28 MiB (javascript) 219 KiB (css/mini-extract)
#17 135.5       javascript modules 9.27 MiB 778 modules
#17 135.5       css modules 219 KiB 3 modules
#17 135.5       ../../node_modules/tlds/index.json 10.9 KiB [built] [code generated]
#17 135.5     modules by path ../../libraries/ 229 KiB
#17 135.5       modules by path ../../libraries/overleaf-editor-core/lib/ 193 KiB 51 modules
#17 135.5       + 3 modules
#17 135.5   modules by path ./ 6.37 MiB (javascript) 2.74 MiB (css/mini-extract) 2.58 MiB (asset) 464 modules
#17 135.5   os (ignored) 15 bytes [built] [code generated]
#17 135.5 
#17 135.5 WARNING in ./frontend/stylesheets/bootstrap-5/main-style.scss (./frontend/stylesheets/bootstrap-5/main-style.scss.webpack[javascript/auto]!=!../../node_modules/css-loader/dist/cjs.js!../../node_modules/resolve-url-loader/index.js!../../node_modules/postcss-loader/dist/cjs.js??ruleSet[1].rules[4].use[3]!../../node_modules/thread-loader/dist/cjs.js??ruleSet[1].rules[4].use[4]!../../node_modules/sass-loader/dist/cjs.js??ruleSet[1].rules[4].use[5]!./frontend/stylesheets/bootstrap-5/main-style.scss)
#17 135.5 Module Warning (from ../../node_modules/thread-loader/dist/cjs.js):
#17 135.5 Deprecation The legacy JS API is deprecated and will be removed in Dart Sass 2.0.0.
#17 135.5 
#17 135.5 More info: https://sass-lang.com/d/legacy-js-api
#17 135.5  @ ./frontend/stylesheets/bootstrap-5/main-style.scss
#17 135.5 
#17 135.5 WARNING in ./frontend/stylesheets/bootstrap-5/main-style.scss (./frontend/stylesheets/bootstrap-5/main-style.scss.webpack[javascript/auto]!=!../../node_modules/css-loader/dist/cjs.js!../../node_modules/resolve-url-loader/index.js!../../node_modules/postcss-loader/dist/cjs.js??ruleSet[1].rules[4].use[3]!../../node_modules/thread-loader/dist/cjs.js??ruleSet[1].rules[4].use[4]!../../node_modules/sass-loader/dist/cjs.js??ruleSet[1].rules[4].use[5]!./frontend/stylesheets/bootstrap-5/main-style.scss)
#17 135.5 Module Warning (from ../../node_modules/thread-loader/dist/cjs.js):
#17 135.5 Deprecation Warning on line 13, column 8 of file:///overleaf/services/web/frontend/stylesheets/bootstrap-5/main-style.scss:13:8:
#17 135.5 Sass @import rules are deprecated and will be removed in Dart Sass 3.0.0.
#17 135.5 
#17 135.5 More info and automated migrator: https://sass-lang.com/d/import
#17 135.5 
#17 135.5 13 | @import '../vendor/select/select';
#17 135.5 
#17 135.5 
#17 135.5 frontend/stylesheets/bootstrap-5/main-style.scss 14:9  root stylesheet
#17 135.5  @ ./frontend/stylesheets/bootstrap-5/main-style.scss
#17 135.5 
#17 135.5 WARNING in ./frontend/stylesheets/bootstrap-5/main-style.scss (./frontend/stylesheets/bootstrap-5/main-style.scss.webpack[javascript/auto]!=!../../node_modules/css-loader/dist/cjs.js!../../node_modules/resolve-url-loader/index.js!../../node_modules/postcss-loader/dist/cjs.js??ruleSet[1].rules[4].use[3]!../../node_modules/thread-loader/dist/cjs.js??ruleSet[1].rules[4].use[4]!../../node_modules/sass-loader/dist/cjs.js??ruleSet[1].rules[4].use[5]!./frontend/stylesheets/bootstrap-5/main-style.scss)
#17 135.5 Module Warning (from ../../node_modules/thread-loader/dist/cjs.js):
#17 135.5 Deprecation Warning on line 22, column 8 of file:///overleaf/services/web/frontend/stylesheets/bootstrap-5/main-style.scss:22:8:
#17 135.5 Sass @import rules are deprecated and will be removed in Dart Sass 3.0.0.
#17 135.5 
#17 135.5 More info and automated migrator: https://sass-lang.com/d/import
#17 135.5 
#17 135.5 22 | @import 'base/bootstrap';
#17 135.5 
#17 135.5 
#17 135.5 frontend/stylesheets/bootstrap-5/main-style.scss 23:9  root stylesheet
#17 135.5  @ ./frontend/stylesheets/bootstrap-5/main-style.scss
#17 135.5 
#17 135.5 WARNING in ./frontend/stylesheets/bootstrap-5/main-style.scss (./frontend/stylesheets/bootstrap-5/main-style.scss.webpack[javascript/auto]!=!../../node_modules/css-loader/dist/cjs.js!../../node_modules/resolve-url-loader/index.js!../../node_modules/postcss-loader/dist/cjs.js??ruleSet[1].rules[4].use[3]!../../node_modules/thread-loader/dist/cjs.js??ruleSet[1].rules[4].use[4]!../../node_modules/sass-loader/dist/cjs.js??ruleSet[1].rules[4].use[5]!./frontend/stylesheets/bootstrap-5/main-style.scss)
#17 135.5 Module Warning (from ../../node_modules/thread-loader/dist/cjs.js):
#17 135.5 Deprecation Warning on line 25, column 8 of file:///overleaf/services/web/frontend/stylesheets/bootstrap-5/main-style.scss:25:8:
#17 135.5 Sass @import rules are deprecated and will be removed in Dart Sass 3.0.0.
#17 135.5 
#17 135.5 More info and automated migrator: https://sass-lang.com/d/import
#17 135.5 
#17 135.5 25 | @import 'base/colors';
#17 135.5 
#17 135.5 
#17 135.5 frontend/stylesheets/bootstrap-5/main-style.scss 26:9  root stylesheet
#17 135.5  @ ./frontend/stylesheets/bootstrap-5/main-style.scss
#17 135.5 
#17 135.5 WARNING in ./frontend/stylesheets/bootstrap-5/main-style.scss (./frontend/stylesheets/bootstrap-5/main-style.scss.webpack[javascript/auto]!=!../../node_modules/css-loader/dist/cjs.js!../../node_modules/resolve-url-loader/index.js!../../node_modules/postcss-loader/dist/cjs.js??ruleSet[1].rules[4].use[3]!../../node_modules/thread-loader/dist/cjs.js??ruleSet[1].rules[4].use[4]!../../node_modules/sass-loader/dist/cjs.js??ruleSet[1].rules[4].use[5]!./frontend/stylesheets/bootstrap-5/main-style.scss)
#17 135.5 Module Warning (from ../../node_modules/thread-loader/dist/cjs.js):
#17 135.5 Deprecation Warning on line 28, column 8 of file:///overleaf/services/web/frontend/stylesheets/bootstrap-5/main-style.scss:28:8:
#17 135.5 Sass @import rules are deprecated and will be removed in Dart Sass 3.0.0.
#17 135.5 
#17 135.5 More info and automated migrator: https://sass-lang.com/d/import
#17 135.5 
#17 135.5 28 | @import 'components/all';
#17 135.5 
#17 135.5 
#17 135.5 frontend/stylesheets/bootstrap-5/main-style.scss 29:9  root stylesheet
#17 135.5  @ ./frontend/stylesheets/bootstrap-5/main-style.scss
#17 135.5 
#17 135.5 WARNING in ./frontend/stylesheets/bootstrap-5/main-style.scss (./frontend/stylesheets/bootstrap-5/main-style.scss.webpack[javascript/auto]!=!../../node_modules/css-loader/dist/cjs.js!../../node_modules/resolve-url-loader/index.js!../../node_modules/postcss-loader/dist/cjs.js??ruleSet[1].rules[4].use[3]!../../node_modules/thread-loader/dist/cjs.js??ruleSet[1].rules[4].use[4]!../../node_modules/sass-loader/dist/cjs.js??ruleSet[1].rules[4].use[5]!./frontend/stylesheets/bootstrap-5/main-style.scss)
#17 135.5 Module Warning (from ../../node_modules/thread-loader/dist/cjs.js):
#17 135.5 Deprecation Warning on line 31, column 8 of file:///overleaf/services/web/frontend/stylesheets/bootstrap-5/main-style.scss:31:8:
#17 135.5 Sass @import rules are deprecated and will be removed in Dart Sass 3.0.0.
#17 135.5 
#17 135.5 More info and automated migrator: https://sass-lang.com/d/import
#17 135.5 
#17 135.5 31 | @import 'base/typography';
#17 135.5 
#17 135.5 
#17 135.5 frontend/stylesheets/bootstrap-5/main-style.scss 32:9  root stylesheet
#17 135.5  @ ./frontend/stylesheets/bootstrap-5/main-style.scss
#17 135.5 
#17 135.5 WARNING in ./frontend/stylesheets/bootstrap-5/main-style.scss (./frontend/stylesheets/bootstrap-5/main-style.scss.webpack[javascript/auto]!=!../../node_modules/css-loader/dist/cjs.js!../../node_modules/resolve-url-loader/index.js!../../node_modules/postcss-loader/dist/cjs.js??ruleSet[1].rules[4].use[3]!../../node_modules/thread-loader/dist/cjs.js??ruleSet[1].rules[4].use[4]!../../node_modules/sass-loader/dist/cjs.js??ruleSet[1].rules[4].use[5]!./frontend/stylesheets/bootstrap-5/main-style.scss)
#17 135.5 Module Warning (from ../../node_modules/thread-loader/dist/cjs.js):
#17 135.5 Deprecation Warning on line 36, column 10 of file:///overleaf/node_modules/bootstrap-5/scss/_functions.scss:36:10:
#17 135.5 red() is deprecated. Suggestion:
#17 135.5 
#17 135.5 color.channel($color, "red", $space: rgb)
#17 135.5 
#17 135.5 More info: https://sass-lang.com/d/color-functions
#17 135.5 
#17 135.5 36 |   @return red($value), green($value), blue($value);
#17 135.5 
#17 135.5 
#17 135.5 ../../node_modules/bootstrap-5/scss/_functions.scss 37:11   to-rgb()
#17 135.5 ../../node_modules/bootstrap-5/scss/_variables.scss 846:31  @import
#17 135.5 frontend/stylesheets/bootstrap-5/base/bootstrap.scss 14:9   @import
#17 135.5 frontend/stylesheets/bootstrap-5/main-style.scss 23:9       root stylesheet
#17 135.5  @ ./frontend/stylesheets/bootstrap-5/main-style.scss
#17 135.5 
#17 135.5 WARNING in ./frontend/stylesheets/bootstrap-5/main-style.scss (./frontend/stylesheets/bootstrap-5/main-style.scss.webpack[javascript/auto]!=!../../node_modules/css-loader/dist/cjs.js!../../node_modules/resolve-url-loader/index.js!../../node_modules/postcss-loader/dist/cjs.js??ruleSet[1].rules[4].use[3]!../../node_modules/thread-loader/dist/cjs.js??ruleSet[1].rules[4].use[4]!../../node_modules/sass-loader/dist/cjs.js??ruleSet[1].rules[4].use[5]!./frontend/stylesheets/bootstrap-5/main-style.scss)
#17 135.5 Module Warning (from ../../node_modules/thread-loader/dist/cjs.js):
#17 135.5 Deprecation Warning on line 36, column 23 of file:///overleaf/node_modules/bootstrap-5/scss/_functions.scss:36:23:
#17 135.5 green() is deprecated. Suggestion:
#17 135.5 
#17 135.5 color.channel($color, "green", $space: rgb)
#17 135.5 
#17 135.5 More info: https://sass-lang.com/d/color-functions
#17 135.5 
#17 135.5 36 |   @return red($value), green($value), blue($value);
#17 135.5 
#17 135.5 
#17 135.5 ../../node_modules/bootstrap-5/scss/_functions.scss 37:24   to-rgb()
#17 135.5 ../../node_modules/bootstrap-5/scss/_variables.scss 846:31  @import
#17 135.5 frontend/stylesheets/bootstrap-5/base/bootstrap.scss 14:9   @import
#17 135.5 frontend/stylesheets/bootstrap-5/main-style.scss 23:9       root stylesheet
#17 135.5  @ ./frontend/stylesheets/bootstrap-5/main-style.scss
#17 135.5 
#17 135.5 WARNING in ./frontend/stylesheets/bootstrap-5/main-style.scss (./frontend/stylesheets/bootstrap-5/main-style.scss.webpack[javascript/auto]!=!../../node_modules/css-loader/dist/cjs.js!../../node_modules/resolve-url-loader/index.js!../../node_modules/postcss-loader/dist/cjs.js??ruleSet[1].rules[4].use[3]!../../node_modules/thread-loader/dist/cjs.js??ruleSet[1].rules[4].use[4]!../../node_modules/sass-loader/dist/cjs.js??ruleSet[1].rules[4].use[5]!./frontend/stylesheets/bootstrap-5/main-style.scss)
#17 135.5 Module Warning (from ../../node_modules/thread-loader/dist/cjs.js):
#17 135.5 Deprecation Warning on line 57, column 29 of file:///overleaf/node_modules/bootstrap-5/scss/_functions.scss:57:29:
#17 135.5 The Sass if() syntax is deprecated in favor of the modern CSS syntax.
#17 135.5 
#17 135.5 Suggestion: if(sass($arg == "$key"): $key; else: if($arg == "$value", $value, $arg))
#17 135.5 
#17 135.5 More info: https://sass-lang.com/d/if-function
#17 135.5 
#17 135.5 57 |       $_args: append($_args, if($arg == "$key", $key, if($arg == "$value", $value, $arg)));
#17 135.5 
#17 135.5 
#17 135.5 ../../node_modules/bootstrap-5/scss/_functions.scss 58:30  @import
#17 135.5 frontend/stylesheets/bootstrap-5/base/bootstrap.scss 4:9   @import
#17 135.5 frontend/stylesheets/bootstrap-5/main-style.scss 23:9      root stylesheet
#17 135.5  @ ./frontend/stylesheets/bootstrap-5/main-style.scss
#17 135.5 
#17 135.5 WARNING in ./frontend/stylesheets/bootstrap-5/main-style.scss (./frontend/stylesheets/bootstrap-5/main-style.scss.webpack[javascript/auto]!=!../../node_modules/css-loader/dist/cjs.js!../../node_modules/resolve-url-loader/index.js!../../node_modules/postcss-loader/dist/cjs.js??ruleSet[1].rules[4].use[3]!../../node_modules/thread-loader/dist/cjs.js??ruleSet[1].rules[4].use[4]!../../node_modules/sass-loader/dist/cjs.js??ruleSet[1].rules[4].use[5]!./frontend/stylesheets/bootstrap-5/main-style.scss)
#17 135.5 Module Warning (from ../../node_modules/thread-loader/dist/cjs.js):
#17 135.5 Deprecation Warning on line 57, column 54 of file:///overleaf/node_modules/bootstrap-5/scss/_functions.scss:57:54:
#17 135.5 The Sass if() syntax is deprecated in favor of the modern CSS syntax.
#17 135.5 
#17 135.5 Suggestion: if(sass($arg == "$value"): $value; else: $arg)
#17 135.5 
#17 135.5 More info: https://sass-lang.com/d/if-function
#17 135.5 
#17 135.5 57 |       $_args: append($_args, if($arg == "$key", $key, if($arg == "$value", $value, $arg)));
#17 135.5 
#17 135.5 
#17 135.5 ../../node_modules/bootstrap-5/scss/_functions.scss 58:55  @import
#17 135.5 frontend/stylesheets/bootstrap-5/base/bootstrap.scss 4:9   @import
#17 135.5 frontend/stylesheets/bootstrap-5/main-style.scss 23:9      root stylesheet
#17 135.5  @ ./frontend/stylesheets/bootstrap-5/main-style.scss
#17 135.5 
#17 135.5 WARNING in ./frontend/stylesheets/bootstrap-5/main-style.scss (./frontend/stylesheets/bootstrap-5/main-style.scss.webpack[javascript/auto]!=!../../node_modules/css-loader/dist/cjs.js!../../node_modules/resolve-url-loader/index.js!../../node_modules/postcss-loader/dist/cjs.js??ruleSet[1].rules[4].use[3]!../../node_modules/thread-loader/dist/cjs.js??ruleSet[1].rules[4].use[4]!../../node_modules/sass-loader/dist/cjs.js??ruleSet[1].rules[4].use[5]!./frontend/stylesheets/bootstrap-5/main-style.scss)
#17 135.5 Module Warning (from ../../node_modules/thread-loader/dist/cjs.js):
#17 135.5 Deprecation Warning on line 103, column 6 of file:///overleaf/services/web/frontend/stylesheets/bootstrap-5/abstracts/mixins.scss:103:6:
#17 135.5 Global built-in functions are deprecated and will be removed in Dart Sass 3.0.0.
#17 135.5 Use list.index instead.
#17 135.5 
#17 135.5 More info and automated migrator: https://sass-lang.com/d/import
#17 135.5 
#17 135.5 103 |   @if index($themes, $name) {
#17 135.5 
#17 135.5 
#17 135.5 frontend/stylesheets/bootstrap-5/abstracts/mixins.scss 104:7                 theme()
#17 135.5 frontend/stylesheets/bootstrap-5/abstracts/themes-common-variables.scss 5:1  @import
#17 135.5 frontend/stylesheets/bootstrap-5/abstracts/all.scss 4:9                      @import
#17 135.5 frontend/stylesheets/bootstrap-5/base/bootstrap.scss 11:9                    @import
#17 135.5 frontend/stylesheets/bootstrap-5/main-style.scss 23:9                        root stylesheet
#17 135.5  @ ./frontend/stylesheets/bootstrap-5/main-style.scss
#17 135.5 
#17 135.5 WARNING in ./frontend/stylesheets/bootstrap-5/main-style.scss (./frontend/stylesheets/bootstrap-5/main-style.scss.webpack[javascript/auto]!=!../../node_modules/css-loader/dist/cjs.js!../../node_modules/resolve-url-loader/index.js!../../node_modules/postcss-loader/dist/cjs.js??ruleSet[1].rules[4].use[3]!../../node_modules/thread-loader/dist/cjs.js??ruleSet[1].rules[4].use[4]!../../node_modules/sass-loader/dist/cjs.js??ruleSet[1].rules[4].use[5]!./frontend/stylesheets/bootstrap-5/main-style.scss)
#17 135.5 Module Warning (from ../../node_modules/thread-loader/dist/cjs.js):
#17 135.5 Deprecation Warning on line 176, column 10 of file:///overleaf/node_modules/bootstrap-5/scss/_functions.scss:176:10:
#17 135.5 The Sass if() syntax is deprecated in favor of the modern CSS syntax.
#17 135.5 
#17 135.5 Suggestion: if(sass($l1 > $l2): divide($l1 + 0.05, $l2 + 0.05); else: divide($l2 + 0.05, $l1 + 0.05))
#17 135.5 
#17 135.5 More info: https://sass-lang.com/d/if-function
#17 135.5 
#17 135.5 176 |   @return if($l1 > $l2, divide($l1 + .05, $l2 + .05), divide($l2 + .05, $l1 + .05));
#17 135.5 
#17 135.5 
#17 135.5 ../../node_modules/bootstrap-5/scss/_functions.scss 177:11  @import
#17 135.5 frontend/stylesheets/bootstrap-5/base/bootstrap.scss 4:9    @import
#17 135.5 frontend/stylesheets/bootstrap-5/main-style.scss 23:9       root stylesheet
#17 135.5  @ ./frontend/stylesheets/bootstrap-5/main-style.scss
#17 135.5 
#17 135.5 WARNING in ./frontend/stylesheets/bootstrap-5/main-style.scss (./frontend/stylesheets/bootstrap-5/main-style.scss.webpack[javascript/auto]!=!../../node_modules/css-loader/dist/cjs.js!../../node_modules/resolve-url-loader/index.js!../../node_modules/postcss-loader/dist/cjs.js??ruleSet[1].rules[4].use[3]!../../node_modules/thread-loader/dist/cjs.js??ruleSet[1].rules[4].use[4]!../../node_modules/sass-loader/dist/cjs.js??ruleSet[1].rules[4].use[5]!./frontend/stylesheets/bootstrap-5/main-style.scss)
#17 135.5 Module Warning (from ../../node_modules/thread-loader/dist/cjs.js):
#17 135.5 Deprecation Warning on line 184, column 9 of file:///overleaf/node_modules/bootstrap-5/scss/_functions.scss:184:9:
#17 135.5 red() is deprecated. Suggestion:
#17 135.5 
#17 135.5 color.channel($color, "red", $space: rgb)
#17 135.5 
#17 135.5 More info: https://sass-lang.com/d/color-functions
#17 135.5 
#17 135.5 184 |     "r": red($color),
#17 135.5 
#17 135.5 
#17 135.5 ../../node_modules/bootstrap-5/scss/_functions.scss 185:10  luminance()
#17 135.5 ../../node_modules/bootstrap-5/scss/_functions.scss 174:8   contrast-ratio()
#17 135.5 ../../node_modules/bootstrap-5/scss/_functions.scss 159:22  color-contrast()
#17 135.5 ../../node_modules/bootstrap-5/scss/_variables.scss 846:42  @import
#17 135.5 frontend/stylesheets/bootstrap-5/base/bootstrap.scss 14:9   @import
#17 135.5 frontend/stylesheets/bootstrap-5/main-style.scss 23:9       root stylesheet
#17 135.5  @ ./frontend/stylesheets/bootstrap-5/main-style.scss
#17 135.5 
#17 135.5 WARNING in ./frontend/stylesheets/bootstrap-5/main-style.scss (./frontend/stylesheets/bootstrap-5/main-style.scss.webpack[javascript/auto]!=!../../node_modules/css-loader/dist/cjs.js!../../node_modules/resolve-url-loader/index.js!../../node_modules/postcss-loader/dist/cjs.js??ruleSet[1].rules[4].use[3]!../../node_modules/thread-loader/dist/cjs.js??ruleSet[1].rules[4].use[4]!../../node_modules/sass-loader/dist/cjs.js??ruleSet[1].rules[4].use[5]!./frontend/stylesheets/bootstrap-5/main-style.scss)
#17 135.5 Module Warning (from ../../node_modules/thread-loader/dist/cjs.js):
#17 135.5 Deprecation Warning on line 185, column 9 of file:///overleaf/node_modules/bootstrap-5/scss/_functions.scss:185:9:
#17 135.5 green() is deprecated. Suggestion:
#17 135.5 
#17 135.5 color.channel($color, "green", $space: rgb)
#17 135.5 
#17 135.5 More info: https://sass-lang.com/d/color-functions
#17 135.5 
#17 135.5 185 |     "g": green($color),
#17 135.5 
#17 135.5 
#17 135.5 ../../node_modules/bootstrap-5/scss/_functions.scss 186:10  luminance()
#17 135.5 ../../node_modules/bootstrap-5/scss/_functions.scss 174:8   contrast-ratio()
#17 135.5 ../../node_modules/bootstrap-5/scss/_functions.scss 159:22  color-contrast()
#17 135.5 ../../node_modules/bootstrap-5/scss/_variables.scss 846:42  @import
#17 135.5 frontend/stylesheets/bootstrap-5/base/bootstrap.scss 14:9   @import
#17 135.5 frontend/stylesheets/bootstrap-5/main-style.scss 23:9       root stylesheet
#17 135.5  @ ./frontend/stylesheets/bootstrap-5/main-style.scss
#17 135.5 
#17 135.5 WARNING in ./frontend/stylesheets/bootstrap-5/main-style.scss (./frontend/stylesheets/bootstrap-5/main-style.scss.webpack[javascript/auto]!=!../../node_modules/css-loader/dist/cjs.js!../../node_modules/resolve-url-loader/index.js!../../node_modules/postcss-loader/dist/cjs.js??ruleSet[1].rules[4].use[3]!../../node_modules/thread-loader/dist/cjs.js??ruleSet[1].rules[4].use[4]!../../node_modules/sass-loader/dist/cjs.js??ruleSet[1].rules[4].use[5]!./frontend/stylesheets/bootstrap-5/main-style.scss)
#17 135.5 Module Warning (from ../../node_modules/thread-loader/dist/cjs.js):
#17 135.5 Deprecation Warning on line 186, column 9 of file:///overleaf/node_modules/bootstrap-5/scss/_functions.scss:186:9:
#17 135.5 blue() is deprecated. Suggestion:
#17 135.5 
#17 135.5 color.channel($color, "blue", $space: rgb)
#17 135.5 
#17 135.5 More info: https://sass-lang.com/d/color-functions
#17 135.5 
#17 135.5 186 |     "b": blue($color)
#17 135.5 
#17 135.5 
#17 135.5 ../../node_modules/bootstrap-5/scss/_functions.scss 187:10  luminance()
#17 135.5 ../../node_modules/bootstrap-5/scss/_functions.scss 174:8   contrast-ratio()
#17 135.5 ../../node_modules/bootstrap-5/scss/_functions.scss 159:22  color-contrast()
#17 135.5 ../../node_modules/bootstrap-5/scss/_variables.scss 846:42  @import
#17 135.5 frontend/stylesheets/bootstrap-5/base/bootstrap.scss 14:9   @import
#17 135.5 frontend/stylesheets/bootstrap-5/main-style.scss 23:9       root stylesheet
#17 135.5  @ ./frontend/stylesheets/bootstrap-5/main-style.scss
#17 135.5 
#17 135.5 WARNING in ./frontend/stylesheets/bootstrap-5/main-style.scss (./frontend/stylesheets/bootstrap-5/main-style.scss.webpack[javascript/auto]!=!../../node_modules/css-loader/dist/cjs.js!../../node_modules/resolve-url-loader/index.js!../../node_modules/postcss-loader/dist/cjs.js??ruleSet[1].rules[4].use[3]!../../node_modules/thread-loader/dist/cjs.js??ruleSet[1].rules[4].use[4]!../../node_modules/sass-loader/dist/cjs.js??ruleSet[1].rules[4].use[5]!./frontend/stylesheets/bootstrap-5/main-style.scss)
#17 135.5 Module Warning (from ../../node_modules/thread-loader/dist/cjs.js):
#17 135.5 Deprecation Warning on line 190, column 12 of file:///overleaf/node_modules/bootstrap-5/scss/_functions.scss:190:12:
#17 135.5 The Sass if() syntax is deprecated in favor of the modern CSS syntax.
#17 135.5 
#17 135.5 Suggestion: if(sass(divide($value, 255) < 0.04045): divide(divide($value, 255), 12.92); else: nth($_luminance-list, $value + 1))
#17 135.5 
#17 135.5 More info: https://sass-lang.com/d/if-function
#17 135.5 
#17 135.5 190 |     $value: if(divide($value, 255) < .04045, divide(divide($value, 255), 12.92), nth($_luminance-list, $value + 1));
#17 135.5 
#17 135.5 
#17 135.5 ../../node_modules/bootstrap-5/scss/_functions.scss 191:13  @import
#17 135.5 frontend/stylesheets/bootstrap-5/base/bootstrap.scss 4:9    @import
#17 135.5 frontend/stylesheets/bootstrap-5/main-style.scss 23:9       root stylesheet
#17 135.5  @ ./frontend/stylesheets/bootstrap-5/main-style.scss
#17 135.5 
#17 135.5 WARNING in ./frontend/stylesheets/bootstrap-5/main-style.scss (./frontend/stylesheets/bootstrap-5/main-style.scss.webpack[javascript/auto]!=!../../node_modules/css-loader/dist/cjs.js!../../node_modules/resolve-url-loader/index.js!../../node_modules/postcss-loader/dist/cjs.js??ruleSet[1].rules[4].use[3]!../../node_modules/thread-loader/dist/cjs.js??ruleSet[1].rules[4].use[4]!../../node_modules/sass-loader/dist/cjs.js??ruleSet[1].rules[4].use[5]!./frontend/stylesheets/bootstrap-5/main-style.scss)
#17 135.5 Module Warning (from ../../node_modules/thread-loader/dist/cjs.js):
#17 135.5 Deprecation Warning on line 206, column 10 of file:///overleaf/node_modules/bootstrap-5/scss/_functions.scss:206:10:
#17 135.5 Global built-in functions are deprecated and will be removed in Dart Sass 3.0.0.
#17 135.5 Use color.mix instead.
#17 135.5 
#17 135.5 More info and automated migrator: https://sass-lang.com/d/import
#17 135.5 
#17 135.5 206 |   @return mix(white, $color, $weight);
#17 135.5 
#17 135.5 
#17 135.5 ../../node_modules/bootstrap-5/scss/_functions.scss 207:11  tint-color()
#17 135.5 ../../node_modules/bootstrap-5/scss/_variables.scss 79:12   @import
#17 135.5 frontend/stylesheets/bootstrap-5/base/bootstrap.scss 14:9   @import
#17 135.5 frontend/stylesheets/bootstrap-5/main-style.scss 23:9       root stylesheet
#17 135.5  @ ./frontend/stylesheets/bootstrap-5/main-style.scss
#17 135.5 
#17 135.5 WARNING in ./frontend/stylesheets/bootstrap-5/main-style.scss (./frontend/stylesheets/bootstrap-5/main-style.scss.webpack[javascript/auto]!=!../../node_modules/css-loader/dist/cjs.js!../../node_modules/resolve-url-loader/index.js!../../node_modules/postcss-loader/dist/cjs.js??ruleSet[1].rules[4].use[3]!../../node_modules/thread-loader/dist/cjs.js??ruleSet[1].rules[4].use[4]!../../node_modules/sass-loader/dist/cjs.js??ruleSet[1].rules[4].use[5]!./frontend/stylesheets/bootstrap-5/main-style.scss)
#17 135.5 Module Warning (from ../../node_modules/thread-loader/dist/cjs.js):
#17 135.5 Deprecation Warning on line 216, column 10 of file:///overleaf/node_modules/bootstrap-5/scss/_functions.scss:216:10:
#17 135.5 The Sass if() syntax is deprecated in favor of the modern CSS syntax.
#17 135.5 
#17 135.5 Suggestion: if(sass($weight > 0): shade-color($color, $weight); else: tint-color($color, -$weight))
#17 135.5 
#17 135.5 More info: https://sass-lang.com/d/if-function
#17 135.5 
#17 135.5 216 |   @return if($weight > 0, shade-color($color, $weight), tint-color($color, -$weight));
#17 135.5 
#17 135.5 
#17 135.5 ../../node_modules/bootstrap-5/scss/_functions.scss 217:11  @import
#17 135.5 frontend/stylesheets/bootstrap-5/base/bootstrap.scss 4:9    @import
#17 135.5 frontend/stylesheets/bootstrap-5/main-style.scss 23:9       root stylesheet
#17 135.5  @ ./frontend/stylesheets/bootstrap-5/main-style.scss
#17 135.5 
#17 135.5 WARNING in ./frontend/stylesheets/bootstrap-5/main-style.scss (./frontend/stylesheets/bootstrap-5/main-style.scss.webpack[javascript/auto]!=!../../node_modules/css-loader/dist/cjs.js!../../node_modules/resolve-url-loader/index.js!../../node_modules/postcss-loader/dist/cjs.js??ruleSet[1].rules[4].use[3]!../../node_modules/thread-loader/dist/cjs.js??ruleSet[1].rules[4].use[4]!../../node_modules/sass-loader/dist/cjs.js??ruleSet[1].rules[4].use[5]!./frontend/stylesheets/bootstrap-5/main-style.scss)
#17 135.5 Module Warning (from ../../node_modules/thread-loader/dist/cjs.js):
#17 135.5 Deprecation Warning on line 230, column 6 of file:///overleaf/node_modules/bootstrap-5/scss/_functions.scss:230:6:
#17 135.5 Global built-in functions are deprecated and will be removed in Dart Sass 3.0.0.
#17 135.5 Use meta.type-of instead.
#17 135.5 
#17 135.5 More info and automated migrator: https://sass-lang.com/d/import
#17 135.5 
#17 135.5 230 |   @if type-of($value1) == number and type-of($value2) == number and comparable($value1, $value2) {
#17 135.5 
#17 135.5 
#17 135.5 ../../node_modules/bootstrap-5/scss/_functions.scss 231:7                 add()
#17 135.5 frontend/stylesheets/bootstrap-5/abstracts/variable-overrides.scss 101:3  @import
#17 135.5 frontend/stylesheets/bootstrap-5/abstracts/all.scss 3:9                   @import
#17 135.5 frontend/stylesheets/bootstrap-5/base/bootstrap.scss 11:9                 @import
#17 135.5 frontend/stylesheets/bootstrap-5/main-style.scss 23:9                     root stylesheet
#17 135.5  @ ./frontend/stylesheets/bootstrap-5/main-style.scss
#17 135.5 
#17 135.5 WARNING in ./frontend/stylesheets/bootstrap-5/main-style.scss (./frontend/stylesheets/bootstrap-5/main-style.scss.webpack[javascript/auto]!=!../../node_modules/css-loader/dist/cjs.js!../../node_modules/resolve-url-loader/index.js!../../node_modules/postcss-loader/dist/cjs.js??ruleSet[1].rules[4].use[3]!../../node_modules/thread-loader/dist/cjs.js??ruleSet[1].rules[4].use[4]!../../node_modules/sass-loader/dist/cjs.js??ruleSet[1].rules[4].use[5]!./frontend/stylesheets/bootstrap-5/main-style.scss)
#17 135.5 Module Warning (from ../../node_modules/thread-loader/dist/cjs.js):
#17 135.5 Deprecation Warning on line 230, column 37 of file:///overleaf/node_modules/bootstrap-5/scss/_functions.scss:230:37:
#17 135.5 Global built-in functions are deprecated and will be removed in Dart Sass 3.0.0.
#17 135.5 Use meta.type-of instead.
#17 135.5 
#17 135.5 More info and automated migrator: https://sass-lang.com/d/import
#17 135.5 
#17 135.5 230 |   @if type-of($value1) == number and type-of($value2) == number and comparable($value1, $value2) {
#17 135.5 
#17 135.5 
#17 135.5 ../../node_modules/bootstrap-5/scss/_functions.scss 231:38                add()
#17 135.5 frontend/stylesheets/bootstrap-5/abstracts/variable-overrides.scss 101:3  @import
#17 135.5 frontend/stylesheets/bootstrap-5/abstracts/all.scss 3:9                   @import
#17 135.5 frontend/stylesheets/bootstrap-5/base/bootstrap.scss 11:9                 @import
#17 135.5 frontend/stylesheets/bootstrap-5/main-style.scss 23:9                     root stylesheet
#17 135.5  @ ./frontend/stylesheets/bootstrap-5/main-style.scss
#17 135.5 
#17 135.5 WARNING in ./frontend/stylesheets/bootstrap-5/main-style.scss (./frontend/stylesheets/bootstrap-5/main-style.scss.webpack[javascript/auto]!=!../../node_modules/css-loader/dist/cjs.js!../../node_modules/resolve-url-loader/index.js!../../node_modules/postcss-loader/dist/cjs.js??ruleSet[1].rules[4].use[3]!../../node_modules/thread-loader/dist/cjs.js??ruleSet[1].rules[4].use[4]!../../node_modules/sass-loader/dist/cjs.js??ruleSet[1].rules[4].use[5]!./frontend/stylesheets/bootstrap-5/main-style.scss)
#17 135.5 Module Warning (from ../../node_modules/thread-loader/dist/cjs.js):
#17 135.5 Deprecation Warning on line 234, column 76 of file:///overleaf/node_modules/bootstrap-5/scss/_functions.scss:234:76:
#17 135.5 Global built-in functions are deprecated and will be removed in Dart Sass 3.0.0.
#17 135.5 Use string.unquote instead.
#17 135.5 
#17 135.5 More info and automated migrator: https://sass-lang.com/d/import
#17 135.5 
#17 135.5 234 |   @return if($return-calc == true, calc(#{$value1} + #{$value2}), $value1 + unquote(" + ") + $value2);
#17 135.5 
#17 135.5 
#17 135.5 ../../node_modules/bootstrap-5/scss/_functions.scss 235:77                add()
#17 135.5 frontend/stylesheets/bootstrap-5/abstracts/variable-overrides.scss 101:3  @import
#17 135.5 frontend/stylesheets/bootstrap-5/abstracts/all.scss 3:9                   @import
#17 135.5 frontend/stylesheets/bootstrap-5/base/bootstrap.scss 11:9                 @import
#17 135.5 frontend/stylesheets/bootstrap-5/main-style.scss 23:9                     root stylesheet
#17 135.5  @ ./frontend/stylesheets/bootstrap-5/main-style.scss
#17 135.5 
#17 135.5 WARNING in ./frontend/stylesheets/bootstrap-5/main-style.scss (./frontend/stylesheets/bootstrap-5/main-style.scss.webpack[javascript/auto]!=!../../node_modules/css-loader/dist/cjs.js!../../node_modules/resolve-url-loader/index.js!../../node_modules/postcss-loader/dist/cjs.js??ruleSet[1].rules[4].use[3]!../../node_modules/thread-loader/dist/cjs.js??ruleSet[1].rules[4].use[4]!../../node_modules/sass-loader/dist/cjs.js??ruleSet[1].rules[4].use[5]!./frontend/stylesheets/bootstrap-5/main-style.scss)
#17 135.5 Module Warning (from ../../node_modules/thread-loader/dist/cjs.js):
#17 135.5 431 repetitive deprecation warnings omitted.
#17 135.5  @ ./frontend/stylesheets/bootstrap-5/main-style.scss
#17 135.5 
#17 135.5 WARNING in asset size limit: The following asset(s) exceed the recommended size limit (244 KiB).
#17 135.5 This can impact web performance.
#17 135.5 Assets: 
#17 135.5   fonts/NotoSans-Regular-47b1593ad8faa986dd1c.woff2 (267 KiB)
#17 135.5   fonts/NotoSans-Italic-dec2eaedf02cc2ff3d58.woff2 (272 KiB)
#17 135.5   fonts/NotoSans-Medium-183dc1733c6e701e0811.woff2 (275 KiB)
#17 135.5   fonts/NotoSans-MediumItalic-db04d509e0ec6c3891dc.woff2 (279 KiB)
#17 135.5   fonts/NotoSans-SemiBold-a38658cc126f57ba4818.woff2 (277 KiB)
#17 135.5   fonts/NotoSans-SemiBoldItalic-991a5a8997d29d4d3e94.woff2 (281 KiB)
#17 135.5   fonts/STIXTwoMath-Regular-dc21e83218f3a20e3563.woff2 (539 KiB)
#17 135.5   fonts/NotoSerif[wght]-0da1b61f4b5ef6579617.woff2 (279 KiB)
#17 135.5   fonts/NotoSerif-Italic[wght]-3aa9bb732412e4227b0f.woff2 (306 KiB)
#17 135.5   fonts/MaterialSymbolsRoundedSlice-45c06e76d556ef6c554f.woff2 (370 KiB)
#17 135.5   js/hunspell-01232f95be0f9038c86b.wasm (864 KiB)
#17 135.5   images/teaser-track-changes-a8525c218d21fb73affc.gif (762 KiB)
#17 135.5   images/teaser-track-changes-02be42eaf3016b9301cc.mp4 (623 KiB)
#17 135.5   js/pdfjs-dist/wasm/openjpeg.wasm (251 KiB)
#17 135.5   js/pdfjs-dist/wasm/openjpeg_nowasm_fallback.js (404 KiB)
#17 135.5   js/libs/mathjax-3.2.2/es5/ui/menu.js (403 KiB)
#17 135.5   js/libs/mathjax-3.2.2/es5/a11y/sre.js (316 KiB)
#17 135.5   js/libs/mathjax-3.2.2/es5/sre/mathmaps/ca.json (289 KiB)
#17 135.5   js/libs/mathjax-3.2.2/es5/sre/mathmaps/da.json (288 KiB)
#17 135.5   js/libs/mathjax-3.2.2/es5/sre/mathmaps/de.json (322 KiB)
#17 135.5   js/libs/mathjax-3.2.2/es5/sre/mathmaps/en.json (400 KiB)
#17 135.5   js/libs/mathjax-3.2.2/es5/sre/mathmaps/es.json (292 KiB)
#17 135.5   js/libs/mathjax-3.2.2/es5/sre/mathmaps/fr.json (315 KiB)
#17 135.5   js/libs/mathjax-3.2.2/es5/sre/mathmaps/hi.json (430 KiB)
#17 135.5   js/libs/mathjax-3.2.2/es5/sre/mathmaps/it.json (321 KiB)
#17 135.5   js/libs/mathjax-3.2.2/es5/sre/mathmaps/nb.json (300 KiB)
#17 135.5   js/libs/mathjax-3.2.2/es5/sre/mathmaps/nn.json (302 KiB)
#17 135.5   js/libs/mathjax-3.2.2/es5/sre/mathmaps/sv.json (310 KiB)
#17 135.5   js/libs/mathjax-3.2.2/es5/tex-svg-full.js (2.15 MiB)
#17 135.5   js/dictionaries/0.0.3/af_ZA.dic (1.16 MiB)
#17 135.5   js/dictionaries/0.0.3/ar.aff (838 KiB)
#17 135.5   js/dictionaries/0.0.3/ar.dic (2.88 MiB)
#17 135.5   js/dictionaries/0.0.3/be_BY.dic (1.67 MiB)
#17 135.5   js/dictionaries/0.0.3/bg_BG.dic (1.49 MiB)
#17 135.5   js/dictionaries/0.0.3/bn_BD.dic (2.48 MiB)
#17 135.5   js/dictionaries/0.0.3/br_FR.dic (5.37 MiB)
#17 135.5   js/dictionaries/0.0.3/bs_BA.dic (342 KiB)
#17 135.5   js/dictionaries/0.0.3/ca.dic (2.94 MiB)
#17 135.5   js/dictionaries/0.0.3/cs_CZ.dic (3.49 MiB)
#17 135.5   js/dictionaries/0.0.3/da_DK.dic (3.54 MiB)
#17 135.5   js/dictionaries/0.0.3/de_AT.dic (4.22 MiB)
#17 135.5   js/dictionaries/0.0.3/de_CH.dic (4.21 MiB)
#17 135.5   js/dictionaries/0.0.3/de_DE.dic (4.22 MiB)
#17 135.5   js/dictionaries/0.0.3/el_GR.dic (18.5 MiB)
#17 135.5   js/dictionaries/0.0.3/en_AU.dic (844 KiB)
#17 135.5   js/dictionaries/0.0.3/en_CA.dic (841 KiB)
#17 135.5   js/dictionaries/0.0.3/en_GB.dic (1.17 MiB)
#17 135.5   js/dictionaries/0.0.3/en_US.dic (840 KiB)
#17 135.5   js/dictionaries/0.0.3/en_ZA.dic (582 KiB)
#17 135.5   js/dictionaries/0.0.3/eo.dic (369 KiB)
#17 135.5   js/dictionaries/0.0.3/es_ES.dic (687 KiB)
#17 135.5   js/dictionaries/0.0.3/et_EE.dic (4.25 MiB)
#17 135.5   js/dictionaries/0.0.3/eu.aff (2.6 MiB)
#17 135.5   js/dictionaries/0.0.3/eu.dic (2.24 MiB)
#17 135.5   js/dictionaries/0.0.3/fa_IR.dic (6.72 MiB)
#17 135.5   js/dictionaries/0.0.3/fo.dic (4.87 MiB)
#17 135.5   js/dictionaries/0.0.3/fr.aff (285 KiB)
#17 135.5   js/dictionaries/0.0.3/fr.dic (2.47 MiB)
#17 135.5   js/dictionaries/0.0.3/ga_IE.dic (854 KiB)
#17 135.5   js/dictionaries/0.0.3/gd_GB.dic (4.58 MiB)
#17 135.5   js/dictionaries/0.0.3/gl_ES.aff (1.11 MiB)
#17 135.5   js/dictionaries/0.0.3/gl_ES.dic (7.94 MiB)
#17 135.5   js/dictionaries/0.0.3/gu_IN.dic (3.62 MiB)
#17 135.5   js/dictionaries/0.0.3/he_IL.dic (7.44 MiB)
#17 135.5   js/dictionaries/0.0.3/hi_IN.dic (297 KiB)
#17 135.5   js/dictionaries/0.0.3/hr_HR.dic (715 KiB)
#17 135.5   js/dictionaries/0.0.3/hu_HU.aff (2.15 MiB)
#17 135.5   js/dictionaries/0.0.3/hu_HU.dic (1.68 MiB)
#17 135.5   js/dictionaries/0.0.3/id_ID.dic (443 KiB)
#17 135.5   js/dictionaries/0.0.3/is_IS.aff (302 KiB)
#17 135.5   js/dictionaries/0.0.3/is_IS.dic (2.34 MiB)
#17 135.5   js/dictionaries/0.0.3/it_IT.dic (1.24 MiB)
#17 135.5   js/dictionaries/0.0.3/kk_KZ.dic (2.03 MiB)
#17 135.5   js/dictionaries/0.0.3/ko.aff (10.6 MiB)
#17 135.5   js/dictionaries/0.0.3/ko.dic (2.73 MiB)
#17 135.5   js/dictionaries/0.0.3/lo_LA.dic (656 KiB)
#17 135.5   js/dictionaries/0.0.3/lt_LT.dic (1.09 MiB)
#17 135.5   js/dictionaries/0.0.3/lv_LV.dic (1.76 MiB)
#17 135.5   js/dictionaries/0.0.3/ml_IN.dic (5.15 MiB)
#17 135.5   js/dictionaries/0.0.3/mn_MN.aff (450 KiB)
#17 135.5   js/dictionaries/0.0.3/mn_MN.dic (16.4 MiB)
#17 135.5   js/dictionaries/0.0.3/nb_NO.dic (5.1 MiB)
#17 135.5   js/dictionaries/0.0.3/ne_NP.dic (854 KiB)
#17 135.5   js/dictionaries/0.0.3/nl.dic (2.37 MiB)
#17 135.5   js/dictionaries/0.0.3/nn_NO.dic (3.18 MiB)
#17 135.5   js/dictionaries/0.0.3/oc_FR.dic (2.64 MiB)
#17 135.5   js/dictionaries/0.0.3/pl_PL.aff (264 KiB)
#17 135.5   js/dictionaries/0.0.3/pl_PL.dic (4.49 MiB)
#17 135.5   js/dictionaries/0.0.3/pt_BR.aff (957 KiB)
#17 135.5   js/dictionaries/0.0.3/pt_BR.dic (4.27 MiB)
#17 135.5   js/dictionaries/0.0.3/pt_PT.dic (1.41 MiB)
#17 135.5   js/dictionaries/0.0.3/ro_RO.dic (2.09 MiB)
#17 135.5   js/dictionaries/0.0.3/ru_RU.dic (3.31 MiB)
#17 135.5   js/dictionaries/0.0.3/si_LK.dic (831 KiB)
#17 135.5   js/dictionaries/0.0.3/sk_SK.dic (3.21 MiB)
#17 135.5   js/dictionaries/0.0.3/sl_SI.dic (2.94 MiB)
#17 135.5   js/dictionaries/0.0.3/sr_RS.aff (880 KiB)
#17 135.5   js/dictionaries/0.0.3/sr_RS.dic (5.61 MiB)
#17 135.5   js/dictionaries/0.0.3/sv_SE.dic (2.21 MiB)
#17 135.5   js/dictionaries/0.0.3/sw_TZ.dic (616 KiB)
#17 135.5   js/dictionaries/0.0.3/te_IN.dic (3.24 MiB)
#17 135.5   js/dictionaries/0.0.3/th_TH.dic (1.19 MiB)
#17 135.5   js/dictionaries/0.0.3/tr_TR.aff (2.18 MiB)
#17 135.5   js/dictionaries/0.0.3/tr_TR.dic (34.5 MiB)
#17 135.5   js/dictionaries/0.0.3/uk_UA.dic (8.1 MiB)
#17 135.5   js/dictionaries/0.0.3/uz_UZ.dic (2.14 MiB)
#17 135.5   stylesheets/main-style-ae0431e6ad3a12feadb5.css (583 KiB)
#17 135.5   stylesheets/main-ieee-style-85980f4ad3245af276de.css (584 KiB)
#17 135.5   stylesheets/main-light-style-cfbc53042dcb44de195a.css (584 KiB)
#17 135.5   stylesheets/main-style-bootstrap-5-68bc33b8a89cbd96096d.css (683 KiB)
#17 135.5   js/2924-39c6f3484e4ffe01462a.js (404 KiB)
#17 135.5   js/6443-2c9969aff124993fa58f.js (327 KiB)
#17 135.5   js/pdf-worker-3f4d9ac510c584064adc.js (981 KiB)
#17 135.5   js/3470-3dd602771d8b2ba97bf8.js (455 KiB)
#17 135.5   js/6597-80d3f97948fda782838c.js (378 KiB)
#17 135.5 
#17 135.5 WARNING in entrypoint size limit: The following entrypoint(s) combined asset size exceeds the recommended limit (244 KiB). This can impact web performance.
#17 135.5 Entrypoints:
#17 135.5   bootstrap-3 (303 KiB)
#17 135.5       js/runtime-9043c57bc9051ab6b5b8.js
#17 135.5       js/2370-c953818ac3735d927f2e.js
#17 135.5       js/6864-2b5942ee1b71db3c5c74.js
#17 135.5       js/4387-7b3e262ea3805b807be4.js
#17 135.5       js/5250-1c32d1e393cde621ac1d.js
#17 135.5       js/5635-cf398c85e74f09672694.js
#17 135.5       js/bootstrap-3-586a45de1e5fc831d2bc.js
#17 135.5   ide-detached (1.01 MiB)
#17 135.5       js/runtime-9043c57bc9051ab6b5b8.js
#17 135.5       js/2370-c953818ac3735d927f2e.js
#17 135.5       js/6864-2b5942ee1b71db3c5c74.js
#17 135.5       js/4387-7b3e262ea3805b807be4.js
#17 135.5       js/3470-3dd602771d8b2ba97bf8.js
#17 135.5       js/8732-c28adf7db7f78d7c5f93.js
#17 135.5       js/2212-59ad22accaa7df153ae9.js
#17 135.5       js/992-d624e270903eb62b60c6.js
#17 135.5       js/5250-1c32d1e393cde621ac1d.js
#17 135.5       js/121-ee3d6ea7aadfa6d511c9.js
#17 135.5       js/425-62d21819299e396200e1.js
#17 135.5       js/2490-dba02c6fd8a21901d817.js
#17 135.5       js/6298-5315d869ee558050eb0b.js
#17 135.5       js/6443-2c9969aff124993fa58f.js
#17 135.5       js/ide-detached-a416e3e9f187d0486e0c.js
#17 135.5   marketing (637 KiB)
#17 135.5       js/runtime-9043c57bc9051ab6b5b8.js
#17 135.5       js/2370-c953818ac3735d927f2e.js
#17 135.5       js/6864-2b5942ee1b71db3c5c74.js
#17 135.5       js/4387-7b3e262ea3805b807be4.js
#17 135.5       js/3470-3dd602771d8b2ba97bf8.js
#17 135.5       js/8732-c28adf7db7f78d7c5f93.js
#17 135.5       js/2212-59ad22accaa7df153ae9.js
#17 135.5       js/992-d624e270903eb62b60c6.js
#17 135.5       js/7219-d109a901b0c2339e002f.js
#17 135.5       js/2490-dba02c6fd8a21901d817.js
#17 135.5       js/8825-ce31d73d68b82a59aad1.js
#17 135.5       js/1795-2bec58dffdc73644ee52.js
#17 135.5       js/marketing-e83e43c2888c4d605534.js
#17 135.5   main-style (592 KiB)
#17 135.5       js/runtime-9043c57bc9051ab6b5b8.js
#17 135.5       stylesheets/main-style-ae0431e6ad3a12feadb5.css
#17 135.5       js/main-style-5c8886685de293a7be32.js
#17 135.5   main-ieee-style (593 KiB)
#17 135.5       js/runtime-9043c57bc9051ab6b5b8.js
#17 135.5       stylesheets/main-ieee-style-85980f4ad3245af276de.css
#17 135.5       js/main-ieee-style-5843e344e5c6a5834022.js
#17 135.5   main-light-style (593 KiB)
#17 135.5       js/runtime-9043c57bc9051ab6b5b8.js
#17 135.5       stylesheets/main-light-style-cfbc53042dcb44de195a.css
#17 135.5       js/main-light-style-da1d07a90f781421491e.js
#17 135.5   main-style-bootstrap-5 (691 KiB)
#17 135.5       js/runtime-9043c57bc9051ab6b5b8.js
#17 135.5       stylesheets/main-style-bootstrap-5-68bc33b8a89cbd96096d.css
#17 135.5       js/main-style-bootstrap-5-9cd8abdd9a45e7675199.js
#17 135.5   modules/launchpad/pages/launchpad (638 KiB)
#17 135.5       js/runtime-9043c57bc9051ab6b5b8.js
#17 135.5       js/2370-c953818ac3735d927f2e.js
#17 135.5       js/6864-2b5942ee1b71db3c5c74.js
#17 135.5       js/4387-7b3e262ea3805b807be4.js
#17 135.5       js/3470-3dd602771d8b2ba97bf8.js
#17 135.5       js/8732-c28adf7db7f78d7c5f93.js
#17 135.5       js/2212-59ad22accaa7df153ae9.js
#17 135.5       js/992-d624e270903eb62b60c6.js
#17 135.5       js/7219-d109a901b0c2339e002f.js
#17 135.5       js/2490-dba02c6fd8a21901d817.js
#17 135.5       js/8825-ce31d73d68b82a59aad1.js
#17 135.5       js/1795-2bec58dffdc73644ee52.js
#17 135.5       js/modules/launchpad/pages/launchpad-c9a59fddd86afaf7f822.js
#17 135.5   modules/user-activate/pages/user-activate-page (652 KiB)
#17 135.5       js/runtime-9043c57bc9051ab6b5b8.js
#17 135.5       js/2370-c953818ac3735d927f2e.js
#17 135.5       js/6864-2b5942ee1b71db3c5c74.js
#17 135.5       js/4387-7b3e262ea3805b807be4.js
#17 135.5       js/3470-3dd602771d8b2ba97bf8.js
#17 135.5       js/8732-c28adf7db7f78d7c5f93.js
#17 135.5       js/2212-59ad22accaa7df153ae9.js
#17 135.5       js/992-d624e270903eb62b60c6.js
#17 135.5       js/7219-d109a901b0c2339e002f.js
#17 135.5       js/6905-23fec1023555450d8410.js
#17 135.5       js/2490-dba02c6fd8a21901d817.js
#17 135.5       js/8825-ce31d73d68b82a59aad1.js
#17 135.5       js/1795-2bec58dffdc73644ee52.js
#17 135.5       js/modules/user-activate/pages/user-activate-page-2f2b14c0f2eb7b1fc492.js
#17 135.5   pages/compromised-password (639 KiB)
#17 135.5       js/runtime-9043c57bc9051ab6b5b8.js
#17 135.5       js/2370-c953818ac3735d927f2e.js
#17 135.5       js/6864-2b5942ee1b71db3c5c74.js
#17 135.5       js/4387-7b3e262ea3805b807be4.js
#17 135.5       js/3470-3dd602771d8b2ba97bf8.js
#17 135.5       js/8732-c28adf7db7f78d7c5f93.js
#17 135.5       js/2212-59ad22accaa7df153ae9.js
#17 135.5       js/992-d624e270903eb62b60c6.js
#17 135.5       js/7219-d109a901b0c2339e002f.js
#17 135.5       js/2490-dba02c6fd8a21901d817.js
#17 135.5       js/8825-ce31d73d68b82a59aad1.js
#17 135.5       js/1795-2bec58dffdc73644ee52.js
#17 135.5       js/pages/compromised-password-499daad357a24fa32ff1.js
#17 135.5   pages/ide (1.6 MiB)
#17 135.5       js/runtime-9043c57bc9051ab6b5b8.js
#17 135.5       js/2370-c953818ac3735d927f2e.js
#17 135.5       js/6864-2b5942ee1b71db3c5c74.js
#17 135.5       js/4387-7b3e262ea3805b807be4.js
#17 135.5       js/3470-3dd602771d8b2ba97bf8.js
#17 135.5       js/8732-c28adf7db7f78d7c5f93.js
#17 135.5       js/2212-59ad22accaa7df153ae9.js
#17 135.5       js/992-d624e270903eb62b60c6.js
#17 135.5       js/3305-de0f7533adcdcae3fc82.js
#17 135.5       js/5250-1c32d1e393cde621ac1d.js
#17 135.5       js/121-ee3d6ea7aadfa6d511c9.js
#17 135.5       js/8997-a45f31d9a7d4a618904f.js
#17 135.5       js/425-62d21819299e396200e1.js
#17 135.5       js/2924-39c6f3484e4ffe01462a.js
#17 135.5       js/2490-dba02c6fd8a21901d817.js
#17 135.5       js/6298-5315d869ee558050eb0b.js
#17 135.5       js/6443-2c9969aff124993fa58f.js
#17 135.5       js/pages/ide-bb872e18674e47dadd72.js
#17 135.5   pages/marketing/homepage (637 KiB)
#17 135.5       js/runtime-9043c57bc9051ab6b5b8.js
#17 135.5       js/2370-c953818ac3735d927f2e.js
#17 135.5       js/6864-2b5942ee1b71db3c5c74.js
#17 135.5       js/4387-7b3e262ea3805b807be4.js
#17 135.5       js/3470-3dd602771d8b2ba97bf8.js
#17 135.5       js/8732-c28adf7db7f78d7c5f93.js
#17 135.5       js/2212-59ad22accaa7df153ae9.js
#17 135.5       js/992-d624e270903eb62b60c6.js
#17 135.5       js/7219-d109a901b0c2339e002f.js
#17 135.5       js/2490-dba02c6fd8a21901d817.js
#17 135.5       js/8825-ce31d73d68b82a59aad1.js
#17 135.5       js/1795-2bec58dffdc73644ee52.js
#17 135.5       js/pages/marketing/homepage-f712c0cf402a59bdeba0.js
#17 135.5   pages/project-list (1.08 MiB)
#17 135.5       js/runtime-9043c57bc9051ab6b5b8.js
#17 135.5       js/2370-c953818ac3735d927f2e.js
#17 135.5       js/6864-2b5942ee1b71db3c5c74.js
#17 135.5       js/4387-7b3e262ea3805b807be4.js
#17 135.5       js/3470-3dd602771d8b2ba97bf8.js
#17 135.5       js/8732-c28adf7db7f78d7c5f93.js
#17 135.5       js/2212-59ad22accaa7df153ae9.js
#17 135.5       js/992-d624e270903eb62b60c6.js
#17 135.5       js/7219-d109a901b0c2339e002f.js
#17 135.5       js/3305-de0f7533adcdcae3fc82.js
#17 135.5       js/5250-1c32d1e393cde621ac1d.js
#17 135.5       js/121-ee3d6ea7aadfa6d511c9.js
#17 135.5       js/8997-a45f31d9a7d4a618904f.js
#17 135.5       js/7384-e0ca30944e15e23c5b70.js
#17 135.5       js/821-cd3134d8a7204f465f9d.js
#17 135.5       js/2490-dba02c6fd8a21901d817.js
#17 135.5       js/8825-ce31d73d68b82a59aad1.js
#17 135.5       js/1795-2bec58dffdc73644ee52.js
#17 135.5       js/6298-5315d869ee558050eb0b.js
#17 135.5       js/pages/project-list-06f3dc8022e8167c82d4.js
#17 135.5   pages/sharing-updates (629 KiB)
#17 135.5       js/runtime-9043c57bc9051ab6b5b8.js
#17 135.5       js/2370-c953818ac3735d927f2e.js
#17 135.5       js/6864-2b5942ee1b71db3c5c74.js
#17 135.5       js/4387-7b3e262ea3805b807be4.js
#17 135.5       js/3470-3dd602771d8b2ba97bf8.js
#17 135.5       js/8732-c28adf7db7f78d7c5f93.js
#17 135.5       js/2212-59ad22accaa7df153ae9.js
#17 135.5       js/7219-d109a901b0c2339e002f.js
#17 135.5       js/2490-dba02c6fd8a21901d817.js
#17 135.5       js/8825-ce31d73d68b82a59aad1.js
#17 135.5       js/pages/sharing-updates-f05b676423fa71e78f01.js
#17 135.5   pages/socket-diagnostics (669 KiB)
#17 135.5       js/runtime-9043c57bc9051ab6b5b8.js
#17 135.5       js/2370-c953818ac3735d927f2e.js
#17 135.5       js/6864-2b5942ee1b71db3c5c74.js
#17 135.5       js/4387-7b3e262ea3805b807be4.js
#17 135.5       js/3470-3dd602771d8b2ba97bf8.js
#17 135.5       js/8732-c28adf7db7f78d7c5f93.js
#17 135.5       js/2212-59ad22accaa7df153ae9.js
#17 135.5       js/992-d624e270903eb62b60c6.js
#17 135.5       js/7219-d109a901b0c2339e002f.js
#17 135.5       js/121-ee3d6ea7aadfa6d511c9.js
#17 135.5       js/2490-dba02c6fd8a21901d817.js
#17 135.5       js/8825-ce31d73d68b82a59aad1.js
#17 135.5       js/1795-2bec58dffdc73644ee52.js
#17 135.5       js/pages/socket-diagnostics-16b14257b2c07d2a8fc4.js
#17 135.5   pages/token-access (508 KiB)
#17 135.5       js/runtime-9043c57bc9051ab6b5b8.js
#17 135.5       js/2370-c953818ac3735d927f2e.js
#17 135.5       js/6864-2b5942ee1b71db3c5c74.js
#17 135.5       js/4387-7b3e262ea3805b807be4.js
#17 135.5       js/3470-3dd602771d8b2ba97bf8.js
#17 135.5       js/2490-dba02c6fd8a21901d817.js
#17 135.5       js/pages/token-access-d7f16c4a4e3281e6492c.js
#17 135.5   pages/user/add-secondary-email (663 KiB)
#17 135.5       js/runtime-9043c57bc9051ab6b5b8.js
#17 135.5       js/2370-c953818ac3735d927f2e.js
#17 135.5       js/6864-2b5942ee1b71db3c5c74.js
#17 135.5       js/4387-7b3e262ea3805b807be4.js
#17 135.5       js/3470-3dd602771d8b2ba97bf8.js
#17 135.5       js/8732-c28adf7db7f78d7c5f93.js
#17 135.5       js/2212-59ad22accaa7df153ae9.js
#17 135.5       js/992-d624e270903eb62b60c6.js
#17 135.5       js/7219-d109a901b0c2339e002f.js
#17 135.5       js/2289-0d0f25ad3b93d8d88e61.js
#17 135.5       js/2490-dba02c6fd8a21901d817.js
#17 135.5       js/8825-ce31d73d68b82a59aad1.js
#17 135.5       js/1795-2bec58dffdc73644ee52.js
#17 135.5       js/pages/user/add-secondary-email-f896d0d6fb99314c3702.js
#17 135.5   pages/user/confirm-secondary-email (652 KiB)
#17 135.5       js/runtime-9043c57bc9051ab6b5b8.js
#17 135.5       js/2370-c953818ac3735d927f2e.js
#17 135.5       js/6864-2b5942ee1b71db3c5c74.js
#17 135.5       js/4387-7b3e262ea3805b807be4.js
#17 135.5       js/3470-3dd602771d8b2ba97bf8.js
#17 135.5       js/8732-c28adf7db7f78d7c5f93.js
#17 135.5       js/2212-59ad22accaa7df153ae9.js
#17 135.5       js/992-d624e270903eb62b60c6.js
#17 135.5       js/7219-d109a901b0c2339e002f.js
#17 135.5       js/2490-dba02c6fd8a21901d817.js
#17 135.5       js/8825-ce31d73d68b82a59aad1.js
#17 135.5       js/1795-2bec58dffdc73644ee52.js
#17 135.5       js/9844-739604d6f7312c4eae50.js
#17 135.5       js/pages/user/confirm-secondary-email-7090f829e7d02b2bfafc.js
#17 135.5   pages/user/settings (885 KiB)
#17 135.5       js/runtime-9043c57bc9051ab6b5b8.js
#17 135.5       js/2370-c953818ac3735d927f2e.js
#17 135.5       js/6864-2b5942ee1b71db3c5c74.js
#17 135.5       js/4387-7b3e262ea3805b807be4.js
#17 135.5       js/3470-3dd602771d8b2ba97bf8.js
#17 135.5       js/8732-c28adf7db7f78d7c5f93.js
#17 135.5       js/2212-59ad22accaa7df153ae9.js
#17 135.5       js/992-d624e270903eb62b60c6.js
#17 135.5       js/7219-d109a901b0c2339e002f.js
#17 135.5       js/5250-1c32d1e393cde621ac1d.js
#17 135.5       js/121-ee3d6ea7aadfa6d511c9.js
#17 135.5       js/6769-2bc9576956f28b73b257.js
#17 135.5       js/8997-a45f31d9a7d4a618904f.js
#17 135.5       js/7384-e0ca30944e15e23c5b70.js
#17 135.5       js/2289-0d0f25ad3b93d8d88e61.js
#17 135.5       js/2490-dba02c6fd8a21901d817.js
#17 135.5       js/8825-ce31d73d68b82a59aad1.js
#17 135.5       js/1795-2bec58dffdc73644ee52.js
#17 135.5       js/9844-739604d6f7312c4eae50.js
#17 135.5       js/pages/user/settings-1bed8a291cfcf948a4d1.js
#17 135.5   pages/user/subscription/base (634 KiB)
#17 135.5       js/runtime-9043c57bc9051ab6b5b8.js
#17 135.5       js/2370-c953818ac3735d927f2e.js
#17 135.5       js/6864-2b5942ee1b71db3c5c74.js
#17 135.5       js/4387-7b3e262ea3805b807be4.js
#17 135.5       js/3470-3dd602771d8b2ba97bf8.js
#17 135.5       js/8732-c28adf7db7f78d7c5f93.js
#17 135.5       js/2212-59ad22accaa7df153ae9.js
#17 135.5       js/992-d624e270903eb62b60c6.js
#17 135.5       js/7219-d109a901b0c2339e002f.js
#17 135.5       js/2490-dba02c6fd8a21901d817.js
#17 135.5       js/8825-ce31d73d68b82a59aad1.js
#17 135.5       js/1795-2bec58dffdc73644ee52.js
#17 135.5       js/pages/user/subscription/base-0f9fd3729c034697e27b.js
#17 135.5   pages/user/subscription/canceled-subscription (639 KiB)
#17 135.5       js/runtime-9043c57bc9051ab6b5b8.js
#17 135.5       js/2370-c953818ac3735d927f2e.js
#17 135.5       js/6864-2b5942ee1b71db3c5c74.js
#17 135.5       js/4387-7b3e262ea3805b807be4.js
#17 135.5       js/3470-3dd602771d8b2ba97bf8.js
#17 135.5       js/8732-c28adf7db7f78d7c5f93.js
#17 135.5       js/2212-59ad22accaa7df153ae9.js
#17 135.5       js/992-d624e270903eb62b60c6.js
#17 135.5       js/7219-d109a901b0c2339e002f.js
#17 135.5       js/2490-dba02c6fd8a21901d817.js
#17 135.5       js/8825-ce31d73d68b82a59aad1.js
#17 135.5       js/1795-2bec58dffdc73644ee52.js
#17 135.5       js/pages/user/subscription/canceled-subscription-545bdd52fd7ea199a3c4.js
#17 135.5   pages/user/subscription/dashboard (825 KiB)
#17 135.5       js/runtime-9043c57bc9051ab6b5b8.js
#17 135.5       js/2370-c953818ac3735d927f2e.js
#17 135.5       js/6864-2b5942ee1b71db3c5c74.js
#17 135.5       js/4387-7b3e262ea3805b807be4.js
#17 135.5       js/3470-3dd602771d8b2ba97bf8.js
#17 135.5       js/8732-c28adf7db7f78d7c5f93.js
#17 135.5       js/2212-59ad22accaa7df153ae9.js
#17 135.5       js/992-d624e270903eb62b60c6.js
#17 135.5       js/7219-d109a901b0c2339e002f.js
#17 135.5       js/3305-de0f7533adcdcae3fc82.js
#17 135.5       js/121-ee3d6ea7aadfa6d511c9.js
#17 135.5       js/6769-2bc9576956f28b73b257.js
#17 135.5       js/8997-a45f31d9a7d4a618904f.js
#17 135.5       js/2490-dba02c6fd8a21901d817.js
#17 135.5       js/8825-ce31d73d68b82a59aad1.js
#17 135.5       js/1795-2bec58dffdc73644ee52.js
#17 135.5       js/6623-4a66a8645c0e5747c451.js
#17 135.5       js/pages/user/subscription/dashboard-4a0aeae0d32a9dd53f80.js
#17 135.5   pages/user/subscription/group-invites (639 KiB)
#17 135.5       js/runtime-9043c57bc9051ab6b5b8.js
#17 135.5       js/2370-c953818ac3735d927f2e.js
#17 135.5       js/6864-2b5942ee1b71db3c5c74.js
#17 135.5       js/4387-7b3e262ea3805b807be4.js
#17 135.5       js/3470-3dd602771d8b2ba97bf8.js
#17 135.5       js/8732-c28adf7db7f78d7c5f93.js
#17 135.5       js/2212-59ad22accaa7df153ae9.js
#17 135.5       js/992-d624e270903eb62b60c6.js
#17 135.5       js/7219-d109a901b0c2339e002f.js
#17 135.5       js/2490-dba02c6fd8a21901d817.js
#17 135.5       js/8825-ce31d73d68b82a59aad1.js
#17 135.5       js/1795-2bec58dffdc73644ee52.js
#17 135.5       js/pages/user/subscription/group-invites-53fd5bebddc98ebbc108.js
#17 135.5   pages/user/subscription/group-management/add-seats (843 KiB)
#17 135.5       js/runtime-9043c57bc9051ab6b5b8.js
#17 135.5       js/2370-c953818ac3735d927f2e.js
#17 135.5       js/6864-2b5942ee1b71db3c5c74.js
#17 135.5       js/4387-7b3e262ea3805b807be4.js
#17 135.5       js/3470-3dd602771d8b2ba97bf8.js
#17 135.5       js/8732-c28adf7db7f78d7c5f93.js
#17 135.5       js/2212-59ad22accaa7df153ae9.js
#17 135.5       js/992-d624e270903eb62b60c6.js
#17 135.5       js/7219-d109a901b0c2339e002f.js
#17 135.5       js/3305-de0f7533adcdcae3fc82.js
#17 135.5       js/5250-1c32d1e393cde621ac1d.js
#17 135.5       js/7384-e0ca30944e15e23c5b70.js
#17 135.5       js/3403-19a490a126f2a3f39080.js
#17 135.5       js/2490-dba02c6fd8a21901d817.js
#17 135.5       js/8825-ce31d73d68b82a59aad1.js
#17 135.5       js/1795-2bec58dffdc73644ee52.js
#17 135.5       js/pages/user/subscription/group-management/add-seats-da35aa3705460e1be1db.js
#17 135.5   pages/user/subscription/group-management/group-managers (795 KiB)
#17 135.5       js/runtime-9043c57bc9051ab6b5b8.js
#17 135.5       js/2370-c953818ac3735d927f2e.js
#17 135.5       js/6864-2b5942ee1b71db3c5c74.js
#17 135.5       js/4387-7b3e262ea3805b807be4.js
#17 135.5       js/3470-3dd602771d8b2ba97bf8.js
#17 135.5       js/8732-c28adf7db7f78d7c5f93.js
#17 135.5       js/2212-59ad22accaa7df153ae9.js
#17 135.5       js/992-d624e270903eb62b60c6.js
#17 135.5       js/7219-d109a901b0c2339e002f.js
#17 135.5       js/3305-de0f7533adcdcae3fc82.js
#17 135.5       js/5250-1c32d1e393cde621ac1d.js
#17 135.5       js/121-ee3d6ea7aadfa6d511c9.js
#17 135.5       js/887-9fa307d8682f9266d807.js
#17 135.5       js/2490-dba02c6fd8a21901d817.js
#17 135.5       js/8825-ce31d73d68b82a59aad1.js
#17 135.5       js/1795-2bec58dffdc73644ee52.js
#17 135.5       js/5839-05f82e1ce5164470af65.js
#17 135.5       js/pages/user/subscription/group-management/group-managers-59f6b6954867c915a1d5.js
#17 135.5   pages/user/subscription/group-management/group-members (820 KiB)
#17 135.5       js/runtime-9043c57bc9051ab6b5b8.js
#17 135.5       js/2370-c953818ac3735d927f2e.js
#17 135.5       js/6864-2b5942ee1b71db3c5c74.js
#17 135.5       js/4387-7b3e262ea3805b807be4.js
#17 135.5       js/3470-3dd602771d8b2ba97bf8.js
#17 135.5       js/8732-c28adf7db7f78d7c5f93.js
#17 135.5       js/2212-59ad22accaa7df153ae9.js
#17 135.5       js/992-d624e270903eb62b60c6.js
#17 135.5       js/7219-d109a901b0c2339e002f.js
#17 135.5       js/3305-de0f7533adcdcae3fc82.js
#17 135.5       js/5250-1c32d1e393cde621ac1d.js
#17 135.5       js/121-ee3d6ea7aadfa6d511c9.js
#17 135.5       js/8997-a45f31d9a7d4a618904f.js
#17 135.5       js/2490-dba02c6fd8a21901d817.js
#17 135.5       js/8825-ce31d73d68b82a59aad1.js
#17 135.5       js/1795-2bec58dffdc73644ee52.js
#17 135.5       js/pages/user/subscription/group-management/group-members-3609f312cd6579f1001e.js
#17 135.5   pages/user/subscription/group-management/institution-managers (795 KiB)
#17 135.5       js/runtime-9043c57bc9051ab6b5b8.js
#17 135.5       js/2370-c953818ac3735d927f2e.js
#17 135.5       js/6864-2b5942ee1b71db3c5c74.js
#17 135.5       js/4387-7b3e262ea3805b807be4.js
#17 135.5       js/3470-3dd602771d8b2ba97bf8.js
#17 135.5       js/8732-c28adf7db7f78d7c5f93.js
#17 135.5       js/2212-59ad22accaa7df153ae9.js
#17 135.5       js/992-d624e270903eb62b60c6.js
#17 135.5       js/7219-d109a901b0c2339e002f.js
#17 135.5       js/3305-de0f7533adcdcae3fc82.js
#17 135.5       js/5250-1c32d1e393cde621ac1d.js
#17 135.5       js/121-ee3d6ea7aadfa6d511c9.js
#17 135.5       js/887-9fa307d8682f9266d807.js
#17 135.5       js/2490-dba02c6fd8a21901d817.js
#17 135.5       js/8825-ce31d73d68b82a59aad1.js
#17 135.5       js/1795-2bec58dffdc73644ee52.js
#17 135.5       js/5839-05f82e1ce5164470af65.js
#17 135.5       js/pages/user/subscription/group-management/institution-managers-c903d3cbb384e68f013e.js
#17 135.5   pages/user/subscription/group-management/manually-collected-subscription (642 KiB)
#17 135.5       js/runtime-9043c57bc9051ab6b5b8.js
#17 135.5       js/2370-c953818ac3735d927f2e.js
#17 135.5       js/6864-2b5942ee1b71db3c5c74.js
#17 135.5       js/4387-7b3e262ea3805b807be4.js
#17 135.5       js/3470-3dd602771d8b2ba97bf8.js
#17 135.5       js/8732-c28adf7db7f78d7c5f93.js
#17 135.5       js/2212-59ad22accaa7df153ae9.js
#17 135.5       js/992-d624e270903eb62b60c6.js
#17 135.5       js/7219-d109a901b0c2339e002f.js
#17 135.5       js/2490-dba02c6fd8a21901d817.js
#17 135.5       js/8825-ce31d73d68b82a59aad1.js
#17 135.5       js/1795-2bec58dffdc73644ee52.js
#17 135.5       js/pages/user/subscription/group-management/manually-collected-subscription-d8c9abfb612a459e2d0f.js
#17 135.5   pages/user/subscription/group-management/missing-billing-information (641 KiB)
#17 135.5       js/runtime-9043c57bc9051ab6b5b8.js
#17 135.5       js/2370-c953818ac3735d927f2e.js
#17 135.5       js/6864-2b5942ee1b71db3c5c74.js
#17 135.5       js/4387-7b3e262ea3805b807be4.js
#17 135.5       js/3470-3dd602771d8b2ba97bf8.js
#17 135.5       js/8732-c28adf7db7f78d7c5f93.js
#17 135.5       js/2212-59ad22accaa7df153ae9.js
#17 135.5       js/992-d624e270903eb62b60c6.js
#17 135.5       js/7219-d109a901b0c2339e002f.js
#17 135.5       js/2490-dba02c6fd8a21901d817.js
#17 135.5       js/8825-ce31d73d68b82a59aad1.js
#17 135.5       js/1795-2bec58dffdc73644ee52.js
#17 135.5       js/pages/user/subscription/group-management/missing-billing-information-c1317995603f192c30fb.js
#17 135.5   pages/user/subscription/group-management/publisher-managers (795 KiB)
#17 135.5       js/runtime-9043c57bc9051ab6b5b8.js
#17 135.5       js/2370-c953818ac3735d927f2e.js
#17 135.5       js/6864-2b5942ee1b71db3c5c74.js
#17 135.5       js/4387-7b3e262ea3805b807be4.js
#17 135.5       js/3470-3dd602771d8b2ba97bf8.js
#17 135.5       js/8732-c28adf7db7f78d7c5f93.js
#17 135.5       js/2212-59ad22accaa7df153ae9.js
#17 135.5       js/992-d624e270903eb62b60c6.js
#17 135.5       js/7219-d109a901b0c2339e002f.js
#17 135.5       js/3305-de0f7533adcdcae3fc82.js
#17 135.5       js/5250-1c32d1e393cde621ac1d.js
#17 135.5       js/121-ee3d6ea7aadfa6d511c9.js
#17 135.5       js/887-9fa307d8682f9266d807.js
#17 135.5       js/2490-dba02c6fd8a21901d817.js
#17 135.5       js/8825-ce31d73d68b82a59aad1.js
#17 135.5       js/1795-2bec58dffdc73644ee52.js
#17 135.5       js/5839-05f82e1ce5164470af65.js
#17 135.5       js/pages/user/subscription/group-management/publisher-managers-31fac1d928483019bbac.js
#17 135.5   pages/user/subscription/group-management/subtotal-limit-exceeded (641 KiB)
#17 135.5       js/runtime-9043c57bc9051ab6b5b8.js
#17 135.5       js/2370-c953818ac3735d927f2e.js
#17 135.5       js/6864-2b5942ee1b71db3c5c74.js
#17 135.5       js/4387-7b3e262ea3805b807be4.js
#17 135.5       js/3470-3dd602771d8b2ba97bf8.js
#17 135.5       js/8732-c28adf7db7f78d7c5f93.js
#17 135.5       js/2212-59ad22accaa7df153ae9.js
#17 135.5       js/992-d624e270903eb62b60c6.js
#17 135.5       js/7219-d109a901b0c2339e002f.js
#17 135.5       js/2490-dba02c6fd8a21901d817.js
#17 135.5       js/8825-ce31d73d68b82a59aad1.js
#17 135.5       js/1795-2bec58dffdc73644ee52.js
#17 135.5       js/pages/user/subscription/group-management/subtotal-limit-exceeded-1311d4f385016ba488ed.js
#17 135.5   pages/user/subscription/group-management/upgrade-group-subscription (710 KiB)
#17 135.5       js/runtime-9043c57bc9051ab6b5b8.js
#17 135.5       js/2370-c953818ac3735d927f2e.js
#17 135.5       js/6864-2b5942ee1b71db3c5c74.js
#17 135.5       js/4387-7b3e262ea3805b807be4.js
#17 135.5       js/3470-3dd602771d8b2ba97bf8.js
#17 135.5       js/8732-c28adf7db7f78d7c5f93.js
#17 135.5       js/2212-59ad22accaa7df153ae9.js
#17 135.5       js/992-d624e270903eb62b60c6.js
#17 135.5       js/7219-d109a901b0c2339e002f.js
#17 135.5       js/3305-de0f7533adcdcae3fc82.js
#17 135.5       js/2490-dba02c6fd8a21901d817.js
#17 135.5       js/8825-ce31d73d68b82a59aad1.js
#17 135.5       js/1795-2bec58dffdc73644ee52.js
#17 135.5       js/pages/user/subscription/group-management/upgrade-group-subscription-f1907be3c5e262c2caca.js
#17 135.5   pages/user/subscription/invite-managed (634 KiB)
#17 135.5       js/runtime-9043c57bc9051ab6b5b8.js
#17 135.5       js/2370-c953818ac3735d927f2e.js
#17 135.5       js/6864-2b5942ee1b71db3c5c74.js
#17 135.5       js/4387-7b3e262ea3805b807be4.js
#17 135.5       js/3470-3dd602771d8b2ba97bf8.js
#17 135.5       js/8732-c28adf7db7f78d7c5f93.js
#17 135.5       js/2212-59ad22accaa7df153ae9.js
#17 135.5       js/992-d624e270903eb62b60c6.js
#17 135.5       js/7219-d109a901b0c2339e002f.js
#17 135.5       js/2490-dba02c6fd8a21901d817.js
#17 135.5       js/8825-ce31d73d68b82a59aad1.js
#17 135.5       js/1795-2bec58dffdc73644ee52.js
#17 135.5       js/pages/user/subscription/invite-managed-757e3d90ed9942f6deb2.js
#17 135.5   pages/user/subscription/invite (645 KiB)
#17 135.5       js/runtime-9043c57bc9051ab6b5b8.js
#17 135.5       js/2370-c953818ac3735d927f2e.js
#17 135.5       js/6864-2b5942ee1b71db3c5c74.js
#17 135.5       js/4387-7b3e262ea3805b807be4.js
#17 135.5       js/3470-3dd602771d8b2ba97bf8.js
#17 135.5       js/8732-c28adf7db7f78d7c5f93.js
#17 135.5       js/2212-59ad22accaa7df153ae9.js
#17 135.5       js/992-d624e270903eb62b60c6.js
#17 135.5       js/7219-d109a901b0c2339e002f.js
#17 135.5       js/2490-dba02c6fd8a21901d817.js
#17 135.5       js/8825-ce31d73d68b82a59aad1.js
#17 135.5       js/1795-2bec58dffdc73644ee52.js
#17 135.5       js/pages/user/subscription/invite-0b919e10b5c8b3580eca.js
#17 135.5   pages/user/subscription/preview-change (711 KiB)
#17 135.5       js/runtime-9043c57bc9051ab6b5b8.js
#17 135.5       js/2370-c953818ac3735d927f2e.js
#17 135.5       js/6864-2b5942ee1b71db3c5c74.js
#17 135.5       js/4387-7b3e262ea3805b807be4.js
#17 135.5       js/3470-3dd602771d8b2ba97bf8.js
#17 135.5       js/8732-c28adf7db7f78d7c5f93.js
#17 135.5       js/2212-59ad22accaa7df153ae9.js
#17 135.5       js/992-d624e270903eb62b60c6.js
#17 135.5       js/7219-d109a901b0c2339e002f.js
#17 135.5       js/3305-de0f7533adcdcae3fc82.js
#17 135.5       js/2490-dba02c6fd8a21901d817.js
#17 135.5       js/8825-ce31d73d68b82a59aad1.js
#17 135.5       js/1795-2bec58dffdc73644ee52.js
#17 135.5       js/pages/user/subscription/preview-change-3051b53822c093ef1ba6.js
#17 135.5   pages/user/subscription/successful-subscription (709 KiB)
#17 135.5       js/runtime-9043c57bc9051ab6b5b8.js
#17 135.5       js/2370-c953818ac3735d927f2e.js
#17 135.5       js/6864-2b5942ee1b71db3c5c74.js
#17 135.5       js/4387-7b3e262ea3805b807be4.js
#17 135.5       js/3470-3dd602771d8b2ba97bf8.js
#17 135.5       js/8732-c28adf7db7f78d7c5f93.js
#17 135.5       js/2212-59ad22accaa7df153ae9.js
#17 135.5       js/992-d624e270903eb62b60c6.js
#17 135.5       js/7219-d109a901b0c2339e002f.js
#17 135.5       js/3305-de0f7533adcdcae3fc82.js
#17 135.5       js/2490-dba02c6fd8a21901d817.js
#17 135.5       js/8825-ce31d73d68b82a59aad1.js
#17 135.5       js/1795-2bec58dffdc73644ee52.js
#17 135.5       js/6623-4a66a8645c0e5747c451.js
#17 135.5       js/pages/user/subscription/successful-subscription-130ca28f284478e28fc9.js
#17 135.5 
#17 135.5 22 warnings have detailed information that is not shown.
#17 135.5 Use 'stats.errorDetails: true' resp. '--stats-error-details' to show it.
#17 135.5 
#17 135.5 webpack 5.107.2 compiled with 24 warnings in 67108 ms
#17 135.8 + npm install --omit=dev
#17 142.5 
#17 142.5 > postinstall
#17 142.5 > patch-package
#17 142.5 
#17 142.7 patch-package 8.0.1
#17 142.7 Applying patches...
#17 142.7 No patch files found
#17 142.7 
#17 142.7 up to date in 7s
#17 142.7 
#17 142.7 163 packages are looking for funding
#17 142.7   run `npm fund` for details
#17 142.8 + wait 17
#17 142.8 + popd
#17 142.8 /overleaf
#17 142.8 /overleaf/services/real-time /overleaf
#17 142.8 real-time does not require a compilation
#17 142.8 /overleaf
#17 142.8 + pushd services/real-time
#17 142.8 + echo real-time does not require a compilation
#17 142.8 + popd
#17 142.8 /overleaf/services/document-updater /overleaf
#17 142.8 document-updater does not require a compilation
#17 142.8 /overleaf
#17 142.8 /overleaf/services/clsi /overleaf
#17 142.8 clsi does not require a compilation
#17 142.8 /overleaf
#17 142.8 /overleaf/services/filestore /overleaf
#17 142.8 + pushd services/document-updater
#17 142.8 + echo document-updater does not require a compilation
#17 142.8 + popd
#17 142.8 + pushd services/clsi
#17 142.8 + echo clsi does not require a compilation
#17 142.8 + popd
#17 142.8 + pushd services/filestore
#17 142.8 + echo filestore does not require a compilation
#17 142.8 filestore does not require a compilation
#17 142.8 /overleaf
#17 142.8 + popd
#17 142.8 + pushd services/docstore
#17 142.8 /overleaf/services/docstore /overleaf
#17 142.8 docstore does not require a compilation
#17 142.8 + echo docstore does not require a compilation
#17 142.8 + popd
#17 142.8 + pushd services/chat
#17 142.8 /overleaf
#17 142.8 /overleaf/services/chat /overleaf
#17 142.8 + echo chat does not require a compilation
#17 142.8 + popd
#17 142.8 + pushd services/contacts
#17 142.8 + echo contacts does not require a compilation
#17 142.8 chat does not require a compilation
#17 142.8 /overleaf
#17 142.8 /overleaf/services/contacts /overleaf
#17 142.8 contacts does not require a compilation
#17 142.8 + popd
#17 142.8 /overleaf
#17 142.8 + pushd services/notifications
#17 142.8 /overleaf/services/notifications /overleaf
#17 142.8 notifications does not require a compilation
#17 142.8 + echo notifications does not require a compilation
#17 142.8 + popd
#17 142.8 /overleaf
#17 142.8 + pushd services/project-history
#17 142.8 /overleaf/services/project-history /overleaf
#17 142.8 project-history does not require a compilation
#17 142.8 /overleaf
#17 142.8 + echo project-history does not require a compilation
#17 142.8 + popd
#17 142.8 + pushd services/history-v1
#17 142.8 + echo history-v1 does not require a compilation
#17 142.8 + popd
#17 142.8 /overleaf/services/history-v1 /overleaf
#17 142.8 history-v1 does not require a compilation
#17 142.8 /overleaf
#17 142.8 + rm -f /tmp/compile.sh
#17 DONE 143.3s

#18 [stage-0 14/38] ADD server-ce/runit /etc/service
#18 DONE 0.1s

#19 [stage-0 15/38] ADD server-ce/config/env.sh /etc/overleaf/env.sh
#19 DONE 0.0s

#20 [stage-0 16/38] ADD server-ce/nginx/nginx.conf.template /etc/nginx/templates/nginx.conf.template
#20 DONE 0.0s

#21 [stage-0 17/38] ADD server-ce/nginx/overleaf.conf /etc/nginx/sites-enabled/overleaf.conf
#21 DONE 0.0s

#22 [stage-0 18/38] ADD server-ce/nginx/clsi-nginx.conf /etc/nginx/sites-enabled/clsi-nginx.conf
#22 DONE 0.0s

#23 [stage-0 19/38] ADD server-ce/logrotate/overleaf /etc/logrotate.d/overleaf
#23 DONE 0.0s

#24 [stage-0 20/38] RUN chmod 644 /etc/logrotate.d/overleaf
#24 DONE 0.3s

#25 [stage-0 21/38] ADD server-ce/cron /overleaf/cron
#25 DONE 0.1s

#26 [stage-0 22/38] ADD server-ce/config/crontab-history /etc/cron.d/crontab-history
#26 DONE 0.0s

#27 [stage-0 23/38] RUN chmod 600 /etc/cron.d/crontab-history
#27 DONE 0.3s

#28 [stage-0 24/38] ADD server-ce/config/crontab-deletion /etc/cron.d/crontab-deletion
#28 DONE 0.1s

#29 [stage-0 25/38] RUN chmod 600 /etc/cron.d/crontab-deletion
#29 DONE 0.3s

#30 [stage-0 26/38] COPY server-ce/init_scripts/ /etc/my_init.d/
#30 DONE 0.1s

#31 [stage-0 27/38] COPY server-ce/init_preshutdown_scripts/ /etc/my_init.pre_shutdown.d/
#31 DONE 0.0s

#32 [stage-0 28/38] COPY server-ce/config/settings.js /etc/overleaf/settings.js
#32 DONE 0.0s

#33 [stage-0 29/38] COPY server-ce/config/production.json /overleaf/services/history-v1/config/production.json
#33 DONE 0.0s

#34 [stage-0 30/38] COPY server-ce/config/custom-environment-variables.json /overleaf/services/history-v1/config/custom-environment-variables.json
#34 DONE 0.0s

#35 [stage-0 31/38] ADD server-ce/bin/grunt /usr/local/bin/grunt
#35 DONE 0.0s

#36 [stage-0 32/38] RUN chmod +x /usr/local/bin/grunt
#36 DONE 0.3s

#37 [stage-0 33/38] ADD server-ce/bin/flush-history-queues /overleaf/bin/flush-history-queues
#37 DONE 0.1s

#38 [stage-0 34/38] RUN chmod +x /overleaf/bin/flush-history-queues
#38 DONE 0.4s

#39 [stage-0 35/38] ADD server-ce/bin/force-history-resyncs /overleaf/bin/force-history-resyncs
#39 DONE 0.1s

#40 [stage-0 36/38] RUN chmod +x /overleaf/bin/force-history-resyncs
#40 DONE 0.3s

#41 [stage-0 37/38] COPY server-ce/config/latexmkrc /usr/local/share/latexmk/LatexMk
#41 DONE 0.1s

#42 [stage-0 38/38] RUN touch /etc/overleaf/site_status
#42 DONE 0.3s

#43 exporting to image
#43 exporting layers
#43 exporting layers 27.0s done
#43 writing image sha256:610db40833cc058c7f1f921d2583d6e52d510425a07a1aa302c4afdd44c1e475 done
#43 naming to docker.io/fred1653/sharelatex:latest done
#43 DONE 27.1s
